url_length,hostname_length,path_length,num_dots,num_hyphens,num_at,num_underscore,num_percent,num_query_params,num_digits,digit_ratio,num_subdomains,has_ip,has_https,has_port,has_double_slash_redirect,is_shortened,suspicious_word_count,has_suspicious_tld,num_slashes_path,label
38,16,18,2,1,0,0,0,0,2,0.0504,0,0,1,0,0,0,2,1,1,0
14,2,27,5,4,0,0,1,0,1,0.0893,4,0,1,0,0,0,2,0,1,1
59,22,23,3,1,0,2,0,1,19,0.3199,2,0,0,0,1,0,3,1,1,1
89,26,8,4,2,0,1,0,2,13,0.1478,0,1,0,0,0,0,1,0,1,1
36,14,18,1,0,0,0,0,1,1,0.023,0,0,1,0,0,0,1,0,1,0
33,8,11,2,0,0,0,0,0,1,0.0314,0,0,1,0,0,0,0,0,0,0
22,7,12,1,0,0,0,0,0,1,0.027,0,0,1,0,0,0,0,0,3,0
39,11,12,2,3,0,0,0,1,2,0.0559,0,0,1,0,0,0,0,0,1,0
66,12,49,2,2,0,0,0,0,4,0.0576,1,1,0,0,1,0,1,1,5,1
71,43,38,2,2,0,1,1,0,19,0.265,0,0,0,0,0,0,3,0,0,1
95,30,38,4,0,0,1,0,1,2,0.0212,1,1,0,0,0,0,3,0,2,1
43,13,10,2,0,0,1,0,0,2,0.0483,0,0,1,0,0,0,0,0,0,0
54,25,10,3,0,0,0,0,0,9,0.1632,3,0,0,0,0,0,1,0,2,1
26,18,10,1,0,0,0,1,0,0,0.0,0,0,1,0,0,0,0,0,3,0
40,15,8,2,0,0,0,0,0,0,0.0,0,0,1,0,0,0,0,0,4,0
83,21,16,4,1,1,1,0,1,2,0.0221,1,0,0,0,0,0,5,0,0,1
40,10,8,3,0,0,0,0,0,1,0.0159,1,0,1,0,0,0,0,0,1,0
39,1,12,2,0,0,0,0,1,3,0.0819,1,0,1,0,0,0,0,0,0,0
37,6,12,1,1,0,0,0,0,1,0.015,0,0,1,0,0,0,0,0,0,0
18,21,15,2,0,0,0,0,0,1,0.0453,2,0,0,0,0,0,0,0,0,0
35,12,9,3,0,0,0,0,1,0,0.0,2,0,1,0,0,0,0,0,1,0
42,15,0,3,1,0,0,0,1,3,0.0598,1,0,1,0,0,0,0,0,0,0
24,24,15,3,0,0,0,0,0,0,0.0053,0,0,1,0,0,0,0,0,1,0
42,19,7,3,1,0,1,2,0,0,0.0,0,0,1,0,0,0,0,0,0,0
17,20,12,1,0,0,0,0,0,0,0.0083,1,0,1,0,0,1,1,0,1,0
84,26,31,1,3,0,1,1,1,11,0.1289,1,1,1,0,0,0,3,0,3,1
22,9,10,2,0,0,0,0,0,1,0.0307,0,0,1,0,0,0,1,1,2,0
31,20,20,1,0,0,2,0,0,2,0.0501,0,0,1,0,0,0,0,0,1,0
68,27,35,5,7,0,0,1,1,5,0.0765,2,0,0,0,1,0,2,0,2,1
111,34,26,5,2,0,0,1,1,16,0.1478,3,0,1,0,0,0,2,0,0,1
74,23,13,3,6,0,0,1,0,3,0.0347,0,1,1,0,0,0,3,0,2,1
38,13,0,2,0,0,0,0,0,0,0.0045,0,0,1,0,0,0,0,0,0,0
60,16,20,4,2,0,1,0,1,2,0.0252,2,0,0,0,0,0,3,0,1,1
93,28,17,4,0,0,0,0,0,15,0.1639,1,0,0,0,0,0,2,0,4,1
77,27,40,4,1,0,0,1,1,8,0.0994,1,0,0,1,0,0,5,1,5,1
59,18,23,4,2,0,0,0,0,6,0.1015,2,1,0,0,0,1,0,0,2,1
51,8,8,3,1,0,0,0,0,1,0.0255,0,0,1,0,0,0,0,0,2,0
81,35,6,0,6,0,0,1,0,0,0.0,0,0,1,1,0,1,3,0,2,1
77,44,37,1,1,0,0,0,2,15,0.1933,0,0,0,0,0,0,2,1,0,1
47,8,20,2,1,0,1,0,0,5,0.1087,1,0,1,0,0,0,1,1,0,1
94,18,19,1,1,0,2,0,1,20,0.2107,1,0,0,0,0,0,2,1,3,1
73,21,5,4,0,0,4,1,3,6,0.078,0,0,0,0,0,0,1,1,2,1
94,36,44,5,1,0,0,0,1,8,0.0807,1,0,0,0,0,0,2,0,2,1
82,24,10,7,4,0,3,1,1,9,0.1133,2,1,1,0,0,0,2,0,0,1
23,13,5,1,0,0,0,0,1,0,0.0,0,0,1,0,0,0,0,0,0,0
90,23,27,5,3,0,1,0,2,13,0.1473,2,0,1,0,0,1,2,1,2,1
89,21,33,3,0,0,0,1,2,21,0.2376,2,0,1,0,0,0,4,0,4,1
89,33,32,6,3,0,0,3,0,26,0.2896,1,0,0,0,0,1,1,1,2,1
69,23,14,3,4,0,1,0,3,0,0.0,1,0,0,0,1,1,0,0,1,1
83,32,0,4,3,0,1,1,1,13,0.1516,0,0,0,0,0,0,0,0,1,1
48,14,0,4,1,0,0,0,0,1,0.0307,0,0,1,0,0,0,0,0,0,0
72,23,25,3,4,0,0,0,1,2,0.0345,1,0,0,0,0,0,2,1,0,1
39,16,10,2,0,0,0,0,0,1,0.0272,1,1,1,0,0,1,0,0,1,0
27,6,8,1,0,0,0,0,0,0,0.0,0,0,1,0,0,0,0,0,1,0
56,27,30,2,2,0,2,0,4,12,0.2073,2,0,0,0,0,0,1,0,0,1
71,24,22,2,2,0,4,0,0,12,0.1622,2,1,0,0,0,0,3,1,1,1
96,25,15,3,1,1,1,0,2,20,0.2079,1,0,1,0,0,0,0,0,1,1
31,18,7,1,1,0,0,0,0,2,0.0716,1,0,1,0,0,0,0,0,0,0
56,12,10,2,1,0,0,0,0,1,0.0145,2,0,1,0,0,0,0,0,0,0
53,8,7,2,1,0,0,0,0,0,0.0,0,0,1,0,0,0,1,0,2,0
31,9,19,0,0,0,0,0,0,0,0.0,0,0,0,0,0,0,0,0,2,0
23,9,14,1,0,0,0,0,1,1,0.0508,1,0,1,0,0,0,0,0,2,0
43,21,18,1,0,0,0,0,0,3,0.0677,1,0,1,0,0,0,0,0,1,0
37,20,15,2,0,0,0,0,1,0,0.0,0,0,1,0,0,0,0,0,1,0
55,20,40,3,0,1,0,0,0,10,0.1761,2,0,0,0,0,0,1,0,3,1
49,38,17,2,3,0,1,1,2,3,0.0581,3,0,0,0,0,0,1,1,3,1
6,13,19,2,0,0,0,0,0,0,0.019,2,0,1,0,0,0,0,0,0,0
36,16,15,2,1,0,0,0,0,1,0.0276,0,0,1,0,0,0,0,0,2,0
41,29,9,2,0,0,0,1,0,0,0.0,0,0,1,0,0,0,1,0,1,0
97,7,48,4,1,0,1,0,1,6,0.0661,1,0,0,0,0,1,2,0,3,1
30,13,10,2,0,0,0,0,0,1,0.031,1,0,1,0,0,0,0,0,0,0
75,22,13,5,1,0,1,0,1,26,0.3428,0,0,1,0,0,0,1,1,1,1
30,15,9,2,1,0,0,0,0,1,0.0433,0,0,1,0,0,0,1,0,0,0
101,7,46,2,5,0,1,0,1,17,0.1685,2,0,0,1,0,0,1,1,1,1
22,15,0,2,0,0,0,0,0,0,0.0,0,0,1,0,0,0,0,0,1,0
91,23,27,1,0,0,1,0,3,19,0.206,0,0,1,0,0,0,2,0,5,1
83,24,15,5,1,0,1,0,1,14,0.1646,2,0,1,0,0,0,1,0,1,1
31,23,7,2,4,0,1,1,1,6,0.2043,5,0,0,0,0,0,3,0,7,1
57,16,0,2,1,0,0,0,0,2,0.0281,0,0,1,0,0,0,0,0,1,0
59,31,25,7,1,0,0,1,1,8,0.1427,0,0,1,0,0,0,1,0,2,1
70,18,28,4,4,0,0,0,2,16,0.2321,0,1,0,0,1,0,2,0,2,1
101,22,20,4,3,0,1,0,2,1,0.0145,2,0,0,0,0,1,2,0,4,1
70,19,26,5,1,1,0,1,1,9,0.1272,1,0,0,0,0,0,3,0,3,1
88,21,48,2,1,0,1,1,1,1,0.0128,2,0,0,0,0,0,1,1,2,1
19,21,17,3,1,0,1,0,0,1,0.0383,0,0,1,0,0,0,0,0,1,0
82,22,0,3,4,0,0,2,3,23,0.2825,2,1,1,0,1,0,2,1,4,1
46,13,24,1,0,0,0,0,0,1,0.0287,0,0,1,0,0,0,0,0,0,0
45,14,23,3,1,0,1,0,0,0,0.0103,1,0,1,0,0,0,0,0,0,0
35,20,0,2,0,0,0,0,0,0,0.0,1,0,1,0,0,0,0,0,1,0
74,38,34,2,1,0,1,1,0,0,0.0,4,0,0,0,0,0,2,1,2,1
15,9,28,6,2,0,0,1,1,3,0.2073,0,0,0,0,1,0,3,1,2,1
45,14,20,1,0,0,0,0,2,4,0.0975,0,0,1,0,0,0,0,0,1,0
35,25,20,2,3,0,0,1,1,6,0.1749,1,1,1,0,0,1,1,1,1,1
22,16,32,3,0,0,0,0,0,0,0.0,0,0,1,0,0,0,0,0,0,0
24,23,2,1,0,0,0,0,1,1,0.0596,0,0,1,0,0,0,0,0,1,0
53,24,32,1,2,0,1,0,0,5,0.098,4,0,1,0,0,0,4,1,2,1
87,20,43,3,2,0,0,0,0,1,0.0143,1,0,1,0,0,0,2,1,1,1
34,16,4,1,0,0,1,0,0,3,0.0762,1,0,1,0,0,0,0,0,0,0
84,14,34,1,4,0,0,0,1,21,0.2477,2,1,0,0,0,0,1,0,1,1
71,15,28,3,1,0,0,1,2,9,0.1309,0,0,0,0,0,1,1,1,2,1
34,36,30,2,5,0,1,0,1,6,0.1743,1,0,1,0,0,1,1,0,1,1
106,28,28,5,2,0,2,1,1,22,0.2092,1,1,0,0,0,0,1,0,3,1
21,15,15,2,0,0,0,0,0,1,0.0346,1,0,1,0,0,0,0,0,2,0
24,13,20,0,0,0,0,0,0,0,0.0,0,0,1,0,0,0,0,0,0,0
82,22,47,1,2,0,0,1,0,11,0.1377,5,0,0,0,0,0,0,0,0,1
28,9,11,3,2,0,1,0,0,0,0.0037,1,0,0,0,0,0,0,0,2,0
36,31,2,3,0,0,1,1,0,0,0.0002,1,1,1,0,0,0,0,0,0,0
17,13,0,1,0,0,0,0,1,1,0.0604,0,0,1,0,0,0,1,0,1,0
26,8,21,2,1,0,0,1,1,1,0.0572,0,0,1,0,0,0,0,1,2,0
43,15,19,1,1,0,0,0,1,0,0.0,0,0,1,0,0,0,0,0,1,0
66,14,36,3,3,0,1,2,0,7,0.0979,1,0,0,0,0,0,2,0,2,1
46,21,6,2,1,0,0,0,1,0,0.0,0,0,1,0,0,0,0,0,0,0
90,45,22,3,3,1,1,1,1,0,0.0,0,1,0,0,0,0,0,0,3,1
56,13,39,4,2,0,1,0,0,6,0.0998,1,0,1,0,1,0,2,1,1,1
24,23,11,2,0,0,0,0,0,1,0.034,2,0,1,0,0,0,1,1,0,0
30,14,16,2,0,0,0,0,0,2,0.068,1,0,1,0,0,0,0,0,2,0
38,4,15,6,2,0,0,2,1,4,0.1042,0,0,0,0,0,0,3,0,2,1
83,39,51,2,3,0,0,2,1,16,0.194,0,0,1,0,1,1,3,0,4,1
58,11,7,3,0,0,0,0,0,1,0.0209,0,0,1,0,1,1,0,0,3,0
26,22,2,1,1,0,0,0,1,1,0.0444,0,0,1,0,0,0,0,0,1,0
36,14,1,2,0,0,0,0,0,3,0.0805,0,0,1,0,1,0,0,0,0,0
65,12,47,6,3,0,1,0,3,10,0.1574,1,0,0,0,0,0,0,1,4,1
56,40,8,1,3,1,2,0,2,6,0.1116,0,0,1,0,0,0,2,0,3,1
32,11,9,2,0,0,0,0,0,1,0.0356,1,0,1,0,0,0,0,0,1,0
44,14,0,2,0,0,2,0,0,4,0.0808,0,0,1,0,0,0,1,0,3,0
45,23,11,3,1,0,0,0,0,3,0.0646,0,0,1,0,0,0,0,0,1,0
132,18,28,5,4,1,2,1,1,2,0.0135,2,0,0,0,1,1,2,1,3,1
77,30,37,4,1,0,2,0,2,7,0.0914,0,0,0,0,1,0,1,0,1,1
56,23,28,3,0,0,0,0,1,6,0.1058,0,0,0,0,0,0,1,1,0,1
60,27,14,4,2,0,0,0,1,6,0.1031,2,0,0,0,0,0,5,0,1,1
119,43,35,0,1,0,2,0,1,33,0.2754,0,0,0,0,1,0,1,0,3,1
38,14,8,2,0,0,0,0,1,1,0.0364,1,0,1,0,0,0,0,0,0,0
85,26,18,1,3,0,0,0,2,10,0.1157,1,1,1,0,0,0,0,1,2,1
30,18,0,1,1,0,0,1,0,1,0.0497,0,0,1,0,0,1,1,0,1,0
59,30,59,5,2,0,0,0,1,7,0.1108,1,0,1,0,0,1,2,1,3,1
29,18,13,3,2,0,0,0,0,0,0.0,0,0,1,0,0,0,0,0,1,0
30,0,12,2,0,0,0,0,0,1,0.0254,0,0,1,0,0,0,0,0,1,0
56,13,17,2,0,0,0,0,0,2,0.0384,1,0,1,0,0,0,1,0,2,0
37,12,9,3,1,0,0,1,0,2,0.0529,0,0,1,0,0,0,0,0,0,0
94,14,30,6,0,0,0,0,2,14,0.1512,1,0,1,0,1,1,5,0,4,1
37,17,13,1,1,0,1,0,1,2,0.05,0,0,0,0,0,0,0,0,2,0
11,17,3,2,0,0,0,0,0,0,0.0129,0,0,1,0,0,0,0,0,1,0
49,14,12,3,0,0,0,0,0,0,0.0062,0,0,1,0,0,0,0,0,2,0
44,11,6,2,1,0,0,0,0,0,0.0,2,0,1,0,0,1,0,0,1,0
77,43,12,0,2,1,0,0,2,5,0.064,0,0,1,0,0,1,0,0,2,1
48,21,0,2,0,0,0,1,0,0,0.0012,0,0,1,1,1,0,0,0,3,0
31,14,16,2,0,0,0,0,0,1,0.0307,1,0,1,0,0,0,0,0,0,0
64,14,22,1,0,0,1,1,2,6,0.0968,2,0,0,0,0,0,0,0,0,1
107,27,22,2,2,0,1,0,0,12,0.1106,1,0,1,0,0,0,1,0,2,1
38,10,11,1,0,0,0,0,0,1,0.0293,0,0,1,0,0,0,1,0,1,0
46,35,48,4,1,0,1,1,0,8,0.1722,0,0,1,0,0,0,1,1,1,1
37,11,5,2,0,0,1,0,1,2,0.0443,0,0,1,0,0,0,0,0,0,0
119,25,11,4,4,0,0,1,1,5,0.0416,1,0,1,0,0,0,3,0,1,1
27,10,14,2,1,0,0,0,0,0,0.0,0,0,1,0,0,0,0,0,2,0
93,38,35,1,4,0,0,0,1,4,0.0424,3,1,1,0,0,0,0,1,1,1
28,19,14,3,1,0,0,0,1,0,0.0,0,0,1,0,0,0,1,0,0,0
24,22,0,0,1,0,0,1,0,2,0.0677,0,0,1,0,0,0,0,0,1,0
14,8,15,2,0,0,0,0,1,1,0.0458,0,0,1,0,0,0,1,0,4,0
87,41,14,2,4,0,0,1,1,13,0.1536,5,0,0,0,0,1,2,1,0,1
98,13,36,3,2,0,2,1,1,10,0.1027,1,0,1,0,0,1,1,1,0,1
75,36,10,2,2,0,0,0,2,8,0.1096,2,1,0,0,0,0,0,0,3,1
33,22,40,3,1,0,1,0,0,6,0.1796,3,0,0,0,0,0,3,0,1,1
23,18,11,2,0,0,0,0,0,0,0.0,1,0,1,0,0,0,0,0,1,0
69,10,15,2,3,0,1,1,2,8,0.1209,3,0,1,0,0,0,2,1,3,1
48,31,34,4,4,0,1,0,2,5,0.0989,1,0,1,0,0,1,1,0,4,1
67,35,36,4,4,0,1,0,2,2,0.032,0,1,0,0,0,1,0,1,2,1
66,31,10,4,3,0,3,1,2,1,0.0183,2,1,0,0,0,1,0,0,2,1
92,29,13,6,3,0,0,0,1,11,0.117,3,1,1,0,0,0,1,0,3,1
58,22,22,3,3,0,0,1,0,6,0.1022,3,0,1,0,0,1,0,1,4,1
28,11,3,1,1,0,0,0,0,0,0.0,0,0,1,0,0,0,1,0,1,0
33,15,13,1,1,0,0,0,0,0,0.0085,3,0,1,0,0,0,0,0,1,0
0,15,4,1,0,0,0,0,0,0,0.027,0,0,1,0,0,0,0,0,1,0
29,9,21,4,1,0,0,1,0,1,0.0502,4,0,0,0,0,0,4,0,1,1
35,20,11,2,2,0,0,0,1,0,0.0,0,0,1,0,0,0,0,0,0,0
78,32,52,1,1,0,2,1,0,12,0.1476,2,0,1,0,0,0,3,1,5,1
27,18,8,2,0,0,0,0,1,1,0.0213,0,0,1,0,0,0,0,0,1,0
35,38,33,3,0,0,0,1,2,5,0.1391,2,0,0,0,0,1,5,0,4,1
80,22,46,2,2,1,0,0,1,2,0.0263,3,0,1,0,0,0,1,0,1,1
45,14,23,1,2,0,1,0,0,0,0.0,1,0,1,0,0,0,0,0,0,0
64,33,28,3,1,0,0,0,3,8,0.1308,0,0,0,0,0,1,1,0,0,1
12,30,45,4,1,0,0,0,0,1,0.0617,1,1,1,1,1,0,1,1,3,1
35,14,17,2,0,0,0,0,1,0,0.0072,0,0,1,0,0,0,1,0,0,0
10,21,46,3,3,0,1,1,2,0,0.0,4,1,1,0,0,1,1,1,1,1
59,24,11,2,4,0,0,1,0,12,0.2118,0,1,1,0,0,0,2,0,3,1
65,15,27,3,2,1,1,2,3,10,0.154,0,0,0,0,0,0,2,0,1,1
26,21,2,1,0,0,0,0,0,1,0.0306,2,0,0,0,0,0,1,0,3,0
10,20,25,2,1,0,0,0,0,0,0.0,1,0,0,0,0,0,1,0,0,1
45,30,29,3,1,0,0,0,2,3,0.0718,0,0,1,0,0,0,2,1,2,1
28,7,19,2,2,0,0,0,1,0,0.0089,0,0,1,0,0,0,0,0,2,0
28,13,7,1,0,0,0,0,0,1,0.0281,0,0,1,0,0,0,2,0,1,0
85,13,38,2,3,0,0,1,3,19,0.2258,0,0,1,0,0,1,1,0,2,1
75,37,32,3,2,0,0,0,1,14,0.1931,1,0,0,0,0,0,0,0,2,1
20,18,4,1,0,0,0,0,0,1,0.0265,1,0,1,0,0,0,0,0,0,0
36,10,5,1,0,0,0,0,0,0,0.0,0,0,1,0,0,0,0,0,2,0
99,16,45,4,4,0,0,0,1,9,0.0906,1,1,0,0,0,0,2,1,2,1
82,21,16,2,6,0,1,0,0,24,0.2958,1,1,1,0,0,0,3,0,0,1
56,27,50,5,5,0,0,0,0,1,0.0248,0,1,1,0,0,0,0,0,1,1
3,23,13,2,0,0,0,0,0,0,0.0055,0,0,1,0,0,0,0,0,0,0
66,24,34,3,3,0,0,1,3,13,0.2039,0,1,0,0,0,0,1,0,1,1
69,30,23,2,1,0,0,0,0,6,0.0888,1,1,0,0,0,0,3,0,1,1
30,19,0,1,0,0,0,0,0,1,0.0279,1,0,1,0,0,0,0,0,0,0
65,27,52,2,0,0,2,0,3,4,0.0638,3,0,0,0,0,0,1,0,2,1
23,6,9,2,1,0,0,0,0,0,0.0,0,0,1,0,0,0,0,0,2,0
41,14,6,2,1,0,0,0,0,0,0.0,0,0,1,0,0,0,0,0,2,0
42,17,19,1,0,0,0,0,0,0,0.0107,0,0,1,0,0,0,0,0,0,0
15,13,8,2,2,0,0,0,0,1,0.034,0,0,1,0,0,0,0,0,0,0
91,28,24,5,2,1,0,1,0,15,0.1706,3,0,0,0,0,0,4,1,3,1
30,18,3,2,0,0,1,0,0,1,0.0244,1,0,0,0,0,0,0,0,1,0
45,12,0,3,0,0,0,0,0,1,0.0154,0,0,1,0,0,0,0,0,3,0
48,15,2,2,0,0,0,0,0,0,0.0057,0,0,1,0,0,0,0,0,2,0
116,25,14,1,3,0,0,0,0,5,0.0391,3,0,0,0,0,0,1,0,1,1
22,8,25,2,0,0,0,0,0,0,0.0,1,1,1,0,0,0,0,0,2,0
90,26,31,5,1,0,1,1,1,8,0.0898,2,0,0,0,0,1,2,0,5,1
75,32,11,3,1,0,2,0,0,17,0.2309,3,1,1,0,1,0,2,1,2,1
46,9,5,2,0,0,0,0,0,2,0.0428,0,0,1,0,0,0,0,0,0,0
61,26,48,2,1,0,0,0,1,2,0.031,3,0,0,0,0,1,3,1,2,1
71,23,12,5,2,0,1,0,1,7,0.105,1,0,1,0,0,1,0,1,2,1
37,32,63,5,2,0,1,1,1,0,0.0,3,1,0,0,0,0,1,1,1,1
38,11,0,3,0,0,0,0,0,2,0.0662,0,0,1,0,0,0,1,0,0,0
81,16,34,4,7,0,2,0,0,12,0.1418,1,0,1,0,0,0,4,1,3,1
103,21,27,3,4,1,1,2,2,6,0.0542,0,0,0,0,0,0,1,1,1,1
28,13,3,2,0,0,0,0,1,1,0.042,1,0,1,0,0,0,0,1,0,0
58,24,15,5,2,0,0,0,1,8,0.1419,1,0,0,0,0,0,1,0,1,1
44,27,15,3,1,1,0,0,0,0,0.0,1,0,0,0,0,0,3,1,3,1
20,11,25,2,0,0,0,0,0,0,0.0,2,0,0,0,0,0,0,0,1,0
79,17,13,2,0,0,1,0,1,8,0.0964,1,0,0,0,1,0,2,1,0,1
30,19,7,3,1,0,0,0,1,3,0.0911,2,0,1,0,0,0,0,0,1,0
38,10,10,2,1,0,0,0,1,1,0.0274,0,0,1,0,0,0,0,0,1,0
83,27,34,2,4,0,0,0,0,8,0.1002,2,0,0,0,0,0,2,1,4,1
39,16,19,2,1,0,0,0,0,0,0.0,0,0,1,0,0,0,0,0,1,0
41,30,28,2,1,1,0,1,1,0,0.0,1,0,0,0,1,0,2,0,1,1
118,23,0,2,0,0,0,3,1,22,0.1892,1,0,1,0,0,0,2,0,0,1
79,29,24,2,0,0,0,0,1,5,0.0695,1,1,0,0,0,0,1,0,0,1
92,8,12,3,3,1,0,0,0,15,0.1684,1,0,1,0,1,0,2,0,2,1
26,19,14,2,1,0,0,0,0,1,0.0312,0,0,1,0,0,0,0,0,1,0
60,21,28,2,0,0,1,0,2,16,0.2691,0,1,1,0,0,0,1,0,2,1
30,10,53,3,4,0,0,0,0,0,0.0055,3,0,1,0,0,0,0,0,2,1
52,34,20,4,2,0,1,0,0,11,0.2141,2,0,0,0,0,0,1,1,2,1
44,26,34,3,1,0,1,1,1,7,0.1613,2,1,1,0,0,0,5,1,3,1
70,24,0,5,3,0,1,1,0,0,0.0,1,0,0,0,0,0,0,0,4,1
30,10,10,2,0,0,0,0,1,0,0.0122,0,0,1,0,0,0,0,0,1,0
19,24,9,2,1,0,0,0,2,0,0.0,2,0,1,0,0,0,0,1,1,0
27,13,5,2,0,0,0,0,0,0,0.0151,1,0,1,0,0,0,0,0,1,0
35,36,29,4,5,0,2,1,2,7,0.2056,0,0,1,0,0,0,1,1,1,1
25,8,18,2,0,0,0,0,0,1,0.0466,0,0,1,0,0,0,0,0,2,0
54,27,23,3,4,1,0,1,0,2,0.0365,0,0,0,0,0,0,4,0,1,1
76,29,13,0,4,0,0,0,2,21,0.2762,2,0,0,0,0,0,0,0,2,1
108,17,31,3,2,0,1,0,1,7,0.0617,2,0,0,0,0,1,5,0,2,1
54,30,21,3,3,0,1,0,1,0,0.0004,3,0,0,0,1,1,2,1,4,1
17,31,44,3,5,0,2,0,1,2,0.1367,2,0,1,0,0,0,1,1,2,1
54,18,10,3,3,0,1,1,2,9,0.1736,0,0,1,0,0,0,3,0,4,1
69,32,27,3,5,0,1,1,2,6,0.0842,0,0,0,0,0,0,2,0,1,1
29,10,22,2,0,0,0,0,0,3,0.0972,2,0,1,0,0,0,0,0,1,0
38,19,8,0,0,0,0,0,1,0,0.0123,1,0,1,0,0,0,0,0,0,0
137,10,59,1,5,1,0,0,0,16,0.1149,0,0,1,0,0,1,1,0,3,1
34,36,53,3,3,0,0,0,4,3,0.0901,2,0,1,0,0,1,0,0,1,1
42,22,6,2,0,0,0,0,0,3,0.072,0,0,1,0,0,0,0,0,3,0
18,9,16,2,0,0,0,0,0,0,0.0174,0,0,1,0,0,0,1,0,1,0
47,24,28,4,1,0,0,1,0,6,0.1309,2,1,0,0,0,0,2,1,6,1
33,12,6,2,0,0,0,0,3,0,0.0,0,0,1,0,0,0,0,0,0,0
53,16,37,1,2,0,0,0,0,10,0.1915,4,1,0,0,0,0,2,1,1,1
37,10,0,2,0,0,0,0,0,0,0.0029,0,0,1,0,0,0,0,0,1,0
16,14,4,2,0,0,0,0,0,1,0.0498,0,0,1,0,0,0,0,0,2,0
25,25,31,3,1,0,0,2,1,0,0.0,1,0,0,0,0,0,0,0,0,1
43,23,27,4,3,0,0,0,1,9,0.2147,2,0,0,0,0,0,3,0,2,1
35,19,18,2,0,0,0,0,1,2,0.0552,1,0,1,0,0,0,0,0,1,0
67,12,46,3,4,0,2,0,0,9,0.1329,1,0,1,1,0,0,2,0,3,1
53,17,8,1,0,0,0,0,0,2,0.0283,0,0,1,0,0,1,1,0,2,0
31,9,14,1,0,0,0,0,0,0,0.0094,1,0,1,0,0,0,0,0,1,0
108,23,25,3,5,0,2,1,0,20,0.1815,3,1,0,0,0,0,2,1,1,1
29,10,18,3,0,0,0,0,1,0,0.0025,0,0,1,0,0,0,0,0,1,0
80,22,26,4,1,0,0,1,2,18,0.23,1,0,1,0,0,0,1,0,3,1
74,33,31,6,1,0,0,1,2,10,0.1332,0,0,1,0,0,0,1,0,2,1
27,17,6,3,0,0,0,0,0,0,0.0,2,0,1,0,0,0,0,0,2,0
107,41,19,0,5,0,0,1,2,7,0.064,0,0,1,0,0,0,2,0,3,1
31,20,15,1,2,0,0,0,0,0,0.0,0,0,0,1,0,0,0,0,1,0
13,14,18,3,0,0,0,0,0,0,0.0075,1,0,1,0,0,0,0,0,1,0
35,13,9,2,0,0,0,0,3,1,0.0271,0,0,1,0,0,0,2,0,0,0
74,27,49,1,5,0,1,1,1,10,0.1344,1,0,1,0,0,0,1,0,0,1
41,15,4,2,0,0,0,0,1,1,0.015,0,0,1,0,0,0,1,0,2,0
119,25,27,4,4,0,0,0,2,11,0.0887,0,1,1,0,0,0,2,0,4,1
45,16,20,1,0,0,0,0,0,1,0.0135,0,0,1,0,0,0,1,0,1,0
21,14,19,2,0,0,0,0,0,1,0.0488,0,0,1,0,0,0,0,0,1,0
27,11,22,3,0,0,0,0,0,0,0.0,0,0,1,0,0,0,0,0,0,0
35,13,6,1,0,0,0,0,0,0,0.0,0,0,1,0,0,0,0,0,1,0
97,32,28,5,0,0,1,0,1,11,0.1134,1,0,1,0,0,1,2,1,2,1
77,42,24,5,3,0,1,0,1,7,0.0938,3,0,1,0,1,1,2,0,1,1
24,17,26,2,0,0,0,0,0,0,0.0114,2,0,0,0,0,0,0,0,1,0
0,18,3,1,0,0,0,0,1,0,0.0533,1,0,1,0,0,0,0,0,0,0
66,10,54,2,3,0,1,2,0,5,0.0782,2,0,1,0,0,0,3,1,1,1
77,27,18,6,7,0,1,0,0,12,0.159,1,0,1,0,0,0,1,0,6,1
40,14,9,2,0,0,0,0,0,2,0.0485,0,0,1,0,0,0,0,0,0,0
101,6,37,2,0,0,0,0,0,7,0.0693,1,0,1,1,0,0,0,1,3,1
77,22,9,4,2,0,1,0,0,8,0.1001,1,1,0,0,0,0,3,1,3,1
53,15,17,2,0,0,0,0,0,3,0.0603,1,0,1,0,0,0,0,0,0,0
67,11,33,2,2,0,0,0,1,9,0.1342,0,1,1,0,0,0,1,1,1,1
44,10,6,3,1,0,0,0,0,0,0.0028,0,0,0,0,0,0,0,0,0,0
19,17,1,2,0,0,0,0,1,2,0.084,0,0,1,0,0,0,0,0,0,0
82,21,33,2,2,0,0,1,2,7,0.0898,1,1,1,0,0,0,1,1,3,1
35,26,4,2,1,0,0,0,0,1,0.0324,0,0,1,0,0,0,0,0,1,0
28,10,13,2,0,0,0,0,0,1,0.0352,0,0,1,0,0,0,0,0,1,0
37,18,7,3,3,0,2,1,0,2,0.0603,1,0,0,0,0,0,1,1,0,1
66,18,11,3,2,0,0,0,1,5,0.0733,0,0,1,0,0,0,4,0,4,1
43,17,14,2,1,0,0,0,0,4,0.0975,0,0,1,0,0,0,0,0,1,0
62,14,42,5,2,0,1,0,1,0,0.0,1,0,0,0,0,0,1,0,4,1
63,10,21,3,5,0,1,0,0,11,0.1744,2,0,1,0,0,0,2,1,3,1
30,12,14,3,2,0,0,0,0,1,0.0329,2,0,1,0,0,0,0,0,1,0
39,15,2,2,0,0,0,0,0,1,0.0357,1,0,1,0,0,0,1,0,0,0
23,17,13,2,1,0,1,2,1,6,0.2683,1,0,0,0,0,0,2,1,3,1
48,25,40,0,2,0,0,0,0,6,0.1194,2,1,1,0,0,1,0,0,2,1
74,12,27,2,0,0,1,0,0,10,0.1349,3,0,1,0,0,0,3,0,0,1
97,10,31,3,2,1,1,2,1,11,0.1116,1,0,0,0,1,0,0,0,4,1
28,18,29,1,1,0,0,0,0,1,0.0453,0,0,1,0,0,0,0,0,3,0
85,13,16,4,1,0,0,1,4,2,0.0269,3,1,0,0,0,0,0,1,4,1
14,18,0,2,1,0,0,0,0,1,0.0518,0,0,1,0,0,0,1,0,0,0
32,12,9,2,0,0,1,0,0,0,0.01,0,0,1,0,0,0,0,0,0,0
94,18,25,3,1,0,0,0,3,4,0.0474,1,0,1,0,0,1,3,1,5,1
55,10,10,2,1,0,0,0,2,0,0.0003,0,0,1,0,1,0,0,0,0,0
75,22,64,3,6,0,2,1,0,15,0.1935,1,0,1,0,0,0,0,0,2,1
18,15,0,1,1,0,0,0,1,1,0.0389,0,0,1,0,0,0,0,0,2,0
30,5,9,1,1,0,0,0,2,0,0.0,1,0,1,0,0,1,0,0,0,0
110,26,6,4,4,1,0,0,2,4,0.0397,1,0,0,0,0,0,1,0,1,1
98,9,33,6,2,0,0,0,0,8,0.0817,0,0,0,0,0,0,1,1,0,1
83,16,47,3,1,0,1,0,1,0,0.0,1,0,1,1,0,0,0,1,1,1
24,13,11,1,1,0,0,0,0,0,0.0189,2,0,0,0,0,0,0,0,0,0
34,13,0,1,1,0,0,0,0,0,0.0,1,0,0,0,0,0,0,0,2,0
35,16,2,2,0,0,0,0,0,0,0.0,0,0,0,0,0,0,0,0,2,0
73,29,27,3,1,0,0,1,0,6,0.0757,1,0,1,0,0,0,2,0,3,1
17,16,23,3,1,0,0,0,0,0,0.0,2,0,1,0,0,0,0,0,1,0
29,15,8,3,0,0,0,0,0,1,0.0195,1,0,1,0,0,0,0,0,0,0
39,16,14,2,1,0,0,0,1,2,0.0543,0,0,1,0,0,0,0,0,0,0
58,19,22,1,1,0,0,0,1,1,0.0228,1,0,1,0,0,0,0,0,1,0
50,17,2,3,1,0,0,0,1,0,0.0056,1,0,1,0,0,0,0,0,0,0
12,24,4,3,1,0,0,0,1,1,0.0846,0,0,1,0,0,0,0,0,1,0
26,21,15,2,1,0,0,0,0,0,0.0,1,0,1,0,0,0,0,0,0,0
43,10,12,2,0,0,1,0,0,0,0.0024,0,0,1,0,0,0,0,0,2,0
102,32,4,4,2,0,1,2,0,23,0.2266,1,0,1,0,0,1,2,0,2,1
34,14,14,1,0,0,0,0,0,1,0.0352,0,0,1,0,0,0,0,0,1,0
26,19,10,3,0,0,0,0,0,1,0.0357,1,0,1,0,0,0,0,0,2,0
82,21,24,5,3,0,0,0,0,22,0.2643,2,1,0,0,0,0,3,1,0,1
18,16,10,2,0,0,1,0,1,0,0.0085,0,0,1,0,0,0,0,0,0,0
90,18,56,5,2,0,0,0,0,12,0.137,2,1,1,0,0,1,3,0,1,1
64,28,37,3,1,0,0,0,0,9,0.1471,0,0,0,0,0,0,0,1,1,1
29,19,8,3,0,0,0,0,1,1,0.0447,0,0,1,0,0,0,1,0,0,0
31,19,0,2,0,0,0,0,0,0,0.0,0,0,1,0,0,0,0,0,0,0
76,25,26,1,3,0,0,0,0,9,0.1231,1,0,1,0,0,0,2,0,5,1
56,16,25,1,1,1,0,1,0,3,0.0553,2,0,0,0,0,0,2,0,3,1
104,30,15,4,0,0,0,0,0,17,0.164,1,0,0,0,0,0,4,1,3,1
45,9,9,1,0,0,0,0,0,3,0.0553,0,0,1,0,0,0,0,0,2,0
67,27,16,5,1,0,1,2,0,15,0.2318,1,0,0,0,0,1,2,0,1,1
89,17,31,3,1,0,0,0,1,11,0.1267,0,0,1,0,0,1,3,1,4,1
28,20,44,6,5,0,1,0,2,7,0.2512,1,1,1,0,0,0,1,0,1,1
43,16,4,3,0,0,0,0,1,0,0.0,0,0,1,0,0,0,1,0,0,0
40,12,0,0,0,0,0,0,1,2,0.061,1,0,1,0,0,0,0,0,1,0
38,10,25,3,1,0,1,1,1,3,0.0901,1,0,0,0,0,0,0,0,5,1
34,29,40,5,4,0,0,1,0,3,0.092,1,0,1,0,0,0,1,0,2,1
50,23,20,3,1,0,1,1,1,6,0.118,2,0,0,0,0,0,1,0,3,1
48,25,15,3,1,0,0,0,1,8,0.1703,2,0,0,0,0,0,0,1,2,1
41,11,15,2,0,0,1,0,0,0,0.0,0,0,1,0,0,0,0,0,2,0
38,17,22,5,5,0,0,1,3,5,0.1442,1,0,1,0,0,0,1,0,3,1
30,22,9,2,0,0,0,0,0,0,0.0131,1,0,1,0,0,0,0,1,1,0
65,36,26,2,0,1,1,0,1,12,0.1879,3,1,0,0,0,0,0,0,1,1
102,24,24,3,3,1,0,0,0,10,0.0938,2,0,0,0,1,0,2,0,3,1
40,21,5,2,0,0,0,0,0,1,0.0155,0,0,0,0,0,0,0,0,3,0
59,29,23,3,6,1,1,1,0,3,0.0551,0,1,1,0,0,0,3,0,4,1
75,20,36,3,2,1,1,0,2,15,0.1935,0,0,0,0,0,0,1,0,5,1
39,15,13,1,0,0,0,0,1,1,0.0235,0,0,1,0,0,1,0,0,0,0
110,20,30,5,3,0,2,2,1,14,0.1311,0,1,0,0,0,0,2,0,0,1
55,9,0,2,0,0,0,0,0,0,0.004,0,0,0,0,0,0,2,0,0,0
33,17,14,0,0,0,0,0,1,0,0.0037,1,0,1,0,0,0,0,0,1,0
66,12,37,3,1,0,1,0,1,7,0.1088,3,1,1,0,0,0,2,0,4,1
30,20,21,1,0,0,1,0,0,0,0.0,1,0,1,0,0,0,0,0,0,0
34,19,0,2,0,0,0,0,1,0,0.0,0,0,1,0,0,0,1,0,1,0
120,36,24,5,6,0,0,1,1,28,0.2338,0,1,1,0,0,0,0,0,2,1
19,14,13,2,0,0,0,0,0,1,0.0381,0,0,0,0,0,0,1,0,1,0
93,24,0,5,0,0,0,1,1,13,0.1397,1,1,1,0,0,0,2,1,3,1
42,10,23,1,0,0,0,0,0,1,0.0294,0,0,1,0,0,0,0,0,0,0
39,20,9,3,0,0,0,0,0,1,0.0308,2,0,1,0,0,0,0,0,2,0
24,27,15,2,0,0,0,0,0,1,0.0504,1,0,1,0,0,0,1,0,1,0
29,15,12,1,0,0,0,0,1,1,0.0433,0,0,1,0,0,0,0,0,2,0
14,21,17,2,0,0,0,0,0,1,0.0458,0,0,1,0,0,0,0,1,0,0
36,19,5,1,1,0,0,0,1,1,0.0335,0,0,1,0,0,0,0,0,1,0
82,23,19,2,3,0,0,0,0,0,0.0,1,0,1,1,0,0,3,0,5,1
99,26,19,0,5,0,0,0,0,3,0.0304,2,0,0,0,0,1,0,1,3,1
69,21,26,4,2,0,1,0,3,3,0.0424,1,0,1,0,0,0,2,0,2,1
89,29,25,3,2,0,0,0,0,2,0.0239,1,0,0,0,0,1,2,0,0,1
33,17,7,2,2,0,0,0,0,2,0.0599,0,0,1,0,0,0,0,0,1,0
40,10,0,2,0,0,1,0,1,0,0.0,1,0,1,0,0,0,0,0,0,0
42,28,57,3,0,0,0,0,4,3,0.0768,0,0,0,0,0,1,4,0,3,1
101,25,31,2,1,0,0,0,0,4,0.044,2,0,0,0,0,0,1,0,1,1
75,36,16,5,4,0,0,1,4,16,0.2077,1,0,0,0,0,0,3,1,3,1
42,36,18,1,3,0,0,1,3,1,0.0207,1,0,0,0,0,0,2,1,5,1
52,15,29,3,1,0,0,0,1,6,0.124,2,0,1,0,0,0,2,1,1,1
46,16,1,2,0,0,0,0,0,0,0.0077,0,0,1,0,0,0,0,0,2,0
24,14,4,2,1,0,0,0,0,0,0.021,1,0,1,0,0,0,0,0,1,0
5,9,18,1,1,0,0,0,0,0,0.0268,0,0,0,0,0,0,0,0,0,0
107,18,36,3,5,0,0,0,2,12,0.1102,0,0,0,0,1,0,3,1,0,1
23,20,5,0,0,0,0,1,0,0,0.0,0,0,1,0,0,0,0,0,0,0
33,17,22,1,0,0,0,0,0,2,0.0595,1,0,1,0,0,0,0,0,0,0
107,17,21,5,0,0,0,0,1,11,0.0997,1,0,1,0,1,1,3,0,1,1
31,21,5,1,0,0,0,0,0,1,0.0413,0,0,1,0,0,0,1,0,0,0
24,14,19,3,0,0,0,0,0,0,0.0,1,0,1,0,0,0,0,0,0,0
53,27,12,1,0,0,0,0,1,0,0.0,1,0,1,0,0,0,0,0,2,0
42,13,21,0,1,0,0,0,1,1,0.0278,1,0,1,0,0,1,0,0,1,0
60,20,12,4,3,1,1,1,0,4,0.0664,1,0,0,0,1,1,0,0,1,1
37,10,8,2,0,0,0,0,2,2,0.0626,1,0,1,0,0,0,0,0,1,0
61,23,43,1,2,0,0,2,2,9,0.1396,4,0,0,0,0,1,2,0,0,1
28,11,37,1,3,0,1,1,1,3,0.1051,3,0,1,0,0,0,5,0,1,1
19,17,0,2,0,0,0,1,0,0,0.0,0,1,1,1,0,0,0,0,1,0
100,35,32,5,2,0,2,0,1,17,0.1674,2,0,0,0,0,0,0,0,3,1
43,21,5,1,0,0,1,0,0,3,0.0641,0,0,1,0,0,0,0,0,1,0
29,17,19,2,0,0,0,0,0,0,0.0,1,0,1,0,0,0,0,0,0,0
39,21,39,5,4,0,0,0,0,2,0.0587,1,0,1,0,0,0,1,1,2,1
4,13,11,1,0,0,0,0,0,0,0.0078,0,0,1,0,0,0,0,0,1,0
33,11,1,1,0,0,0,0,0,0,0.0014,1,0,1,0,0,0,0,0,3,0
77,26,28,1,2,0,3,0,0,7,0.0864,0,0,0,0,0,0,2,1,1,1
65,26,24,3,1,0,0,0,0,12,0.1871,0,0,0,0,0,0,3,1,3,1
75,10,28,2,1,0,1,1,2,8,0.1008,0,0,0,1,1,0,1,1,1,1
38,25,15,1,0,0,0,0,0,0,0.0024,0,0,1,0,0,0,0,0,0,0
30,15,0,3,1,0,0,0,0,2,0.0672,1,0,1,0,0,0,0,0,1,0
42,15,8,2,1,0,0,0,1,0,0.0028,0,0,1,0,0,0,0,0,1,0
37,17,19,2,0,0,1,0,1,2,0.0456,1,0,1,0,0,0,0,0,0,0
88,23,36,3,3,0,1,1,2,22,0.2549,0,1,1,0,0,0,1,1,1,1
24,22,24,0,1,0,0,0,4,4,0.1675,1,0,1,0,0,0,1,1,2,1
31,22,19,2,1,0,1,0,0,1,0.02,0,0,1,0,0,0,0,0,0,0
41,8,9,2,1,0,0,0,0,0,0.0,0,0,1,0,0,1,0,0,0,0
38,21,0,2,0,0,0,0,0,1,0.0197,0,0,1,0,0,0,0,0,0,0
25,21,17,2,0,0,0,0,0,1,0.0361,0,0,1,0,0,0,1,0,0,0
62,30,22,1,1,0,2,2,1,7,0.1081,1,1,1,0,0,0,2,1,2,1
3,20,39,5,0,0,0,0,0,0,0.0,0,0,0,0,0,0,1,0,2,1
31,19,17,3,1,0,0,1,0,1,0.0468,0,0,1,0,0,0,0,0,1,0
41,6,11,2,0,0,0,0,1,0,0.0,1,0,1,0,0,0,2,0,1,0
0,23,0,3,0,0,0,0,0,0,0.0,1,0,1,0,0,0,2,0,0,0
77,36,9,4,2,0,1,0,0,17,0.2206,1,1,0,0,0,0,2,0,3,1
28,19,3,1,0,0,0,0,0,1,0.0184,1,0,1,0,0,0,0,0,0,0
44,15,11,3,0,0,0,0,1,0,0.006,0,0,1,0,0,0,0,0,0,0
99,22,32,1,2,0,1,0,2,21,0.2131,2,1,0,0,1,0,3,0,1,1
96,19,34,3,1,0,1,0,0,20,0.2123,1,0,1,0,0,0,4,1,2,1
16,12,14,3,2,0,1,0,0,1,0.0529,0,0,1,0,0,0,0,0,1,0
28,20,4,2,1,0,0,0,0,0,0.0152,0,0,1,0,0,0,0,0,0,0
120,12,19,1,3,0,1,0,2,20,0.1681,0,0,0,0,0,0,3,0,1,1
96,17,29,4,4,0,1,0,3,16,0.1649,2,0,0,0,0,0,2,0,0,1
7,19,14,2,0,0,0,0,0,0,0.0338,1,0,1,0,0,0,0,0,0,0
36,20,12,0,0,0,0,0,0,0,0.0,2,0,1,0,0,0,0,0,5,0
81,22,23,3,1,0,0,2,1,23,0.28,0,0,1,0,0,0,1,1,3,1
42,17,0,3,0,0,1,0,0,0,0.0016,0,0,1,0,0,0,1,0,0,0
51,24,41,3,2,0,0,0,2,6,0.1111,1,0,0,0,0,0,1,1,4,1
74,27,31,2,1,0,0,0,0,6,0.0789,1,0,1,0,0,0,6,1,1,1
59,40,43,5,0,0,1,1,0,6,0.1031,1,0,1,0,0,1,6,1,4,1
46,12,13,2,0,0,0,0,0,0,0.0,1,0,1,0,0,0,0,0,1,0
77,23,36,3,1,0,0,0,0,6,0.0819,1,0,1,0,1,0,3,1,3,1
25,14,16,1,2,0,1,0,0,0,0.0,0,0,1,0,0,0,0,0,0,0
53,17,5,3,0,0,0,0,0,0,0.004,0,0,1,0,0,0,0,0,0,0
33,9,17,2,0,0,0,0,0,0,0.0,0,0,1,0,0,0,0,0,2,0
37,18,27,1,0,0,0,0,0,0,0.0076,0,0,1,0,0,0,0,0,0,0
56,26,43,2,3,0,1,1,1,14,0.2534,2,0,1,0,0,0,2,0,3,1
66,19,18,3,1,0,0,0,0,6,0.0977,1,0,1,0,0,0,7,0,2,1
37,14,12,1,1,0,0,0,0,0,0.0,0,0,1,0,0,0,0,0,0,0
70,18,23,3,3,0,0,0,1,15,0.2151,0,0,0,0,0,0,1,0,5,1
43,36,14,3,1,0,0,1,1,7,0.1559,2,1,0,0,0,0,1,0,0,1
9,12,27,4,2,0,1,0,0,2,0.2517,0,0,1,0,1,0,0,0,1,1
31,18,6,1,1,0,1,0,0,1,0.0321,0,0,1,0,0,0,0,0,0,0
57,20,13,3,3,1,1,2,1,4,0.0787,3,0,1,0,0,0,1,0,2,1
21,25,27,1,0,0,0,0,1,0,0.0026,0,0,1,0,0,0,0,1,0,0
53,33,40,1,2,0,0,3,0,6,0.1172,0,0,0,0,0,0,1,1,0,1
44,27,15,1,1,0,0,0,0,0,0.0058,0,0,1,0,0,0,1,0,0,0
42,9,5,0,2,0,2,1,2,12,0.2803,4,0,1,0,0,0,2,0,2,1
0,10,41,5,3,0,1,0,2,0,0.215,1,1,1,0,1,0,2,0,2,1
80,18,26,3,2,0,1,0,0,3,0.0426,0,0,0,0,0,0,1,1,4,1
11,10,13,2,1,0,0,0,0,0,0.0159,0,0,1,0,0,0,0,0,0,0
69,16,21,2,1,1,1,0,1,5,0.0788,2,1,1,0,1,0,0,1,1,1
33,16,0,0,0,0,0,0,0,1,0.0413,0,0,1,0,0,0,1,0,2,0
29,20,12,1,0,0,0,0,0,3,0.0986,1,0,1,0,0,0,0,0,2,0
19,11,18,1,0,0,1,0,0,0,0.022,1,0,1,0,0,0,0,0,0,0
37,23,9,3,0,0,0,0,0,1,0.0366,1,0,1,0,0,0,0,0,0,0
32,13,21,2,0,0,0,0,0,1,0.0298,1,0,1,0,0,0,0,0,0,0
24,11,3,2,0,0,0,0,0,0,0.0,0,0,1,0,0,0,0,1,1,0
12,19,11,3,0,0,0,0,0,0,0.0156,0,0,1,0,0,0,1,0,1,0
25,20,7,2,0,0,0,0,0,1,0.024,0,0,1,0,0,0,0,0,2,0
27,4,15,1,0,0,0,0,0,0,0.0019,1,0,1,0,0,0,0,0,2,0
55,25,28,5,3,0,1,0,2,3,0.0538,4,0,0,0,0,0,1,0,3,1
71,18,29,3,1,0,0,1,4,10,0.1399,0,1,1,0,1,0,2,0,1,1
27,28,46,4,3,0,0,0,0,6,0.2222,2,0,1,0,1,0,4,1,1,1
23,13,0,1,0,0,0,0,2,0,0.0,0,0,1,0,0,1,0,0,0,0
94,25,32,3,2,0,2,0,1,5,0.0578,4,0,1,0,0,0,3,0,0,1
63,19,32,3,1,1,0,1,1,14,0.2203,6,0,0,0,1,0,1,0,0,1
47,31,36,5,1,0,0,0,0,0,0.0,3,1,1,0,0,0,2,0,4,1
49,15,2,4,0,0,0,1,0,2,0.0429,0,0,0,0,0,0,3,0,1,1
73,15,23,5,0,0,0,1,1,9,0.1256,1,0,1,0,0,0,2,0,0,1
32,8,10,2,0,0,0,0,2,2,0.0709,0,0,1,0,0,0,1,0,0,0
39,8,27,6,6,0,1,0,0,1,0.0186,2,0,1,0,0,0,5,0,7,1
49,17,8,3,3,0,0,4,2,0,0.0,2,0,0,0,0,0,0,0,2,1
54,22,52,3,1,0,0,1,1,4,0.0802,1,0,1,0,0,0,2,1,3,1
11,9,3,3,0,0,0,0,0,0,0.0,0,0,1,0,0,0,1,0,0,0
35,18,18,2,0,0,0,0,0,0,0.0,0,0,1,0,0,0,0,1,0,0
51,16,11,2,1,0,1,0,0,0,0.0,0,0,1,0,0,0,0,0,0,0
49,14,18,3,0,0,1,0,0,0,0.0,1,0,0,0,0,0,0,0,1,0
118,29,33,2,2,0,0,0,2,8,0.0698,1,0,1,0,1,1,2,0,1,1
31,13,14,2,1,0,0,0,0,0,0.0077,0,0,1,0,0,0,0,0,1,0
64,19,17,1,0,0,0,1,0,4,0.0578,2,0,1,0,0,0,0,0,4,1
30,10,15,1,1,0,0,0,1,0,0.0,0,0,1,0,0,0,0,0,0,0
18,13,0,1,1,0,0,0,0,0,0.0053,0,0,1,0,0,0,0,0,2,0
21,19,7,2,1,0,0,0,0,0,0.0059,0,0,1,0,0,0,0,0,1,0
42,13,27,2,0,0,0,0,0,0,0.0,1,0,1,0,1,0,1,0,0,0
44,15,7,1,1,0,0,0,0,1,0.0168,0,0,1,0,0,0,0,0,0,0
34,6,0,3,0,0,0,0,0,1,0.0187,1,0,1,0,0,0,0,0,1,0
18,14,27,1,2,0,0,0,0,1,0.0719,0,0,1,0,0,0,0,0,3,0
56,25,45,4,0,1,0,2,1,3,0.0593,3,0,1,0,0,0,0,1,2,1
44,40,0,3,3,0,2,2,3,0,0.0,2,0,0,0,0,0,2,0,3,1
18,14,2,1,1,0,1,0,1,0,0.0267,0,0,1,0,0,0,0,0,0,0
66,18,20,1,1,1,0,0,2,1,0.0158,2,0,0,0,0,1,3,0,3,1
69,26,41,4,3,0,1,0,0,9,0.1255,0,0,0,0,0,0,2,0,3,1
43,24,31,3,0,1,0,0,0,3,0.0679,2,1,0,0,0,0,2,0,0,1
88,33,13,7,1,0,1,1,1,19,0.2196,1,0,1,0,0,0,1,0,4,1
37,40,44,2,2,0,2,1,2,7,0.1772,2,0,1,0,0,0,1,1,3,1
16,16,13,3,1,0,0,0,0,1,0.0351,0,0,1,0,0,0,0,0,0,0
38,18,13,1,0,0,0,0,0,1,0.0162,0,0,1,0,0,0,0,0,0,0
16,19,8,2,0,0,0,0,2,0,0.0,1,0,1,0,0,0,0,0,1,0
47,13,14,3,0,0,0,0,0,2,0.0359,0,0,1,0,0,0,0,0,0,0
30,14,7,2,0,0,0,0,2,0,0.0,0,0,1,0,0,0,0,0,0,0
66,1,27,3,6,0,0,1,0,9,0.1323,0,0,0,0,0,0,4,0,1,1
16,12,25,2,2,0,1,0,2,2,0.1045,1,0,0,0,0,0,3,0,8,1
28,19,3,2,0,0,0,0,0,1,0.0454,0,0,1,0,0,0,0,1,3,0
42,9,11,2,0,0,0,0,0,3,0.0656,1,0,1,0,0,0,0,0,1,0
46,22,9,1,2,0,0,0,1,0,0.005,0,0,0,0,0,0,1,0,0,0
55,16,9,6,5,0,2,0,2,7,0.1201,0,0,0,1,0,0,1,1,3,1
45,15,8,1,0,0,0,0,0,2,0.0396,0,0,1,0,0,0,0,0,1,0
49,16,48,3,3,0,0,2,2,5,0.1092,0,0,0,0,0,0,3,1,0,1
50,14,8,1,0,0,0,0,0,0,0.0,1,0,1,0,0,0,0,0,1,0
79,24,37,3,2,0,0,0,1,11,0.1358,1,0,1,0,0,0,2,0,3,1
27,17,6,1,1,0,1,0,0,1,0.0456,0,0,1,0,0,0,0,0,0,0
31,7,27,3,3,0,0,1,1,5,0.1729,2,0,0,0,0,0,0,0,1,1
88,40,20,3,4,0,1,0,1,18,0.2087,2,0,1,0,0,0,1,0,2,1
66,27,19,2,1,0,0,1,3,7,0.106,0,0,1,0,1,0,1,0,2,1
34,8,1,2,0,0,0,0,0,1,0.0268,0,0,1,0,0,0,0,0,0,0
32,3,14,1,0,0,0,0,1,3,0.0825,0,0,1,0,0,0,0,0,0,0
96,31,36,5,3,0,1,1,0,15,0.1583,1,0,0,0,0,0,1,1,7,1
38,26,15,1,0,0,0,0,0,2,0.0459,1,0,0,0,1,0,0,0,1,0
0,23,12,2,0,0,0,0,0,0,0.037,0,0,1,0,0,0,0,0,0,0
32,21,2,2,0,0,0,0,0,0,0.0,0,0,1,0,0,0,0,0,0,0
66,8,9,4,2,0,0,1,0,3,0.0495,0,0,1,0,0,0,4,1,5,1
75,21,22,3,2,0,0,1,3,13,0.1738,1,0,0,0,0,1,0,1,2,1
42,6,13,1,0,0,0,0,0,0,0.0,0,0,1,0,0,0,0,0,0,0
21,20,3,2,1,0,0,0,0,2,0.0738,0,0,1,0,0,0,0,0,1,0
49,45,36,3,5,0,0,0,2,14,0.2775,1,0,1,0,0,0,1,0,0,1
65,37,35,3,2,0,0,0,0,2,0.0257,1,1,1,0,1,0,4,0,2,1
43,18,0,2,0,0,0,1,0,0,0.0,1,0,1,0,0,0,1,0,0,0
24,12,7,2,0,0,0,0,0,1,0.0245,1,0,1,0,0,0,0,0,1,0
115,32,22,5,1,1,1,0,2,12,0.1067,0,0,0,0,1,0,3,1,0,1
90,38,73,4,4,0,0,0,0,5,0.0583,2,0,1,0,0,0,2,1,5,1
50,22,26,1,2,0,0,1,0,3,0.0647,1,0,0,0,0,1,0,1,3,1
33,8,0,1,0,0,1,0,0,0,0.0,0,0,0,0,0,0,0,0,0,0
30,11,6,1,2,0,0,0,0,0,0.0011,0,0,1,0,0,0,0,0,0,0
70,32,46,4,1,0,1,0,2,14,0.1979,2,0,1,0,0,1,4,0,2,1
16,28,11,3,0,0,0,0,1,0,0.0179,0,0,0,0,0,0,0,0,0,0
26,24,14,3,0,0,0,0,1,2,0.0616,0,0,1,0,0,0,0,0,0,0
87,18,41,6,3,0,0,0,1,21,0.2452,0,0,1,0,0,0,2,0,2,1
72,19,32,3,2,0,1,1,2,12,0.1718,1,1,1,0,0,1,0,1,0,1
86,18,26,6,0,0,2,1,1,5,0.0538,0,0,0,0,0,0,1,0,1,1
32,16,4,1,0,0,0,0,0,1,0.0175,0,0,1,0,0,0,0,0,3,0
83,30,15,1,3,0,2,0,1,11,0.1279,2,0,1,0,0,0,1,0,2,1
29,18,20,2,0,0,0,0,0,0,0.0,0,0,0,0,1,0,0,0,1,0
7,24,18,1,0,0,0,0,1,0,0.058,0,0,1,0,0,0,0,0,0,0
70,14,13,2,3,0,1,0,2,4,0.0568,0,0,1,0,0,0,2,1,3,1
44,15,7,2,0,0,0,0,1,1,0.0338,0,0,1,0,0,0,0,0,2,0
34,15,15,2,0,0,0,0,0,1,0.0359,0,0,1,0,1,0,1,0,0,0
51,5,0,1,1,0,0,0,0,2,0.043,1,0,1,0,0,0,0,0,1,0
29,11,1,2,0,0,0,0,2,1,0.034,0,0,1,0,0,0,0,0,1,0
68,20,8,4,1,0,0,0,1,9,0.1343,1,0,1,0,0,0,2,1,3,1
29,11,19,3,0,0,0,0,1,1,0.0238,0,0,1,0,0,0,0,0,0,0
21,47,7,2,3,0,2,1,3,5,0.2144,1,0,0,0,0,1,1,1,2,1
36,22,13,2,0,0,0,0,1,2,0.0597,0,0,1,0,0,0,1,0,0,0
37,15,14,2,3,0,0,0,0,2,0.0578,0,0,1,0,0,0,0,0,0,0
78,20,31,3,0,0,1,0,0,21,0.2696,2,0,0,0,0,1,0,0,0,1
38,16,3,1,1,0,0,0,0,1,0.0285,0,0,1,0,0,0,0,0,3,0
67,33,13,3,0,0,1,1,1,8,0.1134,2,0,0,0,0,0,3,0,0,1
44,12,14,4,3,0,0,0,4,5,0.1049,2,0,1,0,0,0,3,1,2,1
68,35,24,4,3,0,1,0,1,7,0.1017,1,0,1,0,0,0,2,0,1,1
5,14,2,3,0,0,0,0,0,0,0.0106,0,0,1,0,0,0,0,0,1,0
29,19,21,1,1,0,0,0,0,1,0.0351,0,0,1,0,0,0,0,1,0,0
20,15,0,1,0,0,0,0,0,1,0.0582,0,0,1,0,0,0,1,0,0,0
17,22,2,2,1,0,0,1,0,1,0.0389,1,0,0,0,0,0,1,0,1,0
30,4,19,1,0,0,0,0,0,1,0.0194,0,0,1,0,0,0,0,0,1,0
53,25,0,4,1,0,0,0,1,8,0.1573,3,0,0,0,0,0,3,1,1,1
26,11,12,1,1,0,0,0,2,2,0.0606,0,0,1,0,0,0,0,0,0,0
23,20,12,1,0,0,0,0,0,1,0.0372,0,0,1,0,0,0,1,0,0,0
66,10,30,3,3,0,2,0,1,11,0.1702,1,0,0,0,1,0,1,1,2,1
25,5,21,2,0,0,0,0,0,2,0.077,0,0,1,0,0,0,0,0,0,0
39,13,6,1,0,0,0,0,0,1,0.0198,1,0,1,0,0,0,0,0,0,0
67,15,12,1,0,0,0,0,0,1,0.0188,0,0,1,0,0,0,0,0,0,0
33,13,23,2,0,0,0,0,0,0,0.0041,0,0,1,0,0,0,0,0,0,0
93,29,16,4,2,0,0,0,2,6,0.0667,1,1,0,0,0,0,3,0,3,1
30,13,12,2,0,0,0,0,0,1,0.0363,0,0,1,0,0,0,0,0,0,0
57,12,13,2,1,0,0,0,0,0,0.0,2,0,1,0,0,0,0,0,1,0
52,12,16,1,1,0,0,0,1,2,0.0326,2,0,1,0,0,0,0,0,0,0
45,28,23,3,0,0,1,1,3,8,0.177,0,0,1,0,0,0,1,1,1,1
34,20,6,3,0,0,0,0,0,1,0.0311,0,0,1,0,0,0,0,0,1,0
73,14,43,4,1,0,0,1,1,8,0.1042,2,1,1,0,0,1,2,0,2,1
94,36,0,3,0,0,0,2,2,4,0.0468,3,0,1,0,0,0,1,1,1,1
2,13,4,2,1,0,0,0,1,0,0.0,1,0,1,0,0,0,0,0,0,0
30,14,2,2,0,0,0,0,0,0,0.0,0,0,1,0,0,0,0,0,0,0
73,30,38,3,2,1,0,0,2,6,0.0832,0,0,1,0,1,0,0,0,3,1
38,18,8,1,0,0,0,0,0,1,0.0168,0,0,1,0,0,0,0,0,0,0
18,13,3,2,1,0,0,0,0,0,0.0,1,0,1,0,0,0,0,0,0,0
90,11,17,4,4,1,1,0,1,5,0.0526,4,0,0,0,0,1,1,1,1,1
41,12,0,0,1,0,0,1,0,2,0.059,0,0,1,0,0,0,0,0,1,0
28,19,4,3,0,0,0,0,0,0,0.0,0,0,1,0,0,0,0,0,0,0
65,9,35,3,5,0,0,0,0,1,0.0184,3,0,1,0,0,0,1,0,2,1
29,11,6,2,0,0,0,0,1,0,0.0067,1,0,1,0,0,0,0,0,0,0
13,31,31,2,0,0,0,0,1,0,0.0358,1,0,1,0,0,0,4,1,1,1
55,22,8,4,3,0,2,1,1,4,0.0737,0,0,0,0,0,0,1,0,3,1
26,15,10,2,0,0,0,0,0,1,0.0195,0,0,1,0,0,0,2,0,1,0
60,18,3,5,2,0,0,0,1,10,0.164,1,0,1,0,0,0,1,0,0,1
45,11,0,2,2,0,0,0,0,1,0.0178,0,0,1,0,0,0,0,0,0,0
92,17,54,2,0,0,2,1,0,10,0.1131,0,0,1,0,1,0,1,0,5,1
87,29,31,3,4,0,0,1,3,0,0.0,0,1,1,0,0,0,3,1,1,1
42,25,39,2,3,0,0,0,1,8,0.1917,1,0,0,0,0,0,1,1,3,1
62,21,31,5,2,0,1,0,0,12,0.1899,1,0,1,0,0,0,1,1,2,1
40,15,17,1,0,0,0,1,0,1,0.0147,1,0,1,0,1,0,0,0,1,0
37,23,0,2,0,0,0,0,0,1,0.0242,0,0,1,0,0,0,0,0,1,0
44,19,16,2,0,0,0,0,0,1,0.0323,1,0,1,0,0,0,0,0,0,0
62,33,20,8,5,0,0,1,2,14,0.2348,3,0,0,0,0,0,1,0,1,1
84,26,15,6,2,0,0,2,1,10,0.123,4,0,0,0,0,0,4,0,3,1
23,0,11,1,0,0,0,0,0,1,0.0522,1,0,1,0,0,0,0,0,0,0
23,24,30,2,1,0,0,0,0,1,0.0357,1,0,1,0,0,0,0,0,0,0
110,44,22,0,1,0,0,0,0,0,0.0004,2,0,0,0,1,0,3,0,1,1
42,11,9,2,2,0,0,0,0,1,0.0336,0,0,1,0,0,0,0,0,0,0
50,19,0,1,0,0,0,0,1,0,0.0047,0,0,1,0,0,0,0,0,0,0
69,33,25,3,3,0,0,2,1,7,0.1043,1,0,0,0,0,0,2,0,1,1
20,11,15,2,0,0,0,0,0,1,0.0278,2,0,1,0,0,0,1,0,0,0
54,23,33,4,0,0,0,1,3,5,0.0833,2,0,1,0,1,0,3,0,6,1
92,26,57,6,2,1,0,1,1,0,0.0,1,1,0,0,0,0,4,0,1,1
40,18,12,3,3,0,0,0,0,3,0.0671,0,0,1,0,0,0,0,0,0,0
67,27,62,4,1,0,2,0,1,5,0.0693,1,0,1,0,0,0,0,1,2,1
34,24,6,2,0,0,0,0,0,1,0.0331,1,0,1,0,0,0,0,0,0,0
51,11,8,1,0,0,0,0,0,6,0.1207,0,0,1,0,0,0,0,1,0,0
35,17,1,3,1,0,0,0,0,1,0.033,1,0,1,0,0,0,0,0,0,0
24,24,4,1,1,0,0,0,0,0,0.0189,0,0,1,0,0,0,0,0,1,0
14,32,46,4,5,0,1,1,2,0,0.0278,0,0,0,0,0,1,2,0,3,1
44,5,14,2,0,0,0,0,0,2,0.0386,0,0,1,0,0,0,0,0,1,0
20,15,18,2,0,0,0,0,1,1,0.0723,0,0,1,0,0,0,0,0,1,0
32,24,35,2,0,0,0,0,2,0,0.0,4,0,0,0,0,0,2,0,4,1
24,10,5,3,0,0,0,0,0,0,0.0,1,0,1,0,0,0,0,1,0,0
29,20,6,1,0,0,0,0,1,0,0.0,0,0,1,0,0,0,0,0,1,0
138,35,44,2,1,0,1,1,0,30,0.2182,0,0,0,0,0,0,1,1,2,1
35,14,9,1,0,0,0,0,1,0,0.0114,0,0,1,0,0,0,0,0,4,0
20,21,30,4,2,1,1,0,2,4,0.1967,0,0,0,0,0,1,1,0,0,1
98,33,28,3,4,0,0,0,1,16,0.1638,1,0,0,0,0,0,0,1,2,1
83,23,39,3,5,0,0,0,1,12,0.1444,5,0,1,0,0,0,4,0,2,1
104,32,28,3,4,0,1,1,1,25,0.2387,0,0,0,0,0,0,1,0,0,1
23,16,5,2,0,0,1,0,0,1,0.0232,1,0,1,0,0,0,1,0,0,0
40,6,17,2,2,0,1,0,0,1,0.0228,0,0,1,0,0,0,0,0,2,0
17,19,3,3,1,0,0,0,0,1,0.0441,0,0,1,0,1,0,0,0,0,0
95,33,50,4,1,0,3,0,1,10,0.1014,0,0,1,0,1,0,1,0,0,1
38,22,3,1,1,0,0,0,1,1,0.0163,0,0,1,0,0,0,0,0,0,0
62,23,2,3,0,0,1,1,0,10,0.157,0,1,0,0,1,1,1,0,0,1
88,26,52,2,1,0,2,0,3,7,0.0842,3,0,1,1,1,0,3,0,2,1
29,17,5,3,0,0,0,0,0,1,0.0216,2,0,1,0,0,0,0,0,1,0
22,4,1,3,0,0,0,0,0,0,0.0,1,0,1,0,0,0,1,0,3,0
43,14,8,1,0,0,0,0,0,3,0.0616,0,0,1,0,0,0,0,0,0,0
53,4,21,3,1,0,0,0,0,0,0.0,0,0,1,0,0,0,0,1,1,0
90,20,15,5,8,0,1,1,1,21,0.2361,2,0,0,0,0,1,3,1,1,1
52,12,22,2,0,0,0,0,0,0,0.0061,1,0,1,0,0,0,0,0,1,0
56,25,26,2,0,0,0,0,0,4,0.066,1,0,1,0,0,0,0,0,0,0
26,12,25,4,2,0,1,0,1,6,0.2414,0,0,0,0,0,0,1,0,1,1
33,4,8,2,2,0,0,0,0,1,0.0165,1,0,1,0,0,0,0,0,1,0
63,20,15,1,0,0,1,0,1,0,0.0,0,0,1,0,0,0,1,0,1,0
33,10,40,5,4,0,0,1,2,2,0.0494,3,0,1,0,0,0,0,0,2,1
38,20,13,2,0,0,0,0,0,0,0.0011,0,0,1,0,0,0,0,0,1,0
95,36,20,6,6,0,0,0,1,0,0.0,1,0,0,0,0,0,1,1,2,1
24,22,10,2,1,0,0,0,0,1,0.0405,0,0,1,0,0,0,0,0,1,0
90,23,31,1,4,0,0,3,1,8,0.0859,0,0,0,0,1,0,3,1,1,1
95,34,28,3,1,1,2,1,1,11,0.1143,2,0,0,0,0,0,3,0,2,1
62,15,46,3,1,0,1,0,0,4,0.0605,1,0,1,0,0,0,5,0,0,1
71,15,32,3,0,0,0,1,3,15,0.2138,4,1,0,0,0,0,1,1,0,1
85,25,17,2,1,0,1,1,0,26,0.3085,0,1,0,0,0,1,1,0,0,1
76,23,27,4,0,0,1,0,1,7,0.0956,2,0,0,0,0,0,2,0,2,1
65,1,21,5,7,0,1,0,2,0,0.0,1,0,1,0,0,0,1,1,4,1
41,12,0,3,0,0,0,0,0,0,0.0,1,0,1,0,0,0,0,0,0,0
44,20,15,3,0,0,0,0,0,0,0.0,0,0,0,0,0,0,0,0,1,0
26,13,4,1,0,0,0,0,1,0,0.0112,0,0,1,0,0,0,0,0,2,0
59,22,23,2,0,0,0,0,0,0,0.0,0,0,1,0,0,0,0,0,1,0
55,9,21,2,1,0,0,0,0,2,0.0358,0,0,1,0,0,0,1,0,2,0
90,26,24,4,1,0,1,0,1,10,0.1119,0,0,1,0,0,0,3,1,0,1
16,13,3,1,0,0,0,0,1,0,0.0017,0,0,1,0,0,0,1,0,2,0
47,21,7,0,1,0,0,0,1,3,0.0668,0,0,1,0,0,0,0,0,2,0
27,20,14,1,0,0,0,0,1,0,0.0122,0,0,1,0,0,0,0,0,3,0
33,9,3,2,0,0,0,0,0,1,0.0275,0,0,1,0,0,0,0,0,1,0
77,32,16,3,3,0,0,0,0,5,0.0682,1,0,0,0,0,0,0,1,0,1
74,28,66,3,2,0,2,1,0,12,0.1639,0,1,0,0,0,0,0,0,1,1
16,17,5,2,1,0,0,1,1,0,0.0042,1,0,1,0,0,0,0,0,1,0
29,10,9,1,1,0,0,0,0,0,0.005,0,0,1,0,0,0,1,0,3,0
101,26,36,1,2,0,0,1,0,1,0.0058,2,0,1,0,1,0,1,1,4,1
33,19,10,2,0,0,0,0,0,1,0.0294,1,0,1,0,0,0,0,0,0,0
97,36,0,3,4,0,1,1,2,15,0.1535,1,0,1,0,0,0,4,1,1,1
30,7,11,3,2,0,1,1,0,3,0.0929,1,0,0,0,0,1,4,1,1,1
51,16,13,2,1,0,1,0,1,0,0.0,0,0,1,0,0,0,1,0,1,0
33,19,38,1,1,0,0,1,1,7,0.2096,1,0,0,0,0,0,1,1,3,1
69,22,37,0,2,0,0,2,1,7,0.1009,1,0,1,0,0,0,0,0,1,1
45,8,24,1,0,0,0,0,0,1,0.0327,0,0,1,0,0,0,0,0,2,0
23,21,3,2,0,0,0,1,0,0,0.0038,1,0,1,0,0,0,0,1,0,0
29,8,12,2,0,0,0,0,0,2,0.0723,0,0,1,0,0,0,0,0,1,0
111,24,8,3,5,0,0,0,1,19,0.171,4,0,0,0,0,0,4,0,1,1
93,20,15,4,2,0,1,0,1,13,0.1426,1,0,1,0,0,0,3,0,4,1
24,10,3,1,1,0,1,0,0,0,0.0,1,0,0,0,0,0,0,0,1,0
25,18,8,3,0,0,0,0,0,1,0.0322,1,0,0,0,0,0,0,0,1,0
115,30,26,1,1,1,0,0,1,20,0.1749,2,1,1,0,0,0,5,0,1,1
42,22,0,2,1,0,1,0,1,8,0.1941,1,0,0,0,0,0,3,0,3,1
53,38,12,4,2,0,0,1,1,7,0.1249,2,0,0,0,0,1,3,0,1,1
36,13,17,5,2,0,1,0,0,2,0.0654,1,0,1,0,0,0,4,0,1,1
62,23,27,4,0,0,2,2,1,0,0.0,0,0,1,0,0,0,1,1,3,1
72,21,3,2,2,0,0,0,0,17,0.2345,1,0,1,0,0,0,2,0,1,1
26,21,24,4,0,0,1,0,2,6,0.2135,1,0,1,0,0,0,3,0,1,1
83,37,41,3,3,0,0,0,0,11,0.1362,2,1,1,0,0,1,1,0,6,1
77,35,34,4,1,0,1,0,0,5,0.0633,2,0,0,0,0,0,3,0,3,1
42,15,21,2,0,0,0,0,0,1,0.0144,0,0,1,0,0,0,0,0,2,0
43,12,4,3,1,0,0,0,0,0,0.0,1,0,1,0,0,0,0,0,1,0
42,17,11,2,0,0,0,0,0,0,0.0006,0,0,1,0,0,0,0,0,1,0
25,17,1,2,0,0,0,0,1,1,0.051,0,0,1,0,0,0,0,0,1,0
62,31,0,4,1,0,0,2,0,4,0.0713,3,0,1,0,0,0,4,1,2,1
30,14,11,3,0,0,0,1,0,0,0.0125,1,0,1,0,0,0,0,0,0,0
26,14,23,2,1,0,0,0,0,0,0.0147,1,0,1,0,0,1,0,0,1,0
115,22,12,4,0,0,1,1,1,0,0.0,0,0,0,0,0,0,0,0,2,1
2,17,10,2,2,0,0,0,0,0,0.0066,1,0,1,0,1,0,0,0,3,0
127,10,22,4,4,0,0,1,2,26,0.207,0,1,1,0,1,0,2,0,3,1
84,36,32,4,3,0,0,1,2,6,0.0715,3,0,0,0,1,0,1,0,1,1
66,25,12,4,1,0,1,2,2,1,0.0212,3,0,0,0,0,0,2,0,0,1
104,18,31,4,7,0,0,1,1,10,0.0972,0,0,0,0,1,1,5,0,2,1
49,5,1,2,0,0,0,0,0,0,0.0,0,0,1,0,0,0,1,0,1,0
57,32,39,2,1,0,1,1,2,8,0.1489,1,0,1,0,0,0,2,0,3,1
25,7,10,2,1,0,0,0,0,0,0.0118,1,0,1,0,0,0,0,0,0,0
60,15,16,2,1,0,0,1,1,4,0.0585,0,0,1,0,0,0,2,1,5,1
44,16,19,2,0,0,2,0,2,0,0.0,3,0,0,0,0,0,2,1,3,1
91,15,34,1,1,0,0,1,2,16,0.1728,2,0,1,0,1,0,0,0,0,1
92,29,45,6,2,0,1,0,0,13,0.1382,0,0,0,0,0,0,0,1,3,1
119,25,16,5,2,0,0,1,2,5,0.0415,0,1,0,0,0,0,0,1,3,1
89,13,37,1,3,0,0,0,0,19,0.2176,1,1,1,0,1,0,1,0,2,1
97,31,58,5,5,0,2,0,2,1,0.0081,1,0,1,0,0,0,0,1,2,1
47,15,0,2,0,0,0,0,0,1,0.0118,1,0,1,0,0,0,0,0,0,0
23,11,14,3,0,0,0,0,0,1,0.0275,0,0,1,0,0,0,0,0,2,0
32,19,9,2,0,0,0,0,0,1,0.0315,0,0,1,0,0,0,0,1,1,0
75,29,42,0,3,0,1,1,1,15,0.2035,0,0,0,0,0,0,1,0,2,1
47,13,19,2,2,0,1,1,0,11,0.2372,2,1,1,0,0,0,3,1,1,1
72,37,18,4,0,0,1,0,0,14,0.1891,0,0,1,0,0,0,2,0,4,1
20,25,21,2,0,0,1,0,1,0,0.0,1,0,0,0,0,0,0,0,0,0
47,21,15,3,2,0,2,0,0,8,0.1793,0,0,0,0,1,0,0,1,1,1
28,16,11,2,0,0,0,1,0,2,0.0694,0,0,1,0,0,0,0,0,0,0
42,17,19,1,0,0,0,0,0,1,0.021,0,0,1,0,0,0,0,0,1,0
23,16,13,2,0,0,1,0,0,1,0.0388,0,0,1,0,0,0,0,0,0,0
65,29,28,4,3,1,2,0,1,0,0.0,1,0,1,0,1,0,0,0,3,1
16,22,52,3,1,1,1,2,1,2,0.1479,1,1,0,0,0,0,0,1,3,1
26,16,1,3,0,0,0,0,0,0,0.0,0,0,1,0,0,0,0,0,1,0
7,24,24,2,0,0,0,0,0,0,0.0,0,0,1,0,0,0,0,0,1,0
43,14,6,3,0,0,0,0,0,2,0.0423,1,0,1,0,0,0,1,0,0,0
50,21,18,5,1,0,1,1,1,0,0.0,0,0,0,0,0,0,1,0,1,1
49,20,22,2,0,0,1,0,0,0,0.0098,0,0,1,0,0,0,0,0,0,0
23,7,10,3,0,0,0,0,0,0,0.0,1,0,1,0,0,0,0,0,1,0
64,4,12,1,3,0,1,0,0,11,0.1747,3,0,1,0,0,0,0,1,3,1
39,8,1,3,0,0,0,0,0,1,0.0231,0,0,1,0,0,0,0,0,0,0
77,33,42,2,2,0,1,1,2,3,0.0327,2,0,0,0,0,0,2,1,4,1
77,22,21,2,0,0,2,0,1,6,0.0726,0,0,1,1,0,1,3,0,2,1
36,25,0,2,1,0,0,0,0,1,0.0349,0,0,0,0,0,0,0,0,1,0
23,21,9,1,0,0,0,0,0,1,0.0628,1,0,1,0,0,0,1,0,1,0
41,24,34,4,1,0,0,0,0,3,0.0636,2,0,0,0,0,0,2,1,2,1
31,25,7,2,1,0,1,0,0,1,0.0173,2,0,1,0,0,0,0,0,1,0
74,26,8,2,0,0,0,0,1,14,0.1909,2,0,1,0,0,0,1,1,0,1
88,27,27,5,5,0,1,1,1,4,0.0405,3,0,1,0,0,0,2,0,1,1
31,16,9,2,0,0,0,0,0,3,0.0893,1,0,1,0,0,0,0,0,1,0
61,21,66,2,2,0,1,2,2,2,0.0262,1,0,0,0,0,0,2,1,1,1
105,31,14,5,2,0,0,1,0,19,0.1836,1,1,0,0,0,0,1,0,1,1
77,14,13,4,2,0,0,1,0,13,0.1701,0,0,1,0,0,0,2,1,5,1
25,11,7,3,1,0,1,0,0,1,0.0197,1,0,1,0,0,0,0,0,2,0
19,12,16,1,0,0,0,0,0,0,0.0204,0,0,0,0,0,0,0,0,1,0
38,12,16,3,1,0,0,0,0,2,0.0497,0,0,1,0,0,0,0,0,2,0
30,13,25,2,1,0,0,0,0,1,0.0307,0,0,1,0,0,0,0,0,2,0
90,30,15,4,5,0,1,1,1,11,0.1269,1,0,0,0,0,0,5,0,4,1
38,13,12,1,0,0,0,0,0,0,0.0,1,0,0,0,0,0,0,0,1,0
40,12,5,3,0,0,0,0,0,1,0.0279,0,0,1,0,0,0,2,1,1,0
28,11,11,1,0,0,0,0,0,1,0.0256,0,0,1,0,0,0,0,0,2,0
23,22,14,1,1,0,0,0,0,0,0.0,0,0,1,0,0,0,0,0,1,0
30,21,43,3,2,0,1,0,0,4,0.1416,2,0,0,0,0,0,2,1,2,1
95,32,11,4,2,0,1,0,2,16,0.1738,1,1,1,0,0,0,0,1,1,1
60,25,19,2,3,0,0,0,1,11,0.186,2,0,1,0,0,0,0,1,2,1
110,20,60,3,2,0,2,0,3,17,0.1531,3,0,1,0,0,0,2,0,2,1
31,13,0,1,0,0,0,0,1,1,0.0387,0,0,0,0,0,0,0,0,1,0
37,14,13,2,0,0,0,0,0,2,0.059,1,0,1,0,0,0,0,0,1,0
51,35,20,3,4,0,0,0,1,2,0.0369,1,1,0,0,0,0,2,0,4,1
39,11,0,2,2,0,0,0,1,1,0.0223,0,0,1,0,0,0,0,0,0,0
59,29,48,4,7,0,0,1,1,14,0.2339,2,0,0,0,0,0,2,1,2,1
22,15,14,2,2,0,0,0,0,1,0.029,1,0,1,0,0,0,0,0,0,0
22,18,20,2,1,0,0,0,1,0,0.0,0,0,1,0,0,0,0,0,1,0
38,28,24,3,4,0,1,0,0,2,0.0458,2,1,1,0,0,0,1,0,2,1
27,18,24,2,0,0,0,0,0,0,0.0,1,0,1,0,0,0,1,0,2,0
34,6,3,1,0,0,0,0,0,2,0.0626,0,0,1,0,0,0,0,0,0,0
80,27,21,3,1,0,0,2,1,1,0.0107,3,0,1,0,0,1,2,0,0,1
64,28,19,1,4,0,1,0,2,15,0.232,2,0,0,0,0,1,2,1,1,1
50,24,29,2,3,0,0,1,2,4,0.0746,1,1,1,0,0,0,1,0,0,1
72,31,11,2,1,0,0,1,2,4,0.0488,1,0,1,0,1,0,1,0,3,1
17,18,9,2,0,0,0,0,0,1,0.0424,0,0,1,0,0,0,1,0,0,0
48,16,9,3,0,0,0,0,0,1,0.0307,0,0,1,0,0,0,0,0,1,0
34,16,0,2,3,0,0,0,0,0,0.0,1,0,1,0,0,0,0,0,0,0
37,23,3,2,1,0,0,0,0,2,0.0681,0,0,1,0,0,1,0,0,0,0
39,16,33,2,0,0,0,0,0,3,0.0645,0,0,1,0,0,0,0,0,0,0
59,28,25,4,1,0,0,1,1,4,0.0603,3,0,1,0,1,1,0,0,2,1
31,23,0,2,0,0,0,0,0,1,0.0221,0,0,1,0,0,0,0,0,1,0
49,32,19,3,1,0,3,0,1,6,0.1321,1,0,1,0,0,0,1,1,1,1
79,30,34,4,2,0,0,0,0,1,0.0153,2,1,1,0,0,0,1,0,4,1
46,17,53,1,1,0,0,2,0,0,0.0001,0,0,0,0,0,0,0,0,3,1
55,19,4,1,0,0,0,0,0,1,0.014,0,0,1,0,0,1,0,0,1,0
25,16,0,1,0,0,0,0,0,1,0.042,1,0,1,0,0,0,0,0,0,0
72,28,29,6,2,0,0,1,0,8,0.1107,1,0,1,0,0,0,2,0,1,1
51,25,36,2,5,0,2,0,0,11,0.2105,0,0,0,0,0,0,0,0,1,1
43,16,11,2,0,0,0,0,0,0,0.0,1,0,1,0,0,0,0,0,1,0
77,21,42,5,2,0,1,0,0,18,0.2366,2,1,0,0,0,0,0,0,4,1
66,20,40,1,5,0,0,2,2,12,0.1889,3,0,0,0,0,0,4,1,2,1
65,19,38,2,1,0,0,1,0,5,0.0831,0,0,0,0,1,1,2,0,3,1
83,33,34,6,2,0,0,0,0,8,0.0977,1,0,1,0,0,0,4,0,1,1
90,21,17,3,2,0,2,1,2,11,0.1212,1,0,0,0,0,1,2,0,1,1
7,17,11,3,2,0,0,0,0,1,0.0691,0,0,1,0,1,0,0,0,1,0
51,13,2,3,0,0,0,0,0,2,0.0306,0,0,1,0,0,0,0,0,0,0
50,12,2,2,0,0,0,0,0,1,0.0138,1,0,1,0,0,0,0,0,1,0
24,7,0,2,0,0,0,0,0,1,0.0483,1,0,1,0,0,0,0,0,1,0
92,34,32,2,4,0,1,0,0,14,0.1495,2,0,0,0,1,0,1,0,1,1
69,31,20,3,1,0,1,1,0,4,0.0586,1,1,0,0,0,0,1,0,1,1
55,16,24,2,0,0,1,1,2,2,0.0413,0,0,1,0,0,0,1,1,2,1
23,22,0,2,0,0,0,0,0,1,0.0249,0,0,1,0,0,1,0,0,0,0
25,20,11,2,0,0,0,0,0,0,0.0059,0,0,1,0,0,0,0,0,0,0
28,8,18,2,0,0,0,0,0,1,0.051,0,0,1,0,0,0,0,0,0,0
22,13,13,2,0,0,0,0,0,0,0.0,0,0,1,0,0,0,0,1,0,0
34,8,3,1,0,0,0,0,0,0,0.0,0,0,1,0,0,0,1,0,1,0
64,19,29,0,3,0,1,1,1,9,0.1417,3,0,1,0,0,1,0,0,2,1
39,18,29,2,1,0,0,1,1,8,0.2023,3,0,0,0,0,0,0,1,2,1
29,10,9,1,0,0,0,0,0,1,0.0514,0,0,1,0,0,0,0,0,0,0
29,18,13,2,0,0,1,0,0,2,0.0725,0,0,1,0,0,0,0,0,1,0
80,31,49,2,1,0,0,1,0,16,0.2031,1,0,0,0,1,0,3,0,2,1
54,21,22,2,0,0,0,0,0,10,0.1875,0,0,1,0,0,0,4,1,1,1
105,31,20,2,2,0,0,0,0,1,0.012,1,0,0,0,0,0,2,0,3,1
39,6,15,0,0,0,0,0,0,1,0.0241,1,0,1,0,1,0,0,1,1,0
75,20,55,4,2,0,1,0,0,5,0.0603,0,1,0,0,0,0,1,0,4,1
23,6,12,1,1,0,0,0,0,0,0.0095,2,0,1,0,0,0,0,0,1,0
29,11,18,3,0,0,0,0,0,0,0.0,0,0,1,0,0,0,0,0,1,0
36,9,17,2,0,0,0,0,1,0,0.0046,0,0,1,0,0,0,0,0,2,0
69,33,20,4,3,1,0,1,2,10,0.1444,1,0,1,0,1,0,1,1,2,1
45,9,5,2,1,0,0,0,0,2,0.0387,0,0,1,0,0,0,0,0,1,0
33,9,3,0,0,0,1,0,1,1,0.023,0,0,0,0,0,0,0,0,0,0
47,17,25,3,3,0,2,1,1,9,0.1846,0,0,1,0,0,0,2,0,1,1
93,19,9,2,2,0,2,1,0,13,0.1429,1,0,1,0,0,0,1,0,3,1
45,25,31,2,0,0,0,0,2,9,0.2026,0,0,1,0,0,0,2,1,3,1
89,24,18,3,1,0,0,0,1,15,0.166,2,0,1,0,0,0,0,0,1,1
52,25,35,4,2,0,2,0,3,0,0.0,0,0,0,0,0,0,1,0,4,1
32,10,17,3,0,0,0,0,0,0,0.0,0,0,1,0,0,0,0,0,1,0
67,29,32,3,2,0,1,0,2,13,0.2006,0,0,1,0,0,0,0,0,0,1
35,18,34,2,1,0,2,1,2,8,0.2232,4,0,1,0,0,0,0,1,3,1
94,18,38,5,2,0,0,0,1,11,0.1131,3,0,1,0,0,0,5,0,5,1
31,23,40,1,3,0,1,0,0,5,0.1753,1,0,1,0,0,1,0,0,3,1
46,21,62,2,1,0,1,3,1,12,0.2633,1,0,0,0,0,0,2,0,2,1
76,24,28,3,0,1,0,1,1,16,0.2145,0,0,1,0,0,0,1,1,1,1
77,30,26,1,3,0,0,2,1,6,0.0773,1,0,0,0,0,0,0,0,2,1
17,10,36,2,0,0,1,1,0,1,0.0663,1,0,0,0,1,0,2,0,2,1
58,21,43,4,3,0,1,0,2,3,0.0517,3,0,1,0,0,0,3,0,3,1
31,19,24,1,0,0,0,0,0,2,0.0677,0,0,1,0,0,0,0,0,2,0
86,27,39,5,4,0,1,0,2,9,0.1005,1,0,0,0,0,0,1,0,1,1
107,41,25,4,3,0,2,0,1,15,0.1373,2,0,1,0,0,0,0,0,2,1
73,27,6,4,1,0,1,1,0,9,0.1255,3,0,1,0,1,0,3,1,0,1
34,9,16,3,0,0,0,0,0,1,0.0163,0,0,1,0,0,0,0,0,1,0
30,22,3,2,1,0,1,0,0,1,0.0486,0,0,1,0,0,0,0,0,0,0
38,25,0,3,1,0,0,0,0,2,0.0512,0,0,1,0,0,0,1,0,0,0
32,13,17,3,0,0,0,0,0,0,0.0101,0,0,1,0,0,0,1,0,0,0
96,16,31,2,2,1,0,1,0,9,0.0942,0,0,0,0,1,0,4,0,4,1
47,21,28,3,2,0,1,0,2,11,0.2267,0,0,1,0,0,0,1,0,0,1
71,26,28,4,3,0,2,0,0,6,0.0874,1,0,0,1,0,0,0,0,7,1
40,17,18,0,0,0,0,0,0,0,0.0,0,0,1,0,0,0,0,0,0,0
47,33,5,4,7,0,0,0,1,2,0.0382,1,1,0,0,0,0,0,1,3,1
33,3,8,1,1,0,0,0,0,1,0.0218,1,0,1,0,0,0,0,0,2,0
48,31,27,5,3,0,0,1,1,6,0.1272,1,0,0,0,0,0,2,0,1,1
44,36,37,0,2,0,2,3,0,16,0.3588,0,0,0,0,0,0,0,1,1,1
21,9,0,2,0,0,0,0,0,0,0.0,0,0,1,0,0,0,0,0,1,0
81,29,33,4,3,0,1,0,3,5,0.0617,2,1,1,0,0,0,3,1,4,1
23,8,6,2,0,0,0,0,0,0,0.0056,0,0,1,0,0,0,0,0,0,0
44,21,0,3,1,0,0,0,0,0,0.0105,0,0,1,0,0,0,0,0,1,0
72,17,29,2,4,0,0,0,2,17,0.2405,2,0,1,0,0,0,3,0,1,1
107,21,14,4,2,0,2,1,3,3,0.0313,1,0,0,0,0,0,3,1,1,1
64,34,37,4,2,0,0,1,0,7,0.1167,0,0,1,0,0,1,5,1,4,1
35,16,3,2,0,0,0,0,0,0,0.0122,0,0,1,0,0,0,0,0,1,0
20,23,5,2,0,0,0,0,0,0,0.0,1,0,1,0,0,0,0,0,2,0
49,16,5,3,1,0,0,0,0,2,0.0366,1,0,1,0,0,0,1,0,0,0
46,18,4,3,1,0,0,0,0,0,0.0015,0,0,0,0,0,0,1,0,0,0
69,26,0,2,2,0,2,1,1,13,0.1817,3,0,1,0,0,0,1,0,2,1
51,17,10,2,0,0,1,0,0,4,0.0767,0,0,1,0,0,0,0,0,1,0
3,16,19,3,1,0,0,0,1,0,0.0347,1,0,1,0,0,0,0,0,1,0
44,16,18,2,0,0,0,0,0,1,0.0247,0,0,1,0,0,0,0,0,0,0
25,14,7,1,1,0,0,0,0,0,0.0178,0,0,1,0,0,0,0,0,1,0
19,20,34,3,1,0,0,0,0,2,0.09,3,0,1,0,1,0,3,0,5,1
15,13,0,4,0,0,0,0,0,1,0.0574,0,0,1,0,0,0,0,0,0,0
33,30,26,5,2,1,2,1,2,4,0.1355,1,0,0,0,0,1,3,0,0,1
24,18,8,3,1,0,0,0,3,0,0.0,0,0,1,0,0,0,1,0,0,0
24,14,4,2,0,0,0,0,0,0,0.0038,1,0,1,0,0,0,0,0,2,0
104,23,28,7,4,0,2,0,2,29,0.2758,1,0,0,0,0,0,1,0,2,1
86,34,9,6,1,1,1,0,3,18,0.2112,0,0,1,0,0,0,2,1,2,1
31,9,15,1,0,0,0,0,0,1,0.0252,1,0,1,0,0,0,0,0,1,0
68,25,4,3,4,0,0,1,1,7,0.0963,1,1,0,0,0,0,2,0,2,1
43,16,10,3,0,0,0,0,0,0,0.0,0,0,1,0,1,0,1,0,0,0
12,31,47,6,0,1,0,0,1,2,0.1417,1,0,1,0,0,0,5,1,1,1
24,11,0,2,2,0,0,0,0,0,0.0067,0,0,1,0,0,0,1,0,2,0
65,31,12,5,2,0,1,1,2,9,0.1447,2,0,0,0,0,0,5,0,3,1
18,17,16,1,0,0,0,0,0,0,0.0,1,0,1,0,0,0,1,0,1,0
113,17,0,1,4,0,1,0,3,21,0.1851,2,0,1,0,0,1,7,1,2,1
45,28,9,2,5,1,0,0,0,4,0.0868,0,0,0,0,0,0,0,1,0,1
45,16,0,1,0,0,0,0,0,0,0.0008,0,0,1,0,0,0,0,0,1,0
18,18,22,5,4,0,0,1,2,2,0.0967,2,0,0,0,0,0,3,1,0,1
30,17,37,4,3,0,0,0,1,4,0.1264,2,0,0,0,0,0,3,1,1,1
82,25,43,0,1,0,1,1,1,8,0.0964,2,0,0,0,0,1,0,0,0,1
53,7,10,2,0,0,0,0,0,2,0.0321,0,0,0,0,0,0,0,0,0,0
33,18,16,1,0,0,0,0,0,0,0.0,0,0,1,0,0,0,0,0,0,0
11,12,1,1,0,0,0,0,1,0,0.0335,0,0,1,0,0,0,0,0,1,0
71,31,23,3,4,0,0,1,2,0,0.0,1,0,0,0,0,0,0,0,1,1
104,14,60,6,3,0,0,0,1,23,0.2193,1,1,1,0,0,0,3,0,3,1
37,24,32,4,2,0,0,1,4,5,0.1317,0,0,1,0,0,1,1,1,1,1
72,28,15,3,2,0,0,1,0,14,0.1875,2,0,0,0,0,0,3,1,3,1
66,24,17,3,4,0,2,1,0,7,0.1033,1,0,1,0,0,0,0,0,1,1
54,26,16,2,1,0,1,0,2,2,0.0339,1,0,0,1,0,0,5,1,6,1
30,18,0,2,2,0,0,0,0,0,0.0,0,0,1,0,0,0,0,0,2,0
24,19,10,1,0,0,0,0,0,0,0.0,0,0,1,0,0,0,0,0,0,0
10,11,20,3,2,0,0,0,0,0,0.0053,1,0,1,0,0,0,0,0,0,0
0,14,0,3,0,0,0,0,0,0,0.0,1,0,1,0,0,1,0,0,0,0
54,15,7,1,1,0,0,0,0,0,0.0,1,0,1,0,0,0,0,0,2,0
100,29,9,2,1,1,0,0,2,12,0.1246,0,0,0,0,0,0,0,0,1,1
41,19,5,2,0,0,0,0,1,3,0.0834,1,0,1,0,1,0,1,0,0,0
38,18,8,3,0,0,0,0,0,1,0.0206,0,0,1,0,0,0,0,0,0,0
40,22,27,5,1,0,0,0,2,5,0.128,2,0,0,0,0,0,1,1,0,1
51,31,21,5,1,0,1,2,1,3,0.0682,3,0,1,0,0,0,3,1,1,1
65,21,32,3,2,0,2,0,1,4,0.0628,4,1,1,0,0,0,2,1,1,1
28,16,17,2,0,0,0,0,0,1,0.049,0,0,1,0,0,0,0,0,0,0
72,16,49,2,3,0,1,0,1,3,0.0426,0,0,0,0,0,0,3,0,2,1
93,17,30,2,0,0,0,0,2,9,0.0938,1,0,0,0,0,1,0,0,0,1
34,19,9,3,1,0,0,0,0,1,0.0391,0,0,1,0,0,0,1,0,0,0
27,18,12,2,0,0,0,0,0,0,0.0025,0,0,1,0,0,0,0,0,1,0
27,7,6,1,0,0,0,0,0,2,0.0705,0,0,1,0,0,0,0,0,2,0
46,12,9,1,1,1,1,0,0,0,0.0026,0,0,1,0,0,0,0,0,0,0
67,25,36,3,1,1,0,0,0,6,0.093,3,1,0,0,0,0,1,1,5,1
71,13,32,1,0,0,0,1,1,8,0.1149,0,1,1,0,0,0,2,0,4,1
27,19,17,2,0,0,0,0,0,2,0.0576,1,0,1,0,1,0,0,0,1,0
49,14,0,2,1,0,0,0,0,1,0.0291,1,0,0,0,0,0,0,0,0,0
54,29,0,5,4,0,1,1,0,0,0.0,2,0,0,0,0,0,2,0,4,1
121,22,37,2,2,0,1,0,1,24,0.2007,1,0,1,0,0,1,1,0,1,1
83,16,39,4,3,1,0,0,2,18,0.2201,2,0,1,0,1,0,0,0,2,1
22,19,6,1,0,0,0,0,0,0,0.0,0,0,1,0,0,0,0,0,0,0
71,25,33,3,3,0,0,1,0,0,0.0,1,0,1,0,0,0,1,0,2,1
81,18,31,3,2,0,0,1,0,1,0.0147,2,0,1,0,0,0,3,0,1,1
34,29,1,1,2,0,0,0,0,1,0.0429,0,0,1,0,0,0,0,0,1,0
54,25,8,3,0,0,0,0,1,1,0.0116,1,0,1,0,0,0,1,0,0,0
47,20,13,2,1,0,0,0,0,2,0.0384,1,0,0,0,0,0,0,0,0,0
9,17,5,0,0,0,0,0,0,0,0.0208,0,0,1,0,0,0,0,0,1,0
25,16,8,3,0,0,0,0,0,0,0.0054,1,0,1,0,0,0,0,0,0,0
98,37,14,3,2,0,0,0,2,13,0.1283,2,0,1,0,1,0,3,0,4,1
13,15,24,2,0,0,0,0,1,0,0.0,0,0,1,0,0,0,0,1,1,0
56,25,21,4,3,0,0,2,0,4,0.0779,1,0,1,0,0,1,2,0,2,1
128,14,39,3,1,0,0,1,1,10,0.0786,0,0,0,0,1,0,1,1,4,1
57,17,5,2,2,0,2,1,2,0,0.0,3,1,0,0,0,0,4,0,3,1
57,17,9,2,0,0,0,0,0,1,0.011,0,0,1,0,0,0,0,0,0,0
80,41,36,1,2,0,0,0,0,8,0.0963,1,0,0,0,0,1,0,0,1,1
50,20,0,4,1,1,0,0,2,8,0.1561,1,0,0,0,1,0,0,0,3,1
61,23,31,3,1,0,0,0,0,2,0.0343,1,1,1,0,0,0,1,1,0,1
33,14,0,3,0,0,0,0,0,0,0.0057,0,0,1,0,0,0,0,0,2,0
95,10,26,2,1,1,0,1,1,13,0.1328,1,1,0,0,0,1,1,1,3,1
83,28,19,0,2,0,1,0,2,12,0.1481,1,0,1,0,0,0,3,0,5,1
12,19,14,2,1,0,1,0,2,0,0.0197,1,0,0,0,0,0,0,0,2,0
47,29,19,2,0,0,0,0,1,0,0.0,0,0,1,0,0,0,0,0,1,0
39,12,0,1,0,0,0,1,0,0,0.0,1,0,1,0,0,0,0,0,0,0
34,15,9,1,0,0,0,0,0,0,0.0,1,0,1,0,1,0,0,0,2,0
22,17,11,1,0,0,0,0,0,0,0.0015,1,0,1,0,0,0,0,0,0,0
28,14,13,1,0,0,0,0,0,1,0.0434,0,0,1,0,0,0,0,0,1,0
29,4,5,2,0,0,0,0,0,1,0.0265,0,0,1,0,0,0,0,1,0,0
37,17,17,2,0,0,2,0,0,1,0.0184,0,0,1,0,0,0,0,0,1,0
17,10,18,1,2,0,0,0,0,1,0.0374,0,0,1,0,0,1,0,0,2,0
28,18,0,2,0,0,0,0,0,2,0.0644,0,0,1,0,0,0,1,0,1,0
32,14,0,2,1,0,0,0,0,0,0.0,0,0,1,0,0,0,0,0,2,0
8,14,13,0,0,0,0,0,1,0,0.0489,1,0,1,0,0,0,0,0,0,0
65,27,31,5,5,0,0,0,1,1,0.0107,2,1,1,0,0,0,3,0,2,1
44,12,19,1,0,0,0,0,1,0,0.0,1,0,0,0,0,0,1,0,0,0
35,8,10,1,0,0,0,0,1,0,0.0117,0,0,1,0,0,0,0,0,0,0
39,10,0,2,0,0,1,1,0,0,0.0034,0,0,1,0,0,0,1,0,1,0
100,27,29,4,1,1,2,0,3,18,0.1778,0,1,1,0,0,0,0,0,4,1
68,21,26,2,1,0,1,0,0,5,0.0767,2,0,0,0,0,0,2,1,2,1
72,17,14,3,1,0,0,0,1,0,0.0,0,1,1,0,0,1,3,1,2,1
43,15,11,1,0,0,0,1,0,1,0.0152,0,0,1,0,0,0,0,0,1,0
29,24,3,1,1,0,0,1,0,1,0.0396,1,0,1,0,0,0,0,1,1,0
45,20,4,1,0,0,0,0,0,0,0.0018,0,0,1,0,0,0,0,0,0,0
33,27,11,1,3,0,1,1,0,0,0.0,2,0,1,0,0,0,1,1,0,1
25,27,13,3,0,0,0,0,0,0,0.0,1,0,1,0,0,0,0,0,1,0
26,15,0,2,1,0,1,0,1,0,0.0092,0,0,1,0,0,0,0,0,1,0
94,33,24,2,2,1,0,1,1,6,0.0631,2,0,1,0,0,0,2,0,2,1
39,18,7,1,0,0,0,0,2,0,0.008,0,0,1,0,0,0,0,0,1,0
15,13,3,2,0,0,0,0,0,0,0.0,0,0,0,0,0,0,1,0,1,0
29,23,16,2,0,0,0,0,0,0,0.01,0,0,0,0,0,0,0,0,2,0
60,16,23,1,1,0,0,0,0,2,0.0336,1,0,1,0,0,0,0,0,0,0
42,12,15,2,0,0,0,0,0,1,0.0234,0,0,1,0,0,0,0,0,0,0
29,21,12,2,1,0,0,0,0,0,0.0,1,0,0,0,0,0,0,0,0,0
50,14,8,1,0,0,0,0,0,1,0.0133,2,0,1,0,0,0,0,0,0,0
83,34,0,5,3,0,1,0,1,15,0.1817,2,0,0,1,1,0,3,1,1,1
30,20,7,2,1,0,0,0,1,0,0.014,0,0,1,0,0,0,0,0,1,0
28,16,20,2,0,0,0,0,0,0,0.0,0,0,1,0,0,0,0,0,4,0
76,22,18,2,4,1,0,0,0,7,0.0915,1,0,0,0,0,1,1,1,2,1
58,41,22,3,2,0,2,0,2,0,0.0028,2,0,0,0,0,0,2,1,0,1
33,11,23,2,1,0,0,0,1,0,0.0052,0,0,1,0,0,0,0,0,1,0
77,35,23,3,1,0,2,0,2,7,0.0896,2,0,0,0,0,0,2,0,4,1
70,44,35,2,3,1,1,0,1,16,0.2319,1,0,1,1,0,0,5,0,2,1
94,22,25,6,2,0,1,0,3,0,0.0,0,0,0,0,0,0,0,0,5,1
98,27,21,4,2,0,1,0,0,19,0.1979,1,0,0,0,0,0,3,1,4,1
39,6,0,3,0,0,0,0,1,0,0.0041,0,0,1,0,1,0,0,0,2,0
33,11,16,1,1,0,0,0,0,1,0.0249,4,0,1,0,0,0,0,0,3,0
86,6,35,2,1,0,0,0,0,14,0.166,2,0,0,1,0,0,3,1,1,1
44,21,15,0,0,0,0,0,0,0,0.0,0,0,1,0,0,0,1,0,1,0
32,8,4,2,1,0,0,0,1,1,0.0314,2,0,1,0,0,0,0,0,2,0
27,19,36,2,2,0,0,2,0,6,0.2245,2,1,1,0,1,0,1,0,1,1
52,22,63,3,2,0,0,0,1,9,0.1751,0,0,0,0,0,0,2,1,2,1
37,10,4,2,1,0,1,0,1,2,0.0466,0,0,1,0,0,0,0,0,0,0
62,23,68,2,2,0,0,0,3,4,0.0642,4,0,0,0,0,0,1,0,1,1
17,37,36,7,5,0,0,0,1,3,0.1698,1,0,1,0,1,0,3,0,4,1
31,14,11,3,2,0,0,0,0,0,0.0083,1,0,1,0,0,0,0,0,2,0
60,18,30,3,2,0,0,0,0,12,0.204,2,0,0,0,0,0,1,0,2,1
49,15,8,2,0,0,0,0,1,2,0.035,0,0,1,0,0,0,0,0,1,0
66,27,44,6,2,0,0,1,1,11,0.1621,1,0,1,0,0,0,0,0,2,1
43,9,4,2,1,0,0,0,0,2,0.042,0,0,1,0,0,0,0,0,1,0
44,16,23,3,0,0,1,1,0,4,0.0935,0,0,0,0,0,0,0,0,3,1
27,19,7,2,0,0,0,0,0,1,0.0279,0,0,1,0,0,0,0,0,3,0
13,17,14,2,0,0,0,0,0,1,0.0383,1,0,1,0,0,0,0,0,0,0
41,0,6,3,1,0,0,0,0,1,0.0196,0,0,1,0,0,0,0,0,0,0
9,18,14,2,0,0,0,0,1,0,0.0342,0,0,1,0,1,0,0,1,1,0
77,34,52,2,2,0,1,0,1,0,0.0,0,0,0,0,0,0,3,1,2,1
76,16,0,4,2,0,0,2,2,19,0.258,1,0,0,0,0,1,1,0,0,1
39,21,17,1,0,0,1,0,0,1,0.0175,0,0,0,0,0,0,0,0,0,0
69,19,45,2,0,0,1,0,0,14,0.2079,2,0,0,0,1,0,2,0,2,1
101,28,37,2,2,0,0,0,0,5,0.0447,3,0,0,0,0,0,3,0,1,1
18,18,15,2,1,0,0,0,2,0,0.0,0,0,0,0,0,0,1,0,2,0
45,19,14,2,2,0,0,1,0,6,0.1247,1,0,0,0,1,0,1,0,1,1
95,32,28,4,1,0,1,0,2,10,0.1107,1,0,0,0,0,0,1,0,0,1
34,9,6,2,1,0,0,0,0,1,0.0169,0,0,1,0,0,0,0,0,1,0
60,17,5,0,0,0,0,0,3,8,0.1347,3,0,1,0,1,0,6,0,0,1
13,10,13,3,0,0,0,0,1,0,0.0153,0,0,0,0,0,0,0,0,2,0
33,20,28,3,2,0,0,0,1,1,0.0395,2,1,1,1,0,0,0,1,1,1
27,10,16,1,2,0,0,0,0,1,0.0292,0,0,1,0,0,0,1,0,0,0
75,13,45,4,0,0,1,2,2,17,0.2281,0,0,1,0,0,0,2,1,3,1
44,32,19,1,1,0,2,1,1,10,0.2342,1,0,1,0,1,0,0,0,5,1
94,13,39,0,0,1,0,0,1,4,0.0372,2,0,0,0,1,0,1,1,1,1
41,19,14,3,2,0,2,1,1,1,0.0288,0,0,0,0,0,0,1,0,1,1
91,8,27,1,1,0,0,0,1,29,0.3224,2,0,1,0,0,1,2,0,3,1
70,30,64,4,2,0,0,0,1,8,0.1112,1,0,1,0,1,1,1,1,2,1
38,25,10,3,0,0,0,0,0,0,0.0,0,0,1,0,0,0,0,0,2,0
67,21,28,6,4,0,1,0,1,9,0.1339,1,0,1,0,0,0,1,0,1,1
34,22,4,2,0,0,0,0,0,0,0.0017,1,0,1,0,0,0,0,0,2,0
31,19,0,2,1,0,0,0,0,0,0.0,0,0,1,0,0,0,0,0,1,0
76,14,28,4,2,0,1,2,2,12,0.1532,2,0,0,0,0,0,2,0,1,1
60,28,26,0,1,0,1,0,1,12,0.1958,2,0,0,0,1,0,3,1,1,1
42,8,13,4,1,0,1,1,1,6,0.1519,1,0,0,0,0,0,1,1,2,1
34,9,3,2,0,0,1,0,1,1,0.0264,1,0,1,0,0,0,0,0,0,0
68,8,15,3,0,0,0,0,0,3,0.0402,0,0,1,0,0,0,0,0,2,0
22,17,2,2,0,0,0,0,0,0,0.0,0,0,1,0,0,0,0,0,0,0
28,10,20,2,1,0,0,0,0,1,0.0241,0,0,1,0,0,0,0,0,1,0
23,18,12,2,1,0,0,0,0,1,0.0412,0,0,1,0,0,0,0,0,2,0
69,19,55,1,4,0,1,0,2,12,0.1712,1,0,1,0,0,0,0,1,0,1
43,15,0,2,0,0,0,0,0,1,0.0138,1,0,1,0,0,0,0,0,1,0
86,25,27,3,2,0,0,0,0,14,0.1643,3,0,0,0,0,0,0,0,1,1
99,24,30,3,2,0,0,1,1,0,0.0,1,0,0,0,0,1,2,0,2,1
35,20,0,1,0,0,0,0,0,0,0.0,1,0,1,0,0,0,0,0,0,0
41,15,0,2,0,0,0,0,1,1,0.0306,0,0,1,0,0,0,0,1,0,0
27,12,0,1,2,0,0,0,0,1,0.0306,0,0,1,0,0,0,0,0,1,0
69,25,29,4,1,0,1,0,3,8,0.1157,1,1,0,0,0,0,1,1,2,1
85,19,15,4,1,0,1,2,0,14,0.1645,0,0,1,0,0,0,1,0,3,1
108,13,32,4,5,0,0,0,0,17,0.1606,1,0,1,0,0,0,3,1,2,1
39,16,11,2,2,0,0,0,0,0,0.0,1,0,1,0,0,0,0,0,0,0
71,19,18,3,3,0,0,0,0,11,0.1511,2,1,0,0,0,0,1,0,5,1
80,21,20,4,1,0,1,0,0,11,0.1429,1,0,0,0,0,0,0,0,1,1
38,13,11,2,0,0,0,0,0,0,0.0,1,0,0,0,0,0,1,0,0,0
42,15,13,2,0,0,1,0,0,3,0.0746,0,0,0,0,0,0,0,0,1,0
20,25,14,2,0,0,1,0,1,1,0.0452,0,0,1,0,0,0,0,0,2,0
81,28,25,5,2,0,1,0,0,15,0.1792,2,1,0,0,0,0,2,1,1,1
42,20,50,1,4,0,2,0,3,10,0.2342,1,1,0,0,1,0,2,0,3,1
25,18,24,2,2,0,0,1,1,0,0.0,4,0,0,0,0,0,3,0,2,1
74,24,27,2,1,0,1,1,1,2,0.0272,1,0,1,0,0,0,2,1,1,1
109,25,24,4,1,0,2,0,1,3,0.023,0,0,0,0,0,1,0,0,1,1
92,26,78,3,3,0,1,1,0,0,0.0,1,0,0,0,1,0,3,0,4,1
41,24,33,2,1,1,0,0,1,6,0.135,1,1,0,0,0,0,1,0,2,1
28,37,24,4,3,0,0,0,1,0,0.0,0,0,0,0,0,0,2,0,2,1
35,28,31,3,1,0,0,1,3,1,0.023,2,0,1,0,1,0,1,0,0,1
66,44,10,6,2,0,2,1,0,20,0.3035,1,0,0,0,0,0,1,1,2,1
41,16,32,3,0,0,0,0,1,2,0.0445,1,0,1,0,0,0,0,0,0,0
56,22,20,3,0,0,0,0,1,0,0.0,0,0,1,0,0,0,1,0,0,0
44,8,22,2,0,0,0,0,0,0,0.0102,0,0,1,0,0,0,0,0,0,0
29,10,17,1,0,0,0,0,1,0,0.0,2,0,1,0,0,0,0,0,2,0
87,16,14,3,5,0,0,0,0,9,0.1001,2,0,1,0,0,0,1,1,4,1
45,18,0,2,0,0,0,0,0,1,0.0269,0,0,1,0,0,0,0,0,0,0
30,22,8,2,0,0,0,0,0,0,0.0,0,0,1,0,0,0,0,1,2,0
28,24,18,2,1,0,0,0,0,0,0.0079,0,0,0,0,0,0,0,0,0,0
10,21,17,3,0,0,0,2,0,0,0.0024,0,0,1,0,0,0,0,0,1,0
112,40,36,4,0,0,2,0,1,28,0.2458,2,0,1,0,0,0,4,0,1,1
18,16,19,2,0,0,0,1,0,0,0.0,0,0,1,0,0,0,0,0,0,0
34,19,7,1,0,0,0,0,0,1,0.0252,3,0,1,0,0,0,0,0,0,0
58,15,15,2,0,0,0,0,0,2,0.0402,0,0,1,0,0,0,0,0,0,0
44,22,16,2,0,0,1,0,0,2,0.0374,1,0,1,0,0,0,0,0,1,0
20,21,0,2,0,0,0,0,2,1,0.0364,0,0,1,0,0,0,0,0,2,0
30,23,8,4,1,0,0,0,1,1,0.0244,1,0,1,0,0,0,1,0,0,0
70,16,58,2,1,0,1,0,3,15,0.2136,0,0,1,0,0,0,0,1,2,1
67,20,10,3,0,0,1,0,1,3,0.0507,2,0,0,0,0,0,3,0,0,1
31,4,15,1,0,0,0,0,0,0,0.0,0,0,1,0,0,0,0,0,1,0
19,24,2,2,0,0,0,0,1,1,0.0337,1,0,1,0,0,0,0,0,3,0
31,18,5,2,0,0,0,0,0,0,0.0029,0,0,1,0,0,0,0,0,1,0
33,23,19,1,0,0,0,0,0,0,0.0,2,0,1,0,0,0,0,0,2,0
24,15,16,1,0,0,0,0,0,1,0.0218,0,0,1,0,0,1,0,0,1,0
28,13,16,3,2,0,0,0,0,0,0.0,1,0,1,0,0,0,0,0,1,0
97,23,27,1,3,0,0,0,2,24,0.2496,1,0,0,0,0,0,2,1,2,1
62,30,29,2,1,0,0,0,1,10,0.161,3,0,1,0,1,0,3,1,1,1
61,24,56,4,3,0,0,0,0,5,0.0906,0,1,0,0,0,1,3,1,1,1
51,34,34,5,1,0,1,0,2,8,0.1655,2,0,0,1,0,0,1,0,4,1
78,25,24,4,1,0,0,0,0,5,0.0583,0,0,0,0,0,0,2,1,1,1
20,8,20,1,0,0,0,0,1,0,0.0151,0,0,1,0,0,0,1,0,2,0
0,36,19,3,5,0,0,0,3,0,0.0014,0,0,1,0,0,0,0,1,4,1
73,28,8,2,3,0,0,1,0,13,0.1815,1,1,1,0,0,0,2,0,1,1
40,15,10,2,0,0,0,0,0,1,0.0229,0,0,1,0,0,0,0,0,2,0
66,15,27,6,1,0,2,1,4,1,0.0216,3,1,1,0,0,0,5,0,1,1
63,22,30,3,7,0,0,1,0,12,0.1846,2,0,0,0,0,0,1,0,2,1
55,15,17,4,0,0,1,0,3,11,0.2049,3,0,0,0,0,1,2,1,3,1
13,8,10,1,0,0,0,0,0,0,0.0,2,0,1,0,0,0,0,0,0,0
61,26,15,2,1,0,0,0,2,13,0.2198,1,0,0,0,0,1,4,0,1,1
50,41,19,6,3,0,0,1,0,6,0.1228,0,0,1,0,0,0,1,0,3,1
21,13,2,1,0,0,0,0,0,1,0.0563,0,0,1,0,0,0,0,0,3,0
57,19,39,3,1,0,1,0,0,13,0.2278,3,0,1,0,0,0,1,0,1,1
51,28,58,5,3,0,0,1,1,3,0.0506,0,0,1,0,0,0,1,0,4,1
27,8,23,1,1,0,0,0,0,1,0.0335,0,0,1,0,0,0,1,0,1,0
40,7,6,0,0,0,0,0,0,1,0.032,1,0,1,0,0,0,0,0,0,0
49,21,21,5,2,0,0,1,1,1,0.0212,1,0,0,0,0,0,3,1,0,1
24,5,6,1,1,0,0,0,0,1,0.0444,0,0,1,0,0,0,0,0,0,0
53,15,10,2,2,0,1,0,0,2,0.0422,0,0,1,0,0,0,1,0,0,0
37,16,19,3,0,0,0,0,0,0,0.0,0,0,1,0,0,0,0,0,0,0
46,28,41,3,1,0,1,0,1,2,0.0432,1,0,0,0,0,0,3,0,3,1
20,17,24,1,2,0,0,0,0,0,0.0234,1,0,1,0,0,0,0,0,0,0
35,14,12,1,1,0,2,0,0,1,0.0281,0,0,1,0,0,0,0,0,1,0
43,18,7,3,2,0,0,1,0,0,0.0,0,0,1,0,0,0,0,0,1,0
38,19,19,1,0,0,0,0,0,0,0.0047,0,0,1,0,0,0,1,0,1,0
47,32,42,4,1,0,0,0,0,3,0.0568,5,0,1,0,0,1,2,0,0,1
112,21,82,4,1,0,0,2,1,13,0.112,0,0,1,0,0,0,6,0,1,1
18,16,1,3,1,0,0,0,0,1,0.045,0,0,1,0,0,0,1,0,1,0
23,16,5,2,0,0,0,0,0,1,0.0434,2,1,1,0,0,0,0,0,1,0
13,10,17,2,0,0,0,0,0,0,0.0211,0,0,1,0,0,0,0,0,0,0
75,31,34,2,3,0,1,0,0,13,0.1775,1,1,0,0,1,0,3,0,1,1
97,19,38,2,3,0,0,0,1,7,0.0696,1,0,0,0,0,0,0,0,5,1
53,6,9,2,1,0,0,0,0,2,0.0305,0,0,1,0,0,0,0,0,1,0
36,8,15,1,0,0,0,0,0,1,0.0372,0,0,1,0,0,0,1,0,0,0
22,17,16,4,1,1,0,0,1,4,0.1741,1,0,1,0,0,0,1,0,2,1
44,15,7,1,0,0,0,0,0,0,0.0,0,0,1,0,0,0,0,0,0,0
91,32,43,3,2,0,1,0,0,7,0.0741,3,1,0,0,0,0,2,0,5,1
34,21,10,2,0,0,0,0,0,2,0.049,0,0,1,0,0,0,0,0,0,0
73,28,26,5,1,0,1,2,4,7,0.1002,1,1,1,0,1,1,0,0,1,1
82,22,33,6,1,0,0,1,1,11,0.1313,1,0,1,0,0,1,5,1,0,1
29,19,7,1,0,0,0,0,0,1,0.0406,0,0,1,0,0,0,0,0,0,0
61,25,23,2,0,0,0,0,0,12,0.203,2,1,1,0,0,0,1,0,2,1
86,27,34,4,3,0,2,0,2,12,0.1421,2,0,1,0,0,0,2,0,5,1
104,21,24,1,2,0,0,0,0,18,0.1758,1,1,1,1,0,0,1,0,1,1
24,8,7,2,1,0,0,0,0,0,0.0,0,0,1,0,0,0,0,0,0,0
31,17,0,2,0,0,0,0,1,4,0.1154,0,0,1,0,0,0,1,0,0,0
8,20,16,0,2,0,0,0,1,0,0.0051,1,0,1,0,0,0,0,0,0,0
35,12,13,1,2,0,1,0,0,0,0.0,0,0,1,0,0,0,0,0,3,0
75,13,43,2,1,0,0,0,0,0,0.0,3,0,0,0,0,0,4,0,1,1
76,28,35,6,3,0,0,0,0,12,0.1547,4,0,0,0,0,1,3,0,0,1
28,14,22,1,0,0,0,0,0,0,0.0,0,0,1,0,0,0,0,0,1,0
79,4,57,6,3,0,2,0,3,6,0.0776,0,0,1,0,0,0,1,0,1,1
40,16,19,4,3,0,1,0,1,3,0.0849,1,0,0,0,0,0,3,0,4,1
104,17,0,4,2,0,0,0,1,2,0.0225,0,0,0,0,0,0,1,1,2,1
20,5,17,1,0,0,0,0,1,0,0.0037,0,0,1,0,0,0,0,0,0,0
30,14,6,2,0,0,0,0,1,0,0.0,2,0,1,0,0,0,0,0,3,0
57,35,42,4,2,0,0,0,0,0,0.0,4,1,0,0,0,0,1,0,0,1
67,14,21,5,5,0,0,1,2,9,0.1363,4,0,1,0,0,0,3,1,3,1
31,15,6,1,1,0,0,0,1,0,0.0,0,0,1,0,0,0,0,0,2,0
43,18,11,4,2,0,0,0,0,0,0.0,1,0,1,0,0,0,0,0,3,0
43,34,17,4,2,0,1,2,1,3,0.0772,2,0,1,0,0,0,3,0,1,1
43,7,1,4,0,0,0,0,1,0,0.0,0,0,1,0,0,0,0,0,1,0
29,21,16,2,0,0,0,0,0,1,0.035,0,0,1,0,0,0,0,0,1,0
37,13,10,2,1,0,1,0,0,2,0.0621,0,0,0,0,1,0,0,0,1,0
50,36,12,2,3,0,1,1,0,2,0.045,2,0,1,0,0,1,1,1,3,1
38,19,4,3,0,0,0,0,0,1,0.0202,1,0,1,0,0,0,1,0,1,0
17,20,15,1,0,0,0,0,0,0,0.0,0,0,1,0,0,0,0,0,0,0
6,26,37,4,2,0,2,0,1,1,0.1093,2,0,0,1,0,0,2,0,3,1
90,14,7,6,0,0,0,1,1,19,0.2075,3,1,0,0,0,0,1,0,2,1
51,45,23,5,1,0,1,1,0,6,0.1213,1,0,1,0,0,0,1,1,3,1
92,23,13,3,2,0,1,1,2,5,0.0563,2,0,0,0,1,0,3,1,2,1
94,24,54,2,1,0,0,0,0,10,0.1035,2,1,1,0,0,0,1,0,0,1
28,12,5,2,0,0,0,0,0,0,0.0,0,0,1,0,0,0,0,0,0,0
55,8,13,2,1,0,1,0,0,0,0.0,1,0,0,0,0,0,1,0,0,0
28,17,7,1,0,0,1,0,0,0,0.0,0,0,1,0,0,0,0,0,0,0
31,17,2,2,0,0,0,0,0,0,0.0,0,0,1,0,0,0,0,0,1,0
54,41,23,4,1,0,0,0,0,2,0.0302,1,0,1,0,0,0,1,0,4,1
58,17,4,1,0,0,0,0,2,0,0.0045,3,0,1,0,0,1,0,0,1,0
90,29,25,0,1,0,0,0,0,0,0.0,0,0,1,0,0,0,1,0,3,1
38,13,4,2,0,0,0,0,0,0,0.0017,0,0,1,0,0,0,0,0,1,0
35,14,8,2,0,0,0,0,0,1,0.0148,0,0,1,0,0,0,0,0,2,0
41,39,27,4,4,1,2,0,0,0,0.0,1,0,1,1,0,1,0,1,3,1
88,26,44,3,0,0,0,0,2,4,0.042,0,1,1,0,0,0,0,0,1,1
48,15,7,3,0,0,0,0,1,0,0.0082,0,0,1,0,0,1,1,0,0,0
45,34,5,4,1,0,0,1,2,1,0.022,1,1,1,0,0,0,3,0,2,1
42,15,14,2,1,0,0,0,0,0,0.0,0,0,0,0,0,0,0,0,1,0
22,13,20,3,0,0,0,0,0,2,0.0751,1,0,1,0,0,0,0,0,0,0
67,26,14,4,0,0,1,0,1,10,0.1417,0,0,1,0,0,0,2,0,2,1
85,22,25,4,1,0,0,0,1,5,0.0636,2,1,0,0,0,0,3,0,3,1
7,18,21,2,1,0,0,0,0,0,0.0261,1,0,1,0,0,0,0,0,0,0
13,29,31,5,4,0,0,0,0,1,0.116,0,0,1,0,0,0,2,0,2,1
32,16,24,1,0,0,0,0,0,0,0.0114,0,0,1,0,0,1,0,0,2,0
60,5,33,3,2,0,0,1,3,5,0.0761,0,0,1,0,0,1,2,0,2,1
108,18,27,3,0,0,0,0,0,10,0.0891,0,0,1,0,0,0,0,0,5,1
51,53,30,5,3,0,0,1,0,1,0.0288,2,0,0,0,0,1,1,0,3,1
48,22,9,4,6,0,0,0,0,9,0.1853,2,0,0,0,0,0,2,1,1,1
17,12,10,3,0,0,0,0,0,0,0.0057,0,0,1,0,0,0,0,0,0,0
121,19,16,6,2,1,0,0,1,8,0.068,0,0,0,0,0,1,1,0,3,1
73,30,3,4,1,0,2,0,0,10,0.1417,2,0,1,0,0,0,5,1,2,1
10,17,7,1,0,0,0,0,0,0,0.023,0,0,1,0,0,0,0,0,0,0
85,22,6,4,2,0,0,0,0,10,0.1223,1,0,0,0,0,1,3,1,1,1
15,18,3,1,0,0,0,0,0,0,0.0,1,0,1,0,0,0,0,0,3,0
76,11,37,3,5,0,0,0,1,16,0.2076,0,1,1,1,0,0,1,1,0,1
28,20,8,1,1,0,0,0,0,0,0.0,0,0,1,0,0,0,0,0,1,0
28,14,12,2,0,0,1,0,1,0,0.0,1,0,1,0,0,0,0,0,1,0
52,14,35,2,2,0,3,1,0,4,0.0814,1,0,0,0,0,0,1,0,4,1
76,28,29,5,1,0,0,2,1,16,0.2072,2,0,1,0,1,0,1,1,1,1
36,21,0,2,0,0,0,0,0,0,0.0014,0,0,1,0,0,0,0,0,3,0
39,26,34,4,3,0,1,0,1,4,0.1026,4,1,0,0,0,0,1,0,4,1
43,28,14,4,1,0,0,0,1,7,0.1734,3,1,1,0,0,0,2,1,0,1
116,24,29,4,0,0,1,2,0,3,0.0271,2,0,0,0,0,0,1,1,2,1
39,17,14,1,1,0,0,0,0,0,0.0,1,0,0,0,0,0,0,0,1,0
28,17,0,2,1,0,0,0,0,1,0.0479,0,0,1,0,0,0,0,0,1,0
117,27,21,4,3,0,1,0,1,19,0.1615,1,0,0,0,1,0,1,1,1,1
66,22,46,3,3,0,0,0,0,5,0.0743,0,0,0,0,0,0,1,0,2,1
42,17,18,5,4,0,0,1,1,5,0.1199,2,1,0,0,0,1,3,1,1,1
22,11,0,0,0,0,0,0,0,1,0.0291,0,0,1,0,0,0,1,1,3,0
87,15,1,2,3,0,2,1,0,18,0.2083,3,0,0,0,0,1,2,1,2,1
105,14,44,7,4,0,1,0,4,23,0.2149,2,0,1,0,0,0,1,0,1,1
30,22,2,3,2,0,0,0,0,1,0.0343,0,0,1,0,0,0,1,0,0,0
62,32,13,2,2,1,0,0,1,14,0.2319,0,0,0,1,1,0,1,0,4,1
84,10,0,4,3,0,2,0,0,14,0.1634,2,0,0,0,0,0,2,1,1,1
27,24,13,3,2,0,0,0,0,1,0.0524,0,0,1,0,0,0,0,0,2,0
24,12,6,2,0,0,0,0,0,1,0.0507,0,0,1,0,0,0,0,0,1,0
65,21,2,1,1,0,0,1,0,9,0.1341,1,0,0,0,1,0,1,1,4,1
36,13,3,3,1,0,0,0,1,2,0.049,1,0,1,0,0,0,0,0,0,0
61,23,46,2,1,0,0,0,0,5,0.0748,3,0,1,1,0,0,3,0,3,1
72,39,25,5,1,0,1,0,1,2,0.0339,1,1,0,0,0,0,1,0,1,1
103,29,8,6,2,0,0,2,1,25,0.2375,1,0,0,0,0,0,1,0,1,1
43,22,15,1,3,0,0,1,1,6,0.1284,0,1,0,0,0,0,3,0,3,1
163,23,15,4,1,0,2,1,2,6,0.0367,1,0,0,1,0,0,0,0,3,1
20,43,17,2,5,0,1,1,0,0,0.0243,0,0,0,1,0,0,1,0,0,1
76,23,47,2,1,0,4,1,1,9,0.1123,0,0,0,0,1,0,0,1,1,1
7,20,0,1,1,0,0,0,0,0,0.0133,0,0,1,0,0,0,0,0,0,0
32,20,16,2,0,0,0,0,0,0,0.0,0,0,1,0,0,0,0,0,1,0
31,8,4,3,0,0,0,0,1,0,0.0,1,0,1,0,0,0,0,0,0,0
35,18,14,1,0,0,0,0,1,2,0.0518,0,0,1,0,0,0,0,0,0,0
43,13,0,2,1,0,0,0,0,1,0.0234,0,0,1,0,0,0,0,0,3,0
31,12,1,1,0,0,0,0,2,0,0.0,1,0,1,0,0,0,1,0,2,0
95,27,26,3,3,0,1,1,2,4,0.0413,3,0,0,0,0,1,1,0,1,1
80,20,26,4,1,0,1,0,1,17,0.2121,1,0,1,0,0,0,4,0,0,1
44,15,15,3,0,0,0,0,0,0,0.0009,1,0,1,0,0,0,1,0,1,0
19,7,4,2,0,0,0,0,0,0,0.0,0,0,1,0,0,0,0,0,0,0
109,17,25,4,1,0,1,1,1,8,0.073,0,0,1,0,0,0,1,0,1,1
96,26,61,5,4,0,1,1,1,6,0.0594,1,0,1,0,0,0,2,1,4,1
68,37,61,4,0,0,0,0,0,11,0.1628,3,0,1,1,0,1,3,1,3,1
72,23,74,1,3,0,1,1,0,6,0.0894,2,0,1,0,0,0,2,0,5,1
46,23,20,4,1,0,1,2,1,10,0.2078,2,0,1,0,0,0,1,1,4,1
78,17,29,2,1,0,0,0,0,6,0.0738,0,1,1,0,0,0,0,1,2,1
33,15,25,1,0,0,0,0,0,1,0.0374,0,0,1,0,0,0,0,0,2,0
26,16,3,1,1,0,0,0,1,0,0.0122,0,0,1,0,0,0,0,0,0,0
72,26,10,5,3,0,1,3,1,0,0.0,1,0,0,0,1,0,1,1,0,1
43,14,52,2,3,0,0,0,1,8,0.191,3,0,1,0,0,0,4,0,1,1
105,12,36,5,3,0,0,0,1,14,0.1318,2,1,0,0,0,0,2,0,1,1
78,3,27,2,1,0,1,1,1,7,0.0896,2,1,0,0,0,0,2,1,2,1
16,20,14,2,0,0,0,0,0,0,0.0242,0,0,1,0,0,0,0,0,2,0
36,19,0,1,0,0,0,0,0,0,0.0,2,0,1,0,0,0,0,0,0,0
22,14,24,2,0,0,0,0,0,1,0.0302,1,0,1,0,0,0,0,0,0,0
71,26,12,4,2,0,1,0,0,17,0.2338,0,0,0,1,0,0,0,0,1,1
59,37,0,2,4,0,0,0,0,6,0.1022,1,0,0,0,0,0,0,0,2,1
75,25,43,4,2,0,1,0,1,7,0.0955,0,1,0,0,0,1,3,0,3,1
62,25,25,2,3,0,0,0,2,11,0.1693,2,0,1,0,1,0,1,1,1,1
16,26,33,5,2,1,0,0,0,4,0.2341,2,0,1,0,0,0,0,1,3,1
44,10,16,1,0,0,0,0,0,2,0.0561,0,0,1,0,0,0,0,0,0,0
35,13,19,1,0,0,0,0,1,0,0.0057,0,0,1,0,0,0,0,0,0,0
61,14,13,1,0,0,0,0,0,1,0.0211,0,0,1,0,0,0,0,0,1,0
37,16,18,1,0,0,0,0,0,1,0.023,0,0,1,0,0,0,0,0,1,0
40,33,55,4,5,0,0,0,1,6,0.1529,4,1,0,0,0,0,1,0,3,1
34,27,19,3,2,0,0,0,0,2,0.0589,0,0,0,0,0,0,2,0,2,1
28,15,15,1,1,0,0,0,1,1,0.0481,0,0,1,0,0,0,0,0,2,0
74,32,36,2,2,0,1,1,2,0,0.0,0,0,0,0,0,1,3,0,2,1
31,19,20,0,1,0,0,0,0,2,0.0664,0,0,0,0,0,0,1,0,1,0
68,26,17,5,0,0,1,1,2,6,0.0944,2,0,0,0,0,0,1,0,1,1
26,14,7,3,1,0,0,0,1,0,0.0152,0,0,1,0,0,0,0,0,0,0
24,14,10,1,0,0,0,0,0,0,0.0,1,0,1,0,0,0,0,0,0,0
45,8,20,3,4,0,2,1,1,3,0.0782,0,1,1,0,0,0,1,1,0,1
83,25,6,1,5,1,3,0,1,12,0.1473,2,0,1,0,0,0,0,0,1,1
99,39,32,3,5,0,0,0,2,16,0.1632,2,1,1,0,0,0,2,1,1,1
19,6,10,1,0,0,0,0,0,0,0.0,0,0,1,0,0,0,0,0,1,0
45,12,11,3,0,0,0,0,0,3,0.0622,1,0,1,0,0,0,0,0,2,0
39,22,9,1,0,0,0,0,0,1,0.0253,0,0,1,0,0,0,0,0,2,0
26,11,15,3,0,0,0,0,0,0,0.0,1,0,1,0,0,0,1,0,1,0
118,18,7,2,2,0,0,0,0,41,0.3486,1,1,1,0,0,0,2,0,1,1
25,21,20,2,0,0,0,0,1,0,0.0,1,0,1,0,0,0,0,0,0,0
17,11,21,1,3,0,0,0,0,1,0.034,0,0,1,0,0,0,0,0,1,0
54,32,27,3,5,0,0,0,1,9,0.1754,5,0,0,0,0,1,1,1,2,1
29,13,8,2,1,0,0,0,0,0,0.0,0,0,1,0,0,0,1,0,0,0
44,23,0,2,0,0,0,0,0,0,0.0,0,0,1,0,0,0,0,0,1,0
39,11,18,2,0,0,0,1,0,1,0.0267,0,0,1,0,0,0,0,0,1,0
28,14,0,1,1,0,1,0,0,1,0.0194,0,0,1,0,0,0,0,0,0,0
29,15,17,1,0,0,0,0,1,0,0.0,0,0,1,0,0,0,0,0,1,0
40,13,19,4,0,0,0,0,0,1,0.0141,1,0,0,0,0,1,0,0,0,0
20,14,13,1,0,0,0,0,0,0,0.0236,0,0,1,0,0,1,0,0,1,0
34,16,9,1,1,0,0,0,1,2,0.0457,1,0,1,0,0,0,0,0,0,0
26,24,62,1,2,0,0,0,2,3,0.1233,0,0,1,0,0,0,2,1,3,1
38,12,21,2,0,0,0,0,1,0,0.0082,0,0,1,0,0,0,1,0,0,0
59,24,17,2,2,0,1,0,1,4,0.065,0,0,1,0,0,0,0,1,4,1
41,10,0,2,0,0,0,0,0,2,0.0575,0,0,1,0,0,0,1,0,1,0
47,31,6,1,1,0,0,0,0,1,0.0179,0,0,1,0,1,0,0,0,3,0
51,30,22,4,3,0,1,0,3,10,0.1855,0,0,1,0,0,0,1,0,1,1
58,31,26,6,3,0,0,0,0,9,0.1639,1,0,0,0,0,0,3,0,2,1
48,21,0,2,1,0,0,0,0,0,0.0,1,0,1,0,0,0,1,0,0,0
21,26,24,3,5,0,0,0,0,0,0.0,1,0,1,0,0,0,1,0,0,1
94,37,59,3,3,0,1,0,1,5,0.0509,2,0,0,0,0,1,0,0,2,1
58,7,21,2,1,0,0,0,1,0,0.0,0,0,1,0,1,0,0,0,1,0
16,17,13,2,0,0,0,0,0,1,0.0564,0,0,1,0,0,0,1,0,0,0
82,26,19,3,1,0,0,0,2,14,0.1664,3,0,1,0,1,1,3,0,1,1
101,26,44,2,2,0,0,0,1,19,0.1838,3,0,0,0,0,0,0,1,0,1
45,20,21,2,2,0,0,0,0,0,0.0098,0,0,1,0,0,0,0,0,0,0
86,27,31,2,2,0,2,0,0,2,0.0182,1,1,1,0,0,1,1,1,4,1
36,11,0,2,0,0,1,0,0,0,0.0,0,0,1,0,0,0,0,0,0,0
37,13,45,5,2,0,1,1,1,0,0.0,0,0,0,0,0,1,2,0,2,1
104,30,27,0,0,0,1,0,2,5,0.0487,1,0,0,0,0,0,3,0,1,1
47,14,1,2,0,0,0,0,1,5,0.1041,0,0,1,0,0,0,0,0,1,0
0,15,30,3,1,0,0,0,2,0,0.2117,1,0,0,0,0,0,0,1,2,1
55,24,34,1,0,0,0,0,0,0,0.0,0,0,0,0,1,0,1,1,1,1
78,16,39,5,0,1,2,0,1,10,0.1253,2,0,0,0,0,0,4,0,0,1
43,12,18,2,0,0,0,0,0,0,0.0,1,0,1,0,0,0,0,0,0,0
29,19,10,1,0,0,0,0,1,0,0.009,0,0,1,0,0,0,1,0,0,0
37,14,15,1,1,0,0,0,1,1,0.0246,0,0,1,0,0,0,0,0,1,0
112,29,42,1,4,0,0,1,2,15,0.1384,0,0,0,0,0,1,0,1,1,1
30,7,2,2,0,0,0,0,0,1,0.0378,0,0,1,0,0,0,1,0,1,0
23,21,12,2,0,0,0,0,0,0,0.0,2,0,1,0,0,0,0,0,1,0
9,13,4,2,1,0,0,0,0,0,0.0,0,0,0,0,0,0,0,0,0,0
35,34,33,1,4,0,1,0,2,8,0.2438,2,0,0,0,0,0,1,1,1,1
39,24,14,1,0,0,0,0,0,1,0.0244,0,0,1,0,0,0,0,0,0,0
28,24,22,2,0,0,0,0,0,2,0.0716,0,0,1,1,0,0,0,0,0,0
60,40,34,3,2,0,0,2,0,6,0.0975,3,0,1,0,0,1,1,0,5,1
29,17,17,1,2,0,0,0,0,1,0.0481,0,0,1,0,0,0,0,0,2,0
34,17,5,2,1,0,0,0,0,1,0.0301,0,0,1,0,0,0,0,0,1,0
51,18,41,2,1,0,1,1,1,5,0.092,3,0,1,0,1,0,3,0,3,1
53,26,29,2,1,0,1,1,1,8,0.1496,3,0,0,0,0,0,0,0,0,1
69,13,29,4,2,0,0,0,0,3,0.0439,1,0,1,0,0,1,2,0,1,1
26,16,11,2,0,0,0,1,0,1,0.0451,1,0,1,0,0,0,0,0,2,0
21,17,13,2,0,0,1,0,0,1,0.0303,0,0,1,0,0,0,0,0,1,0
77,25,33,2,5,0,0,0,1,7,0.0894,3,0,0,0,0,0,2,0,3,1
88,21,24,4,1,0,0,0,2,11,0.1253,2,0,0,0,0,0,2,1,0,1
56,23,60,6,3,0,0,0,2,4,0.0729,1,1,1,0,1,0,1,1,1,1
58,43,23,5,1,0,0,0,1,5,0.0901,1,1,0,0,0,1,1,0,5,1
106,34,17,2,3,0,1,0,2,29,0.2697,3,1,0,0,0,0,3,0,1,1
42,21,13,2,1,0,0,0,0,1,0.0195,0,0,1,0,0,0,0,0,0,0
17,18,8,1,0,0,0,0,0,0,0.0,0,0,1,0,0,0,0,0,1,0
81,26,34,3,0,0,1,0,1,6,0.0757,1,0,0,0,0,0,0,1,0,1
33,24,21,2,0,0,0,0,0,2,0.0548,0,0,0,0,0,0,0,0,0,0
67,29,19,5,2,0,0,2,1,5,0.0792,1,0,1,1,0,1,0,0,2,1
20,15,27,1,3,0,0,0,0,1,0.0412,1,0,1,0,0,0,0,0,1,0
67,26,52,1,1,0,0,0,1,14,0.2067,1,0,0,0,0,0,2,0,4,1
70,35,40,5,4,0,0,3,1,0,0.0,0,0,1,0,1,0,2,0,2,1
21,30,32,3,4,0,2,0,4,2,0.0797,2,1,0,0,1,1,3,0,2,1
21,20,18,1,0,0,1,0,0,1,0.0357,1,0,1,0,0,0,0,0,1,0
104,28,22,4,3,0,0,0,1,21,0.2061,0,0,1,0,0,1,1,1,3,1
80,18,29,3,1,0,0,1,2,12,0.154,2,1,0,0,0,1,2,0,2,1
69,22,31,4,4,0,1,1,3,13,0.1894,2,0,1,0,0,0,2,1,1,1
79,32,19,4,3,0,1,0,1,14,0.1786,0,1,0,0,0,1,4,0,1,1
43,22,14,2,1,0,0,0,1,2,0.042,1,0,0,0,0,0,0,1,0,0
31,16,14,1,0,0,0,0,0,0,0.0,2,0,1,0,0,0,0,0,2,0
24,17,0,2,0,0,0,1,0,0,0.0203,0,0,0,0,0,0,0,0,0,0
37,18,23,3,2,0,0,1,1,9,0.2487,4,0,1,0,0,0,2,0,1,1
35,14,14,2,0,0,0,0,0,1,0.0167,1,0,1,0,0,0,0,0,1,0
18,15,0,2,0,0,0,0,0,1,0.0371,0,0,1,0,0,0,1,0,1,0
71,33,35,1,1,0,1,1,2,1,0.0074,1,1,0,0,0,0,1,1,3,1
50,29,18,3,4,0,1,1,1,8,0.156,2,0,0,1,0,0,1,1,0,1
46,8,4,2,1,0,0,0,0,2,0.0429,0,0,1,0,0,0,0,0,0,0
94,24,15,2,1,0,0,0,2,8,0.087,1,1,0,0,1,0,0,0,4,1
39,14,10,2,0,0,0,0,0,0,0.0065,1,0,1,0,0,0,0,0,1,0
105,18,35,2,2,0,0,1,1,13,0.1254,4,0,1,0,0,0,3,0,5,1
41,18,16,2,0,0,0,0,1,2,0.0478,0,0,1,0,1,0,0,0,1,0
70,29,28,3,2,0,0,0,0,9,0.127,4,0,1,0,0,0,4,0,2,1
35,20,22,1,1,0,0,0,0,2,0.0636,0,0,1,0,0,0,0,0,0,0
67,24,30,7,1,0,0,0,0,0,0.0,4,1,0,0,0,0,2,1,2,1
29,18,10,2,0,0,0,0,2,0,0.0082,0,0,1,0,0,0,0,0,0,0
105,20,26,6,1,0,1,0,0,31,0.2984,1,0,0,0,0,0,1,0,3,1
19,20,21,4,2,0,0,1,1,2,0.1026,2,0,0,0,0,1,1,1,2,1
96,15,44,2,1,0,1,0,1,25,0.2587,0,0,1,0,0,0,2,0,4,1
9,16,15,2,1,0,0,0,2,0,0.0293,0,0,1,0,0,0,0,0,1,0
111,21,9,4,2,0,0,0,1,14,0.1287,1,0,0,0,0,0,3,1,2,1
13,11,18,2,0,0,0,0,1,0,0.0,1,0,1,0,0,0,0,0,1,0
63,36,0,4,4,0,1,0,2,1,0.023,0,0,0,0,0,0,2,0,3,1
53,17,15,2,1,0,0,0,0,1,0.0264,0,0,1,0,0,1,1,0,2,0
63,13,8,3,1,0,0,0,0,2,0.0323,1,0,1,0,0,0,0,0,2,0
33,10,0,1,0,0,0,0,0,2,0.0469,0,0,1,0,0,0,0,0,2,0
98,26,43,2,1,0,1,0,2,11,0.113,0,1,1,0,0,0,3,0,0,1
20,17,23,2,1,0,0,0,0,1,0.0285,1,0,1,0,0,0,0,0,0,0
22,15,7,2,0,0,0,0,1,0,0.0,0,0,1,0,0,0,0,0,1,0
106,25,24,1,1,0,1,0,0,27,0.2528,1,0,1,0,0,0,0,1,1,1
37,12,22,1,0,0,0,0,1,0,0.0,0,0,1,0,0,0,1,0,1,0
87,31,58,2,4,0,1,0,1,14,0.1589,4,0,0,0,0,0,4,0,2,1
40,15,22,1,0,0,0,0,0,0,0.0096,0,0,1,0,0,0,0,0,1,0
19,32,57,3,2,0,1,1,2,5,0.2607,0,0,0,0,0,0,4,0,4,1
27,14,32,1,0,0,0,0,1,1,0.0235,0,0,1,0,0,0,0,0,1,0
42,11,21,0,0,0,0,0,0,2,0.0387,1,0,1,0,0,0,0,0,0,0
29,19,23,1,1,0,1,0,0,0,0.0,1,0,1,0,0,0,1,0,0,0
25,20,9,2,0,0,1,0,1,1,0.0512,0,0,1,0,0,0,0,0,2,0
33,16,3,2,0,0,0,0,1,0,0.0,1,0,1,0,0,0,0,0,2,0
85,16,18,3,2,0,0,1,0,10,0.1142,1,0,0,0,1,1,2,1,1,1
31,16,17,2,1,0,0,0,1,1,0.0333,0,0,1,0,0,0,1,0,2,0
22,7,0,1,0,0,0,0,0,0,0.0,0,0,1,0,0,0,0,0,1,0
93,20,26,3,3,0,0,2,2,12,0.1262,1,1,1,0,1,0,3,1,1,1
76,17,28,3,3,0,1,2,2,8,0.1014,0,0,0,0,0,0,2,1,1,1
70,25,31,4,1,0,1,1,0,6,0.0836,0,0,1,0,0,0,2,1,1,1
63,32,13,4,2,0,2,0,1,15,0.2428,0,0,1,0,0,0,1,1,2,1
52,25,42,2,0,0,0,1,1,7,0.1254,0,0,0,0,0,0,1,0,3,1
37,27,32,3,1,1,2,1,0,4,0.1011,2,1,1,0,0,0,2,0,4,1
39,17,15,2,0,0,0,0,1,0,0.0,0,0,1,0,0,0,0,0,0,0
41,24,7,0,0,0,0,0,1,0,0.0,0,0,1,0,0,0,0,0,1,0
32,8,11,2,0,0,0,0,1,1,0.0249,0,0,1,0,0,0,0,0,4,0
104,17,46,3,2,0,0,0,2,1,0.0144,6,0,1,0,0,0,2,1,1,1
89,34,20,2,5,0,0,1,0,19,0.2135,1,0,1,0,0,0,2,1,3,1
70,20,26,6,3,0,1,1,1,22,0.3105,1,0,1,0,0,0,1,1,3,1
27,22,8,2,2,0,0,0,0,0,0.0,0,0,1,0,0,0,1,0,0,0
29,13,0,3,0,0,0,0,0,0,0.0,0,0,1,0,0,0,0,0,0,0
40,15,8,2,1,0,0,0,0,0,0.0,0,0,1,0,0,0,0,0,0,0
138,42,23,5,3,0,1,0,2,22,0.1574,1,1,0,0,0,0,2,0,0,1
23,24,3,2,0,0,1,0,0,0,0.0,1,0,1,0,0,0,0,0,1,0
42,17,20,2,0,0,0,0,0,3,0.0603,0,0,1,0,0,0,2,0,1,0
42,16,8,2,1,0,1,1,1,2,0.0555,0,0,0,0,0,0,0,1,0,0
71,16,9,6,2,0,1,1,0,11,0.1574,1,0,0,0,0,0,0,0,1,1
97,11,20,2,4,0,0,0,1,4,0.0376,0,0,0,0,1,1,2,0,1,1
54,9,25,3,1,0,0,0,0,3,0.0506,0,0,1,0,0,0,0,0,1,0
46,13,13,3,0,0,0,0,1,0,0.0054,0,0,1,0,1,0,0,0,0,0
45,6,9,2,0,0,0,0,0,0,0.0045,0,0,1,0,0,0,0,0,0,0
89,28,22,5,1,0,0,1,0,7,0.0822,5,1,0,0,0,0,3,0,1,1
67,16,9,2,0,0,0,0,1,2,0.0312,0,0,1,0,0,0,0,0,1,0
70,23,22,5,3,0,1,1,0,10,0.1463,1,0,0,0,0,1,3,0,3,1
25,30,41,4,1,0,1,0,3,3,0.1187,2,0,0,0,0,0,2,1,0,1
23,15,0,2,0,0,0,0,0,0,0.0,0,0,1,0,0,0,0,0,1,0
25,12,21,2,0,0,0,0,0,0,0.0069,1,0,1,0,0,0,0,0,1,0
25,11,9,2,0,0,0,0,1,1,0.0287,1,0,0,0,0,0,1,0,1,0
52,15,45,2,4,0,0,0,2,7,0.1377,1,0,0,0,0,0,0,0,1,1
52,14,8,2,0,0,1,0,1,2,0.0453,0,0,0,0,0,0,1,0,0,0
25,18,14,2,0,0,0,0,0,1,0.027,0,0,1,0,0,0,0,0,0,0
31,15,0,2,0,0,0,0,0,0,0.015,0,0,1,0,0,0,0,0,1,0
32,29,31,5,2,0,0,1,0,6,0.1886,1,0,0,0,0,0,1,0,1,1
27,8,6,1,1,0,0,0,0,1,0.0193,0,0,1,0,0,0,0,0,0,0
76,30,47,2,3,0,2,0,3,15,0.1967,1,1,0,0,1,1,3,1,3,1
54,18,23,5,2,0,1,0,0,13,0.2442,0,0,0,0,0,0,2,0,1,1
24,9,13,2,0,0,0,0,1,1,0.038,0,0,1,0,0,0,0,0,0,0
76,28,11,4,3,0,1,0,1,11,0.1385,1,0,1,0,0,0,3,1,0,1
86,23,4,3,2,0,0,0,0,6,0.0738,1,0,0,0,0,0,2,1,1,1
35,9,13,2,0,0,0,0,0,1,0.0341,0,0,1,0,0,0,0,1,1,0
94,27,14,2,2,0,1,1,1,0,0.0,2,0,0,0,0,1,3,0,2,1
110,21,0,3,0,0,2,0,2,1,0.0116,1,1,0,0,0,0,2,0,1,1
57,21,17,3,1,1,1,3,0,9,0.1626,2,0,0,0,0,0,4,0,0,1
42,21,57,4,3,0,0,1,3,12,0.2965,1,0,1,0,0,0,1,0,4,1
27,7,2,1,1,0,0,0,0,1,0.0203,2,0,1,0,0,0,0,0,1,0
30,14,6,0,0,0,1,0,1,1,0.0473,0,0,1,0,0,0,0,0,0,0
35,12,10,2,0,0,0,0,1,1,0.0245,1,0,1,0,0,0,0,0,2,0
24,13,0,1,0,0,0,0,0,1,0.0286,0,0,1,0,0,0,0,0,1,0
77,20,11,6,0,0,0,0,0,12,0.157,2,0,0,0,0,0,1,1,1,1
46,14,17,3,0,0,0,0,0,2,0.0463,0,0,1,0,0,0,0,0,0,0
11,24,13,2,1,0,0,0,0,0,0.0,0,0,1,0,0,0,0,0,0,0
58,28,39,5,1,0,0,0,2,8,0.1393,1,0,0,0,0,0,2,0,3,1
28,14,21,3,0,0,0,0,1,1,0.0436,2,0,1,0,0,0,0,0,0,0
31,16,14,1,1,0,0,0,0,2,0.076,1,0,1,0,0,0,0,0,2,0
57,11,11,2,0,0,0,0,1,1,0.0195,0,0,1,0,0,0,0,0,0,0
37,15,20,3,0,0,0,0,0,0,0.0021,0,0,1,0,0,0,0,0,1,0
85,31,22,2,2,0,2,0,3,10,0.1219,1,1,1,0,1,0,5,0,2,1
85,27,12,5,0,0,1,0,3,8,0.093,3,0,1,0,0,0,0,0,0,1
32,23,14,1,0,0,0,0,0,1,0.0352,0,0,1,0,0,0,0,0,1,0
50,22,0,1,0,0,1,0,1,0,0.0,0,0,1,0,0,0,0,0,0,0
83,15,23,5,1,0,0,2,0,0,0.0,1,0,0,0,0,0,0,0,2,1
93,27,38,2,1,0,1,0,4,22,0.2367,0,0,0,0,0,0,3,0,2,1
59,28,37,3,3,0,0,1,3,7,0.1269,2,0,0,0,0,0,1,1,1,1
114,31,0,1,2,0,0,1,1,22,0.1939,4,0,1,0,1,0,3,0,1,1
67,34,48,5,1,0,2,1,1,9,0.1387,1,0,1,0,0,0,3,0,3,1
11,20,3,3,0,0,0,0,0,0,0.0,0,1,1,0,0,0,0,0,1,0
30,12,4,3,1,0,0,0,1,2,0.0619,1,0,1,0,0,0,0,0,3,0
29,15,6,3,1,0,0,0,0,0,0.0,0,0,1,0,0,0,0,0,2,0
15,17,9,2,0,0,0,0,0,0,0.0198,0,0,1,0,0,0,0,0,0,0
15,6,0,1,0,0,0,0,0,0,0.0109,0,0,1,0,0,0,1,0,0,0
65,28,42,4,6,0,0,1,2,9,0.139,1,0,0,0,0,0,1,1,1,1
40,17,0,2,0,0,0,0,0,0,0.0,0,0,1,0,0,0,0,0,0,0
4,8,55,4,0,0,0,3,1,1,0.1986,0,1,0,0,0,0,2,0,1,1
88,31,25,3,2,0,0,0,1,6,0.0636,2,0,0,0,0,0,0,1,3,1
32,17,16,2,0,0,0,0,0,1,0.0194,1,0,1,0,0,0,0,0,0,0
63,30,24,5,5,0,0,1,1,10,0.1607,0,1,0,0,0,0,1,1,0,1
27,24,8,1,1,0,0,0,0,1,0.0526,0,0,1,0,0,0,0,0,4,0
43,21,26,3,0,0,0,0,1,0,0.0,0,0,1,0,0,0,1,0,0,0
41,19,22,3,1,0,0,0,0,0,0.0008,0,0,1,0,1,0,0,0,3,0
52,15,15,1,0,0,0,0,0,3,0.0577,0,0,1,0,1,0,0,0,2,0
30,24,0,2,1,0,0,0,1,1,0.047,0,0,1,0,0,0,0,0,0,0
29,19,0,3,0,0,0,0,0,1,0.0504,0,0,1,0,0,0,0,0,0,0
75,12,9,1,0,0,0,0,0,5,0.066,0,0,0,0,0,0,1,1,2,1
16,14,15,2,0,0,0,0,1,0,0.027,0,0,1,0,0,1,0,0,1,0
36,17,17,1,1,0,0,0,0,1,0.0212,0,0,1,0,0,0,0,0,0,0
74,20,35,2,1,0,1,0,1,0,0.0027,0,0,1,0,0,0,3,0,3,1
36,12,0,0,1,0,0,0,0,1,0.0386,1,0,1,0,0,0,0,0,0,0
67,30,0,2,4,0,2,0,0,5,0.0779,2,0,0,0,0,1,1,0,1,1
130,17,37,1,3,0,0,1,1,19,0.148,1,1,1,0,0,0,2,0,2,1
26,18,10,1,0,0,0,0,2,0,0.0024,0,0,1,0,0,0,0,0,1,0
46,12,19,3,0,0,0,0,0,2,0.0408,0,0,1,0,0,0,0,0,0,0
91,13,22,2,6,0,1,1,0,9,0.0956,1,0,0,0,0,0,3,0,4,1
19,16,17,2,0,0,0,0,0,0,0.0135,0,0,0,0,1,0,0,0,0,0
31,22,26,0,1,0,0,0,0,0,0.0,0,0,1,0,0,0,0,0,0,0
32,21,7,2,0,0,0,0,0,0,0.0,0,0,1,0,0,0,0,0,0,0
20,21,11,2,0,0,0,0,1,1,0.0511,0,0,1,0,0,0,0,0,2,0
24,10,23,1,0,0,0,1,1,2,0.0692,0,0,1,0,0,0,0,0,0,0
88,7,25,6,3,0,0,1,0,16,0.1796,2,0,0,0,0,0,3,1,0,1
49,28,58,3,4,0,1,0,1,5,0.095,1,0,0,0,0,0,1,0,5,1
20,15,0,2,1,0,1,0,2,0,0.0021,0,0,1,0,0,0,0,0,0,0
64,27,7,5,3,0,1,0,0,16,0.2476,2,0,0,0,0,0,0,0,3,1
37,9,6,2,1,0,0,0,1,1,0.0141,0,0,1,0,0,0,0,0,0,0
87,27,27,3,0,0,1,1,1,13,0.1537,2,1,0,0,0,0,3,0,4,1
64,9,31,5,0,0,0,0,1,2,0.0385,0,0,0,0,0,1,4,0,4,1
82,21,43,5,2,0,0,0,3,2,0.025,1,0,1,0,0,0,0,0,2,1
32,21,19,3,2,0,0,1,0,6,0.19,3,0,0,0,1,0,1,0,3,1
40,14,20,2,1,0,0,0,0,2,0.0484,0,0,1,0,0,0,0,0,2,0
35,14,0,3,1,0,0,0,0,3,0.0975,0,0,1,0,0,0,1,1,0,0
99,16,42,3,1,0,0,0,0,22,0.2256,2,0,0,0,0,0,1,1,2,1
51,41,43,4,0,0,0,0,2,6,0.1265,1,0,0,0,0,0,1,0,2,1
112,16,23,1,3,0,0,1,1,11,0.0996,1,1,1,0,0,0,2,0,5,1
18,11,16,2,1,0,0,0,0,0,0.0019,1,0,1,0,0,0,0,0,0,0
45,8,18,2,1,0,0,0,0,2,0.0438,0,0,1,0,0,0,0,0,0,0
43,12,8,3,1,0,0,0,0,1,0.029,1,0,1,0,0,0,0,0,1,0
94,8,20,3,4,1,0,0,2,13,0.1367,1,0,0,1,0,1,0,0,3,1
26,9,10,2,0,0,0,0,0,0,0.0,0,0,1,0,0,0,0,0,2,0
34,15,10,3,0,0,0,0,0,1,0.0176,2,0,1,0,0,0,0,0,3,0
69,8,30,5,2,0,1,1,0,0,0.0,1,0,1,0,0,0,2,0,3,1
61,31,50,6,6,0,0,1,1,10,0.1677,1,1,1,0,0,1,1,0,2,1
19,22,18,3,0,0,0,0,0,0,0.0,0,0,1,0,0,0,0,0,0,0
102,20,47,4,2,0,0,0,0,9,0.0845,1,0,1,1,0,0,0,1,2,1
66,19,0,4,4,0,0,0,0,4,0.067,1,0,1,0,0,0,4,0,1,1
54,14,26,3,5,1,1,1,1,6,0.1135,0,0,1,0,0,0,2,0,3,1
40,7,18,2,0,0,0,0,0,2,0.0474,0,0,1,0,0,0,0,0,1,0
37,16,2,2,0,0,0,0,0,0,0.0,1,0,1,0,0,0,0,0,0,0
25,15,4,2,0,0,0,0,0,0,0.0,0,0,1,0,0,0,0,0,1,0
63,23,36,2,3,0,0,0,0,5,0.0751,0,0,0,0,0,1,2,1,2,1
82,24,40,4,1,0,0,0,2,8,0.1014,0,1,0,0,0,0,1,0,0,1
24,15,11,1,0,0,0,0,0,1,0.0239,0,0,1,0,0,0,0,0,2,0
33,13,25,2,2,0,0,0,1,6,0.1701,0,1,1,0,1,0,0,1,1,1
100,33,24,4,1,0,1,0,1,25,0.2515,2,0,0,0,0,0,0,0,1,1
53,13,21,2,1,0,0,0,0,1,0.0232,0,0,1,0,0,0,0,0,0,0
26,21,7,3,0,0,0,0,1,2,0.0648,1,0,1,0,0,0,0,0,1,0
30,17,5,2,0,0,0,0,0,1,0.0496,0,0,1,0,0,0,0,0,0,0
91,20,44,6,2,0,0,0,1,13,0.1379,3,0,0,0,1,1,2,0,3,1
46,20,3,3,0,1,0,0,0,1,0.0304,0,0,1,0,0,0,0,0,1,0
38,27,72,1,2,0,0,3,0,7,0.1867,2,0,1,0,0,0,3,1,0,1
51,12,12,1,0,0,0,0,0,3,0.0654,0,0,1,0,0,0,0,0,0,0
27,12,9,1,3,0,0,0,1,1,0.0253,0,0,1,0,0,0,0,0,3,0
129,20,51,3,0,0,1,0,0,9,0.0721,1,1,1,0,0,0,3,0,1,1
46,16,0,2,0,0,0,0,1,4,0.0816,0,0,1,0,0,1,0,0,0,0
44,18,3,3,1,0,0,0,0,2,0.038,0,0,1,0,0,0,0,0,1,0
11,15,9,1,0,0,0,0,1,0,0.0048,1,0,1,0,0,0,0,0,3,0
101,22,33,2,3,0,0,1,1,17,0.171,0,0,1,0,0,1,2,1,1,1
19,9,11,1,1,0,0,0,0,0,0.0,4,0,1,0,0,0,0,0,0,0
28,15,16,1,0,0,0,0,0,0,0.0,1,0,1,0,0,0,0,0,1,0
23,11,0,2,1,0,0,0,0,1,0.0471,2,0,1,0,0,0,0,0,1,0
14,24,8,3,0,0,0,0,0,0,0.0,0,0,1,0,0,0,0,0,2,0
11,11,6,1,1,0,0,0,0,0,0.0058,1,0,1,0,0,0,0,0,1,0
9,16,12,3,1,0,0,1,0,0,0.0174,0,0,1,0,0,0,0,0,0,0
20,17,24,2,0,0,0,1,2,0,0.0,1,0,1,0,0,0,0,0,1,0
50,46,22,4,3,0,1,0,2,15,0.2969,1,0,0,1,0,1,0,1,1,1
27,20,8,1,0,0,0,0,0,0,0.0,0,0,1,0,0,0,0,0,1,0
57,17,40,3,6,0,2,2,4,6,0.1038,3,0,1,0,0,0,3,1,5,1
43,30,25,0,3,0,0,0,0,4,0.0928,2,0,1,0,0,0,3,0,0,1
19,14,16,2,0,0,0,0,0,0,0.0128,0,0,1,0,0,0,0,0,2,0
106,26,25,5,2,0,1,0,1,1,0.0113,2,0,0,0,0,0,3,0,1,1
42,11,0,1,3,0,0,1,0,1,0.0304,1,0,1,0,0,0,0,0,1,0
56,9,10,1,2,0,0,0,1,3,0.0585,0,0,1,0,0,0,0,0,1,0
56,36,2,3,3,0,1,0,1,2,0.0415,2,1,0,0,0,0,4,1,4,1
96,11,26,2,0,0,0,0,0,25,0.2584,0,0,0,0,0,0,2,1,2,1
65,22,41,4,2,0,0,0,2,0,0.0,3,0,0,0,1,0,4,0,0,1
41,12,35,5,2,0,0,0,0,4,0.1024,1,0,1,0,0,0,0,0,2,1
35,16,14,4,1,0,0,0,0,0,0.0,0,0,1,0,0,0,0,0,1,0
58,33,32,2,2,0,1,1,1,13,0.2241,2,0,1,0,0,0,2,1,3,1
48,3,22,6,1,1,0,1,3,12,0.2566,2,1,1,0,0,0,3,0,3,1
86,8,9,5,2,0,1,1,0,5,0.0641,0,0,0,0,0,0,1,0,5,1
82,14,55,4,2,0,0,0,1,21,0.2576,2,0,0,0,0,0,3,0,1,1
44,14,14,4,2,0,0,1,1,9,0.2008,0,0,1,0,0,0,1,0,1,1
23,11,17,2,0,0,0,0,0,0,0.0182,0,0,1,0,0,0,0,0,0,0
42,19,17,2,0,0,0,0,1,0,0.0008,0,0,0,0,1,0,0,0,0,0
26,12,18,1,0,0,0,0,0,1,0.0246,1,1,1,0,0,0,0,0,0,0
35,20,13,1,1,0,0,0,0,2,0.0533,0,0,1,0,0,0,0,0,0,0
42,12,10,2,0,0,0,0,0,0,0.0071,1,0,1,0,0,0,0,0,3,0
34,20,25,2,0,0,0,0,0,1,0.0395,1,0,0,0,0,0,0,0,0,0
11,19,7,2,2,0,0,1,0,0,0.0266,1,0,1,0,0,0,0,0,0,0
82,47,25,1,3,0,1,0,1,10,0.1264,3,1,0,0,0,0,3,1,1,1
97,15,31,3,4,0,0,0,1,16,0.1605,0,0,1,0,0,0,2,0,2,1
53,11,13,3,0,0,0,0,1,1,0.0229,0,0,1,0,0,0,1,0,0,0
45,21,18,3,2,0,0,0,1,0,0.0,1,0,0,0,0,0,3,0,0,1
27,12,0,0,0,0,0,0,0,1,0.0312,0,0,1,0,0,0,0,0,1,0
23,8,12,2,0,0,0,0,1,1,0.0224,0,0,1,0,0,0,0,0,1,0
33,21,18,1,0,0,0,0,0,0,0.0,0,0,1,0,0,0,0,0,2,0
53,25,9,3,0,0,0,0,2,6,0.1084,3,1,1,0,0,0,2,0,3,1
53,12,18,3,2,0,1,0,0,16,0.3068,1,0,1,0,0,0,1,0,6,1
28,11,9,1,1,0,0,0,0,0,0.0079,0,0,1,0,0,0,0,0,0,0
53,28,72,1,1,0,1,0,3,8,0.15,2,0,0,0,1,0,3,1,2,1
104,29,40,3,4,0,0,1,0,0,0.0,0,0,0,0,0,0,0,0,1,1
41,18,8,2,0,0,0,0,0,2,0.0428,0,0,1,0,0,0,0,0,1,0
39,22,2,2,0,0,0,0,0,0,0.0,0,0,1,0,0,0,0,0,1,0
28,15,16,2,0,0,0,0,0,1,0.0292,0,0,0,0,0,0,0,0,2,0
73,28,19,3,3,1,0,0,2,14,0.1912,0,0,1,0,0,1,3,1,2,1
29,23,14,2,0,0,1,0,0,1,0.0338,0,0,1,0,0,0,0,1,0,0
35,16,12,2,0,0,0,0,1,0,0.0139,0,0,1,0,1,1,0,0,0,0
78,33,0,1,4,1,1,0,0,11,0.1452,1,0,1,0,0,1,0,1,3,1
38,32,32,4,0,0,1,1,1,8,0.2012,1,0,0,0,0,0,2,1,2,1
28,4,20,2,0,0,0,0,0,0,0.0,0,0,1,0,0,0,0,1,1,0
67,24,29,3,1,0,0,0,0,5,0.0757,1,0,1,0,1,0,0,0,2,1
47,10,2,0,0,0,0,0,0,0,0.0077,0,0,1,0,0,0,0,0,1,0
35,15,0,3,0,0,0,0,1,3,0.0781,1,0,1,0,0,0,0,0,1,0
49,15,0,1,0,0,0,0,0,2,0.035,1,0,1,0,0,0,0,0,2,0
41,14,15,2,0,0,0,0,0,3,0.0708,0,0,1,0,0,0,0,0,1,0
59,27,18,3,1,0,1,0,0,0,0.0024,0,0,1,0,1,1,2,0,3,1
77,30,37,3,4,0,0,1,2,12,0.1527,1,0,1,0,0,0,0,1,1,1
45,26,12,1,4,0,0,0,1,6,0.1309,3,0,0,0,0,0,4,1,0,1
100,14,17,5,2,0,1,0,1,7,0.0682,1,1,1,0,0,0,2,0,3,1
41,13,34,2,0,0,1,0,0,3,0.0847,0,0,1,0,0,0,1,0,0,0
28,7,12,2,0,0,0,0,1,3,0.0994,1,0,1,0,0,0,0,0,0,0
89,12,24,5,2,1,1,1,0,19,0.2093,0,0,0,0,0,1,3,0,1,1
34,0,13,1,1,0,0,0,0,1,0.0294,1,0,1,0,0,0,0,0,2,0
54,7,73,4,3,0,0,0,0,4,0.0781,2,1,0,0,0,1,2,0,4,1
45,15,7,2,1,0,0,0,1,0,0.0006,0,0,1,0,0,0,0,0,1,0
108,16,3,0,1,0,0,0,4,3,0.0307,1,0,0,0,1,0,2,1,0,1
50,11,7,2,1,0,0,0,1,0,0.006,0,0,1,0,0,0,0,1,0,0
66,27,59,3,3,0,2,1,3,9,0.1293,2,0,1,0,1,0,2,0,0,1
17,24,17,2,0,0,0,0,0,0,0.0,0,0,1,0,0,0,0,0,2,0
19,15,13,2,0,0,0,0,0,1,0.0591,0,0,1,0,0,0,0,0,2,0
63,33,34,5,7,0,0,0,1,0,0.0,2,0,0,0,1,0,1,0,1,1
110,32,16,3,1,0,0,0,2,16,0.1433,4,0,0,0,0,0,2,0,3,1
73,29,24,1,1,0,2,1,2,9,0.1234,0,1,0,0,0,0,2,1,1,1
49,20,0,2,1,0,1,0,3,7,0.1494,2,0,1,0,0,0,3,0,3,1
2,18,6,3,1,0,0,0,0,0,0.0723,2,0,1,0,0,0,0,0,4,0
26,3,16,2,0,0,0,0,2,0,0.0,1,0,1,0,1,0,0,0,0,0
46,27,32,4,2,0,0,0,0,5,0.098,3,1,1,1,1,0,0,1,1,1
96,18,8,3,4,0,1,0,1,8,0.083,3,0,0,0,0,0,2,0,1,1
35,19,17,2,0,0,0,0,1,1,0.035,0,0,1,0,1,0,0,0,1,0
43,14,18,1,0,0,0,0,0,0,0.0051,0,0,1,0,0,0,0,0,1,0
39,10,0,1,0,0,0,0,1,2,0.0637,0,0,1,0,0,0,0,0,2,0
40,26,18,1,1,0,0,0,0,1,0.0268,0,0,1,0,0,0,0,0,0,0
79,20,47,4,0,0,0,0,1,0,0.0,2,0,1,0,0,0,1,0,4,1
85,9,6,4,2,0,0,0,2,0,0.0,2,0,0,0,0,0,2,0,1,1
30,17,0,2,0,0,1,0,0,0,0.0,0,0,1,0,0,0,1,0,1,0
94,26,45,4,1,0,1,1,2,1,0.0109,2,0,1,0,0,0,1,0,0,1
39,5,14,1,0,0,0,0,0,0,0.0,1,0,1,0,0,0,0,0,0,0
59,18,22,2,4,0,1,2,0,0,0.0,0,0,0,1,1,0,2,0,2,1
74,29,23,4,1,0,1,0,1,12,0.1557,1,0,1,0,0,0,3,1,3,1
84,21,25,4,4,1,0,0,0,21,0.2537,1,0,1,0,0,0,0,0,4,1
24,10,11,2,0,0,0,0,0,0,0.0,0,0,1,0,0,0,0,0,2,0
51,30,2,1,3,0,1,0,5,16,0.3109,0,1,0,0,0,0,0,0,2,1
85,21,21,2,2,0,2,0,1,24,0.2803,1,0,1,0,1,1,0,1,1,1
51,11,11,3,3,0,0,0,3,7,0.1319,0,0,0,0,0,0,1,1,0,1
74,15,21,3,2,0,0,1,1,4,0.053,2,0,1,0,0,0,1,0,0,1
36,16,14,1,1,0,1,0,0,0,0.0,0,0,1,0,0,0,0,0,1,0
42,10,16,3,2,0,0,0,0,1,0.0151,0,0,1,0,0,0,0,0,1,0
51,27,18,0,0,0,2,0,0,8,0.1638,0,0,0,0,0,0,1,0,1,1
52,28,31,5,2,0,0,0,2,6,0.1197,0,0,0,0,0,0,3,0,4,1
20,12,16,1,0,0,0,0,0,0,0.012,2,0,1,0,0,0,0,0,1,0
35,19,27,2,0,0,0,0,0,2,0.0574,0,0,1,0,0,0,1,0,1,0
72,11,48,4,3,0,0,3,1,12,0.162,1,0,1,0,1,1,1,1,4,1
35,19,15,2,3,0,0,0,0,2,0.0646,1,0,0,0,0,0,0,0,0,0
8,16,0,2,1,0,0,0,0,0,0.0,0,0,1,0,0,0,1,0,2,0
26,16,21,2,0,0,0,0,0,0,0.0057,0,0,1,0,0,0,0,0,0,0
33,9,18,1,0,0,0,0,0,2,0.0472,0,0,0,0,0,0,1,0,0,0
77,17,24,3,3,0,0,0,3,11,0.1388,0,1,0,0,0,1,2,0,4,1
64,18,35,4,1,0,0,0,0,16,0.2557,1,0,0,0,0,0,2,0,0,1
97,16,48,3,2,0,1,1,1,18,0.1868,3,0,0,1,0,1,5,0,0,1
40,20,38,3,0,0,0,0,1,9,0.2191,2,0,0,0,1,0,2,1,3,1
28,25,31,0,4,0,0,1,1,5,0.1708,1,0,1,0,0,0,0,1,0,1
75,26,22,2,3,0,0,0,2,9,0.1267,2,0,1,0,0,1,1,0,0,1
34,15,6,2,0,0,0,0,0,0,0.0,0,0,1,0,0,0,0,0,2,0
30,11,19,2,0,0,1,0,1,0,0.0156,0,0,1,0,0,0,0,0,2,0
42,12,11,3,0,0,0,0,0,2,0.0532,0,0,1,0,0,0,0,0,1,0
39,17,1,2,0,0,0,0,2,1,0.0316,0,0,1,0,0,0,0,0,0,0
50,22,53,3,2,0,0,0,1,0,0.0,1,0,0,0,0,0,1,0,4,1
55,18,11,2,0,0,0,0,2,2,0.0431,1,0,1,0,0,0,0,0,1,0
42,15,14,2,1,0,3,0,1,2,0.0566,1,0,1,1,0,0,2,0,2,1
31,24,22,2,2,0,0,0,1,1,0.0221,0,0,1,0,0,1,0,0,0,0
41,42,7,2,5,0,1,1,1,0,0.0,2,0,0,0,0,1,2,0,1,1
96,23,34,4,2,0,0,0,1,23,0.2424,2,0,1,0,0,0,1,1,4,1
32,6,24,3,2,0,0,0,0,0,0.0,0,0,1,0,0,0,0,0,0,0
37,15,18,1,3,0,0,0,0,0,0.0,0,0,1,0,0,0,0,0,1,0
36,17,15,3,1,0,0,0,0,1,0.0298,0,0,1,0,0,0,1,0,1,0
69,19,31,2,2,0,0,1,0,13,0.1942,0,0,1,0,0,1,0,0,3,1
34,18,2,3,1,0,0,0,0,2,0.0593,0,0,1,0,0,0,0,0,0,0
54,29,21,0,0,0,0,1,0,11,0.2057,2,0,0,0,1,0,2,0,2,1
44,14,17,1,0,0,0,0,0,0,0.0,0,0,1,0,0,0,1,0,1,0
94,10,52,2,3,1,3,3,1,8,0.0866,0,0,1,0,0,1,2,0,0,1
49,34,7,2,0,0,0,0,1,5,0.0919,1,1,1,0,1,0,0,0,8,1
27,16,3,1,1,0,0,0,0,0,0.0008,0,0,1,0,0,0,0,0,0,0
21,21,4,2,1,0,0,0,1,0,0.0,0,0,1,0,0,0,0,0,2,0
36,16,19,1,1,0,0,0,1,0,0.0074,0,0,1,0,0,0,0,0,1,0
43,24,22,2,0,0,0,0,1,0,0.0104,0,0,1,0,0,0,0,0,0,0
39,10,2,1,0,0,0,0,0,2,0.0447,0,0,1,0,0,0,0,0,1,0
47,16,4,2,0,0,0,0,0,3,0.0615,1,0,1,0,0,0,2,0,1,0
86,23,10,1,1,0,1,0,1,18,0.2146,1,0,1,0,0,0,2,1,0,1
48,20,0,3,3,0,1,0,0,9,0.1791,2,0,0,0,1,0,2,0,2,1
52,31,18,4,4,0,2,1,1,5,0.0993,1,0,0,0,0,0,0,0,1,1
59,21,17,3,4,1,0,1,0,6,0.0978,1,0,0,0,0,0,3,1,0,1
28,13,6,2,1,0,0,0,0,0,0.0,0,0,1,0,0,0,0,0,0,0
43,10,40,4,1,0,0,0,2,5,0.1107,2,0,0,0,0,0,2,1,2,1
34,11,0,1,0,0,0,0,0,1,0.0377,1,0,1,0,0,0,1,0,1,0
35,28,27,1,2,0,0,2,2,0,0.0,1,1,0,0,0,0,0,0,2,1
70,32,42,2,4,0,1,0,2,13,0.1855,2,0,0,0,0,0,0,1,3,1
27,16,12,2,0,0,0,0,0,0,0.0,1,0,1,0,0,0,1,0,3,0
30,14,0,2,0,0,0,0,0,0,0.0121,1,0,0,0,0,0,1,0,1,0
40,10,18,2,1,0,0,0,0,2,0.0497,0,0,1,0,0,0,0,0,1,0
64,35,26,3,4,0,0,0,0,15,0.2344,3,1,0,0,0,0,1,1,1,1
66,29,27,4,5,1,0,0,0,5,0.0816,2,0,1,0,0,0,2,0,0,1
82,23,22,3,1,0,1,0,2,15,0.1815,2,0,1,0,0,1,2,0,2,1
92,20,40,3,2,1,0,0,1,7,0.0771,2,0,1,0,0,0,1,0,2,1
42,17,5,2,0,0,0,1,0,2,0.0428,0,0,1,0,0,0,0,0,1,0
21,18,23,2,0,0,0,0,0,1,0.0291,1,0,1,0,0,0,0,0,2,0
36,9,0,6,3,0,0,0,0,0,0.0033,0,0,0,0,0,0,1,0,3,1
37,15,5,2,0,0,0,0,0,1,0.0194,0,0,1,0,0,0,1,0,1,0
84,28,44,4,2,0,0,0,3,5,0.0567,2,0,0,0,0,0,2,1,2,1
49,30,21,4,5,0,0,0,0,8,0.1677,1,1,1,0,0,0,2,0,1,1
43,15,9,2,0,0,0,0,0,0,0.0079,1,0,1,0,1,0,0,0,1,0
78,26,57,4,0,0,1,0,1,8,0.1069,1,0,1,0,0,0,3,1,3,1
32,18,15,2,1,0,0,0,0,1,0.0386,0,0,0,0,0,0,0,0,0,0
103,42,30,2,6,1,1,0,0,27,0.267,3,0,0,0,0,0,0,1,1,1
40,11,16,2,2,0,0,0,1,0,0.0,0,0,1,0,0,0,0,0,1,0
19,12,20,3,0,0,0,0,0,0,0.0055,1,0,1,0,0,0,1,0,0,0
50,25,45,5,1,0,1,1,2,3,0.0651,2,0,0,1,1,0,3,0,2,1
26,13,26,3,1,0,0,0,0,2,0.0594,3,0,1,0,0,0,1,0,1,0
62,28,7,4,5,0,1,0,1,5,0.0773,0,0,0,0,0,0,3,0,0,1
82,21,23,3,3,0,0,0,1,16,0.1966,2,0,0,0,0,0,0,1,0,1
34,21,15,3,0,0,0,0,0,0,0.0,1,0,1,0,0,0,0,0,1,0
56,35,37,2,2,0,1,2,2,10,0.1789,2,1,1,0,0,0,1,0,0,1
45,13,7,2,0,0,1,0,0,2,0.0377,1,0,1,0,0,0,0,0,1,0
24,23,2,2,0,0,0,0,0,2,0.0687,1,0,1,0,0,0,0,1,2,0
35,14,0,3,1,0,0,0,0,2,0.0518,0,0,1,0,0,0,0,0,2,0
76,14,14,3,0,0,2,0,1,5,0.0629,1,0,0,0,0,1,3,0,1,1
82,28,24,5,3,0,1,3,2,9,0.1114,2,0,1,0,0,0,0,0,5,1
77,29,38,1,2,0,0,0,1,11,0.1433,1,0,0,0,1,0,3,0,1,1
40,18,15,4,3,0,0,0,2,8,0.2046,3,0,0,0,0,0,1,0,1,1
98,36,32,2,4,0,1,0,2,25,0.2533,0,0,1,0,0,0,3,0,2,1
31,16,16,1,0,0,0,0,2,0,0.0,0,0,1,0,0,0,0,0,0,0
50,15,43,5,2,0,1,0,0,3,0.0618,2,0,0,0,0,0,3,0,3,1
25,13,16,2,0,0,0,0,0,0,0.009,2,0,1,0,0,1,0,0,3,0
28,30,28,6,2,0,0,0,0,2,0.0793,1,0,1,0,0,0,5,0,2,1
33,16,17,2,0,0,0,0,0,1,0.0157,0,0,1,0,0,0,0,0,2,0
22,19,15,2,0,0,0,0,0,0,0.0,0,0,1,0,0,0,0,0,0,0
86,31,4,0,0,0,0,1,1,4,0.0488,2,0,0,0,0,1,1,1,0,1
80,29,35,3,0,0,0,0,2,14,0.1722,2,0,0,0,0,0,1,0,3,1
100,26,36,4,1,0,0,0,0,11,0.1112,2,0,0,0,0,0,1,0,1,1
83,25,33,6,3,0,0,0,2,21,0.2566,2,0,1,0,1,0,0,1,1,1
37,0,27,2,4,0,0,0,1,5,0.1274,1,1,1,0,0,0,3,1,2,1
18,18,4,3,0,0,1,1,0,2,0.0976,0,0,1,0,0,0,0,0,2,0
26,21,2,2,2,0,0,0,0,0,0.0,2,0,1,0,0,0,1,0,2,0
16,17,21,1,0,0,0,0,0,2,0.0958,0,0,1,0,0,0,0,0,1,0
48,16,10,1,1,0,0,0,1,0,0.0,0,0,1,0,0,0,0,0,0,0
50,34,44,5,1,0,0,1,0,10,0.1908,0,0,0,0,0,0,1,0,1,1
32,21,21,2,0,0,0,0,0,2,0.0607,1,0,1,0,0,0,0,0,0,0
64,26,39,5,0,0,0,3,2,15,0.2313,2,0,1,0,0,0,1,0,0,1
36,31,8,1,1,0,0,0,0,0,0.0,1,1,1,0,0,0,2,1,2,1
38,13,0,0,0,0,0,0,0,0,0.0,1,0,1,0,0,0,0,0,0,0
91,36,43,3,2,0,1,0,1,0,0.0,1,1,0,0,0,0,4,0,4,1
40,29,46,5,2,0,0,2,0,5,0.1269,4,0,0,0,1,0,4,0,1,1
85,30,26,3,3,0,1,0,4,8,0.0974,2,0,0,0,0,0,2,0,3,1
100,22,21,2,1,0,0,0,1,19,0.1886,0,1,1,0,0,0,1,0,3,1
75,19,9,4,1,0,1,1,1,9,0.1231,0,0,1,0,0,0,3,1,2,1
18,24,23,1,0,0,0,0,0,0,0.0,0,0,1,0,0,0,0,0,0,0
32,9,0,2,1,0,0,1,0,0,0.0126,1,0,1,0,0,0,0,0,1,0
45,7,8,2,2,0,0,0,0,2,0.0395,0,0,1,0,0,0,0,0,1,0
23,13,2,5,2,0,0,1,0,5,0.2131,3,0,0,0,0,0,3,0,5,1
30,14,24,1,1,0,1,0,0,1,0.0324,0,0,1,0,0,0,1,0,2,0
31,17,45,2,4,0,0,0,0,2,0.08,1,0,0,0,1,1,2,0,1,1
16,1,11,2,0,0,0,0,0,1,0.04,0,0,1,0,0,0,0,0,0,0
39,17,19,1,0,0,0,0,0,0,0.0,0,0,1,0,0,0,0,0,0,0
60,18,6,1,0,0,0,0,0,2,0.0323,0,0,1,0,0,0,0,0,0,0
39,13,16,1,0,0,0,0,0,0,0.0,1,0,1,0,0,0,0,0,1,0
23,15,13,3,0,0,1,0,2,0,0.0115,0,0,1,0,0,0,0,0,2,0
78,53,47,3,2,0,0,3,1,1,0.0168,3,0,1,0,0,0,1,0,3,1
99,40,47,2,4,0,0,0,0,22,0.2231,1,0,1,0,0,0,1,0,1,1
67,34,44,1,0,0,0,0,1,13,0.1995,1,0,1,0,0,0,2,0,1,1
83,13,20,1,3,0,1,0,0,4,0.0428,1,0,0,0,0,0,1,1,2,1
59,6,35,4,0,1,0,0,1,0,0.0,3,0,1,0,0,0,0,0,4,1
31,22,0,2,2,0,0,0,0,4,0.117,0,0,0,0,0,0,3,1,2,1
69,20,0,1,2,0,1,1,1,15,0.2183,0,1,1,0,0,0,3,0,3,1
90,26,28,2,1,0,1,1,0,1,0.0128,0,0,1,0,0,0,1,1,0,1
88,15,17,2,2,0,0,1,0,16,0.179,2,1,1,0,0,0,3,1,2,1
39,21,14,2,1,0,0,0,0,0,0.0091,1,0,1,0,0,0,0,0,1,0
58,15,31,2,4,0,1,0,0,16,0.2661,5,0,1,0,0,0,2,0,0,1
74,35,32,4,1,0,2,0,0,3,0.0386,2,0,0,0,0,0,1,0,2,1
63,14,13,2,0,0,0,0,1,1,0.0159,2,0,1,0,0,0,0,0,0,0
47,12,25,1,0,0,0,0,0,3,0.0652,1,0,1,0,0,0,1,0,0,0
29,13,0,2,0,0,0,0,0,1,0.0199,0,0,0,0,0,0,1,0,3,0
33,9,19,1,0,0,0,0,1,0,0.0015,0,0,1,0,0,0,0,0,0,0
19,8,0,1,1,0,0,0,0,1,0.0663,1,0,1,0,0,0,1,0,0,0
15,17,1,2,0,0,0,0,1,0,0.0,1,0,1,0,0,0,0,0,1,0
22,15,19,2,4,0,0,0,2,2,0.108,2,0,0,0,0,0,2,0,0,0
41,30,29,6,3,0,1,0,1,2,0.057,2,0,0,0,0,0,0,0,3,1
19,16,0,2,1,0,0,0,1,1,0.0695,0,0,1,0,0,0,0,0,2,0
36,16,0,2,0,0,0,0,0,0,0.0,0,0,1,0,0,0,0,0,0,0
69,24,61,2,6,0,0,1,1,8,0.1135,1,0,0,0,0,1,0,1,1,1
79,34,26,5,4,0,1,1,0,11,0.1353,1,0,1,0,0,0,4,1,2,1
27,10,6,2,1,0,0,0,0,2,0.0627,0,0,1,0,0,0,0,0,0,0
63,11,30,1,4,0,0,0,0,0,0.0,2,0,1,0,1,0,1,1,0,1
74,34,30,3,0,0,0,0,0,23,0.312,1,0,0,0,1,0,2,1,1,1
32,18,9,2,0,0,0,0,0,0,0.0,0,0,1,0,0,0,0,0,1,0
86,20,11,7,1,0,2,0,2,7,0.0867,1,0,1,0,0,0,3,1,3,1
22,19,8,1,0,0,0,0,3,1,0.0226,0,0,1,0,0,0,0,1,1,0
42,28,31,6,1,0,0,3,3,0,0.0,3,0,0,0,0,0,0,0,2,1
23,16,4,2,1,0,1,0,0,2,0.0693,1,0,1,0,0,0,1,0,0,0
51,32,23,4,0,0,0,1,0,5,0.1012,3,0,1,0,0,0,3,1,0,1
73,23,31,4,5,0,0,0,1,14,0.191,3,1,0,0,0,0,3,1,2,1
7,19,10,2,0,0,0,0,0,0,0.0478,1,0,1,0,0,0,0,0,0,0
22,18,14,2,1,0,0,0,0,1,0.0459,0,0,1,0,0,0,0,0,0,0
95,23,28,4,1,0,3,0,0,8,0.0857,0,0,0,0,0,0,3,1,2,1
106,35,18,2,1,0,1,0,3,7,0.0679,1,0,0,0,0,0,4,0,2,1
49,20,13,4,0,0,0,0,0,11,0.2284,3,1,0,0,1,0,1,1,3,1
58,22,39,3,0,0,1,1,1,3,0.0576,1,0,1,0,0,0,1,0,1,1
26,14,2,2,1,0,0,0,2,0,0.0,1,0,1,0,0,0,0,0,0,0
25,16,16,2,0,0,0,0,0,2,0.0862,0,0,0,0,0,0,0,0,1,0
61,31,26,2,3,0,2,1,1,0,0.0,0,0,0,1,0,0,1,1,4,1
52,15,8,2,0,0,0,0,0,1,0.0207,0,0,0,0,0,0,0,0,1,0
43,5,18,2,0,0,0,0,0,0,0.0,0,0,1,0,0,0,1,0,0,0
41,23,22,5,2,1,0,1,1,6,0.1494,1,0,1,0,0,0,1,1,2,1
85,5,0,3,1,0,0,0,2,0,0.0,2,0,1,0,0,1,1,1,3,1
76,14,35,5,2,1,0,0,0,12,0.1577,2,1,0,0,1,0,3,1,4,1
92,24,20,3,4,0,0,0,1,6,0.0673,0,0,0,0,0,0,1,1,1,1
67,50,14,5,2,0,0,0,2,12,0.1856,1,0,1,0,0,0,0,0,0,1
82,36,38,5,2,0,0,0,0,13,0.1585,3,0,1,0,0,0,2,1,3,1
107,17,38,3,2,0,0,0,1,7,0.0646,2,0,0,0,0,0,1,1,1,1
77,30,36,3,2,0,0,2,1,10,0.1267,3,1,0,0,0,0,2,0,2,1
52,20,46,1,4,0,0,0,1,5,0.0949,1,0,0,0,0,0,1,0,4,1
52,15,22,1,0,0,0,0,0,1,0.0154,0,0,1,0,0,0,0,0,0,0
35,17,18,1,0,0,0,0,0,0,0.0135,1,0,1,0,0,0,0,0,0,0
50,17,6,1,0,0,0,0,0,0,0.0,0,0,1,0,0,0,0,0,2,0
37,17,14,1,0,0,0,0,1,1,0.034,0,0,0,0,0,0,1,1,0,0
43,14,8,2,1,0,0,0,1,3,0.0583,0,0,1,0,0,0,0,0,0,0
20,24,8,2,0,0,0,0,0,1,0.0462,0,0,1,0,0,0,0,0,0,0
52,11,0,0,0,0,0,0,0,1,0.0229,0,0,1,0,0,0,1,0,0,0
47,31,25,3,3,0,0,0,1,9,0.188,2,0,0,0,0,0,1,0,2,1
37,32,39,3,2,0,0,1,0,1,0.017,1,1,0,0,0,0,1,0,0,1
100,20,31,0,2,0,0,0,2,21,0.2124,2,0,1,0,0,0,2,1,1,1
47,12,14,4,0,0,0,0,0,1,0.0245,0,0,1,0,0,0,0,0,0,0
41,13,0,3,0,0,0,0,0,1,0.0316,0,0,1,0,0,0,0,0,1,0
47,26,14,2,0,0,0,0,0,1,0.0282,0,0,1,0,0,0,0,0,0,0
78,13,35,3,1,1,0,1,1,0,0.0,0,0,0,0,1,0,3,0,2,1
49,12,5,2,0,0,0,0,0,2,0.0421,0,0,1,0,0,0,0,0,0,0
40,13,7,3,0,0,0,0,0,1,0.026,0,0,1,0,0,0,0,0,1,0
37,11,8,1,0,0,0,0,0,1,0.0153,0,0,1,0,0,0,0,0,0,0
21,15,14,1,1,0,1,0,0,0,0.0,0,0,1,0,0,0,0,0,0,0
32,7,7,1,0,0,0,0,0,2,0.0507,1,0,1,0,0,0,0,0,1,0
57,32,24,2,3,0,0,0,0,6,0.1032,0,0,0,0,1,1,3,1,2,1
33,13,9,2,0,0,0,0,0,1,0.0204,1,0,1,0,0,0,0,0,0,0
19,17,27,3,0,0,0,0,1,0,0.0096,2,0,1,0,0,0,1,0,1,0
29,25,18,3,0,0,0,0,1,0,0.011,0,0,1,0,0,1,1,0,0,0
67,31,24,4,0,0,0,0,1,0,0.0,4,1,1,0,0,0,2,0,3,1
33,14,9,1,0,0,0,0,0,2,0.0642,0,0,1,0,0,0,0,0,0,0
105,36,51,3,2,0,0,1,0,12,0.1117,2,0,0,1,1,0,2,0,0,1
32,18,2,2,0,0,0,0,1,1,0.0446,2,0,1,0,1,0,0,0,1,0
19,18,6,2,0,0,0,0,0,0,0.0096,0,0,1,0,0,0,1,0,1,0
70,23,43,0,1,0,1,0,2,14,0.1979,1,0,0,0,0,0,4,0,2,1
89,50,52,2,1,1,2,1,0,16,0.1841,0,0,0,0,0,0,0,0,2,1
23,20,17,3,1,0,0,0,0,0,0.0091,0,0,1,0,0,0,0,0,0,0
17,19,24,2,1,0,0,0,0,0,0.0,1,0,1,0,0,0,0,0,0,0
51,17,27,3,5,0,1,0,1,5,0.1036,3,0,0,0,0,0,4,0,1,1
74,16,41,4,5,0,1,0,1,12,0.1645,2,1,0,0,0,0,5,0,2,1
63,19,54,5,0,0,0,0,2,2,0.0339,0,0,1,1,0,0,1,0,1,1
93,32,52,2,1,0,3,1,0,24,0.2564,4,0,0,0,0,0,5,0,3,1
35,17,1,1,0,0,0,0,0,1,0.0327,0,0,1,0,0,0,0,0,1,0
64,20,19,4,3,0,0,2,1,12,0.1909,3,0,1,0,0,0,4,0,3,1
38,42,8,2,3,0,0,0,1,7,0.1957,3,0,1,1,0,1,1,1,3,1
89,29,22,6,7,0,0,0,2,14,0.1607,0,0,0,0,0,0,1,0,1,1
27,20,14,1,0,0,0,0,0,1,0.0505,0,0,1,0,0,0,0,1,0,0
70,19,38,1,5,0,0,0,0,12,0.1746,2,0,0,0,0,0,2,0,0,1
50,15,14,2,2,0,0,1,1,1,0.019,0,0,1,0,0,0,1,0,2,1
110,24,11,2,3,1,0,0,1,6,0.0503,2,0,1,0,0,0,2,1,1,1
43,18,11,1,3,0,0,0,0,0,0.0,1,0,0,0,0,0,0,0,0,0
120,40,2,5,0,0,0,1,1,27,0.2268,1,0,1,0,0,1,2,0,2,1
32,14,15,2,0,0,0,0,0,0,0.015,0,0,1,0,0,0,0,0,0,0
69,25,21,4,3,0,3,0,1,8,0.1144,0,0,1,1,0,1,0,0,0,1
89,24,27,4,2,0,0,0,1,28,0.3166,5,0,1,0,0,0,3,0,2,1
37,9,0,1,0,0,0,0,1,1,0.0238,0,0,1,0,0,0,0,0,0,0
74,16,47,4,3,0,1,4,2,13,0.1811,0,0,1,0,0,0,4,1,3,1
27,14,16,2,1,0,0,0,1,1,0.0279,1,0,1,0,0,1,1,0,2,0
65,19,48,4,0,0,2,0,1,8,0.1188,1,0,1,1,0,0,1,0,1,1
99,18,27,1,1,0,1,0,2,0,0.0,1,0,0,0,0,0,3,0,3,1
34,14,48,4,3,0,2,0,0,9,0.2657,3,0,1,0,1,1,1,1,1,1
44,16,14,2,1,0,0,0,0,0,0.0,0,0,1,0,0,0,0,0,0,0
16,19,9,2,1,0,0,0,0,1,0.0513,1,0,1,0,0,0,1,0,0,0
27,18,17,2,2,0,0,0,0,1,0.0368,0,0,0,0,0,0,0,0,1,0
31,10,15,1,1,0,0,0,1,3,0.0828,0,0,1,0,0,0,0,0,1,0
69,17,15,3,2,0,1,0,3,11,0.1608,2,0,1,0,0,0,0,0,1,1
41,10,6,2,0,0,0,0,1,1,0.0191,0,0,1,0,0,0,0,0,3,0
40,29,16,1,1,0,0,0,0,11,0.2688,2,0,0,0,0,0,3,0,2,1
24,21,0,2,0,0,0,0,0,0,0.0144,0,0,1,0,0,1,0,0,0,0
30,30,19,1,3,1,2,1,1,6,0.2121,1,0,0,0,0,0,3,1,2,1
23,9,17,1,0,0,0,0,0,0,0.0066,0,0,1,0,0,0,2,0,0,0
86,26,18,5,3,0,2,0,0,20,0.2339,1,1,1,0,0,0,0,0,2,1
37,12,21,1,0,0,0,0,0,1,0.0348,0,0,1,0,0,0,0,0,1,0
36,35,46,3,1,0,0,0,1,4,0.1059,0,0,0,0,0,0,3,0,5,1
37,19,0,3,0,0,0,0,0,1,0.0286,0,0,1,0,0,0,1,0,1,0
35,17,15,2,0,0,0,0,0,0,0.0,0,0,1,0,0,0,0,0,0,0
50,11,3,2,1,0,0,0,1,3,0.0619,0,0,1,0,0,0,0,0,1,0
100,10,41,0,3,0,0,0,2,6,0.0584,2,0,0,0,0,0,1,0,2,1
44,20,0,2,0,0,0,0,0,0,0.0,0,0,1,0,0,0,0,0,1,0
41,13,21,2,0,0,0,0,0,2,0.0558,1,0,1,0,0,0,0,0,1,0
28,12,11,1,1,0,0,0,0,0,0.0152,0,0,1,0,0,0,0,0,2,0
95,39,6,5,1,1,0,0,1,12,0.1218,1,0,1,1,1,0,2,0,3,1
40,15,10,1,0,0,0,0,0,2,0.0508,0,0,1,0,0,0,0,0,0,0
113,19,5,2,3,0,1,1,1,17,0.152,1,1,0,0,0,1,0,1,1,1
37,22,12,2,0,0,0,0,0,2,0.0427,0,0,1,0,0,0,0,0,0,0
29,11,8,2,1,0,0,0,0,1,0.032,0,0,1,0,0,0,1,0,1,0
95,17,0,3,0,0,0,0,3,14,0.1431,1,1,1,0,0,0,1,0,0,1
68,32,13,6,0,0,0,1,1,4,0.0652,0,1,0,0,0,0,3,0,1,1
51,28,31,4,4,1,1,0,4,6,0.1131,1,0,0,0,0,0,2,0,1,1
88,12,32,4,1,0,1,1,1,1,0.0148,0,0,1,0,0,0,1,0,2,1
60,33,27,2,3,1,0,0,0,6,0.1024,1,0,0,0,0,0,2,1,1,1
34,17,11,3,1,0,0,0,0,1,0.0397,3,0,1,0,0,0,0,0,1,0
35,7,0,1,1,0,0,0,1,1,0.0288,0,0,1,0,0,0,0,0,1,0
103,19,0,5,1,0,1,2,3,9,0.0923,0,1,0,0,0,0,0,0,2,1
38,18,15,1,0,0,0,0,0,0,0.0,0,0,1,0,0,0,0,0,2,0
81,25,45,4,0,0,1,0,0,14,0.1744,0,1,1,1,0,0,2,0,2,1
100,33,36,3,2,0,1,0,1,24,0.2385,3,0,0,0,0,1,0,0,1,1
58,28,19,1,6,0,0,0,0,4,0.0682,4,1,1,0,0,0,1,0,1,1
95,29,30,4,1,0,2,1,0,12,0.1266,1,0,0,0,0,0,2,0,0,1
71,25,53,2,1,0,0,0,3,8,0.113,2,1,0,0,0,0,1,0,2,1
29,23,16,2,1,0,0,0,1,0,0.0059,0,0,1,0,0,0,0,0,0,0
33,16,9,1,0,0,0,0,0,0,0.0,1,0,1,0,1,0,0,0,4,0
39,15,17,2,0,0,0,0,0,1,0.0221,1,0,1,0,0,0,0,0,1,0
28,22,11,2,0,0,0,0,0,0,0.0,0,0,1,0,0,0,0,0,1,0
39,19,14,1,0,0,0,0,0,3,0.0676,0,0,1,0,0,0,0,0,1,0
54,30,21,5,0,0,0,2,1,11,0.2053,2,0,1,0,0,0,1,0,2,1
90,30,14,2,2,0,0,0,1,22,0.242,8,0,0,0,1,1,4,0,2,1
71,26,30,0,1,0,0,1,2,10,0.1428,0,1,0,0,0,0,1,1,4,1
27,16,10,2,0,0,0,0,0,2,0.0701,1,0,1,0,0,0,0,0,1,0
15,12,11,2,0,0,0,0,0,1,0.0554,0,0,0,0,0,0,0,0,1,0
36,16,12,2,0,0,0,0,0,0,0.005,1,0,1,0,0,0,1,0,1,0
134,17,10,3,2,0,2,1,1,27,0.2039,1,0,0,0,0,0,0,1,1,1
49,33,18,1,6,0,0,0,1,11,0.233,2,0,0,0,0,0,3,0,2,1
38,20,3,1,1,0,0,0,0,2,0.0502,0,0,0,0,0,0,0,0,2,0
34,12,0,0,0,0,0,0,0,0,0.0096,0,0,1,0,0,0,0,0,1,0
37,17,1,1,1,0,0,0,1,1,0.0217,0,0,0,0,0,0,0,0,1,0
69,12,59,4,1,0,1,0,3,5,0.0781,2,0,0,0,0,0,4,1,0,1
41,19,63,4,2,0,0,1,2,11,0.2717,1,0,1,0,0,1,1,0,0,1
98,13,22,3,1,0,1,0,0,3,0.0312,0,1,0,0,0,1,2,1,1,1
95,22,20,3,2,0,1,0,1,18,0.1877,1,0,0,0,1,0,1,0,0,1
43,16,18,3,0,0,0,0,0,0,0.0,0,0,1,0,0,0,2,0,0,0
64,28,33,4,1,0,0,1,1,11,0.1728,2,0,0,0,0,0,2,0,3,1
23,25,34,3,4,0,1,1,0,0,0.011,1,0,1,0,0,0,4,1,0,1
99,18,4,3,2,0,2,0,1,17,0.1699,2,0,1,0,0,0,2,1,3,1
26,14,17,2,0,0,0,0,0,1,0.0284,0,0,1,0,0,0,0,0,1,0
37,26,16,3,3,0,0,0,1,8,0.2183,3,0,0,0,0,0,2,0,1,1
81,21,1,5,2,0,0,0,1,18,0.2225,1,0,0,0,0,0,3,0,4,1
27,15,0,3,0,0,0,0,0,0,0.0081,0,0,1,0,0,0,1,0,1,0
44,18,20,4,2,0,2,0,2,4,0.0864,1,0,0,0,0,0,2,1,2,1
31,11,8,1,1,0,0,0,1,0,0.0,1,0,1,0,0,0,0,0,0,0
15,9,0,1,0,0,0,0,0,0,0.0185,0,0,1,0,0,0,0,0,0,0
56,16,46,2,1,0,1,0,1,18,0.3216,2,0,0,0,0,0,1,0,1,1
37,19,0,3,0,0,1,0,0,2,0.0556,2,0,1,0,0,0,0,0,0,0
17,18,9,1,1,0,0,0,0,0,0.0,0,0,1,0,0,0,0,0,2,0
108,26,0,5,1,0,0,1,0,6,0.0529,4,0,0,0,0,0,0,0,2,1
64,21,15,6,1,0,1,0,2,23,0.358,1,0,0,0,0,1,3,0,0,1
25,8,14,2,0,0,0,0,1,0,0.0105,0,0,1,0,0,0,0,0,1,0
67,34,35,3,2,0,0,0,0,11,0.1709,2,0,0,0,0,0,2,1,1,1
92,10,35,3,4,0,1,0,1,3,0.036,1,0,0,0,0,0,2,0,1,1
0,22,33,0,3,0,0,1,1,0,0.1523,1,0,1,0,1,0,2,0,4,1
32,12,13,2,0,0,0,0,0,2,0.0529,0,0,1,0,0,0,1,0,0,0
35,15,39,6,2,0,0,0,1,8,0.2177,1,0,0,0,0,0,3,0,1,1
22,21,8,3,1,0,0,1,0,0,0.0003,0,0,1,0,0,0,0,0,2,0
35,22,21,3,2,0,0,1,1,8,0.2295,3,0,0,0,0,0,2,0,1,1
45,33,2,2,4,0,0,0,0,10,0.2287,0,0,0,0,0,0,2,0,3,1
85,17,22,5,3,1,1,1,0,0,0.0,1,0,0,0,1,0,3,0,1,1
46,15,0,3,0,0,0,0,0,0,0.0,2,0,1,0,0,0,0,0,2,0
88,24,15,2,4,0,1,1,0,12,0.141,0,0,1,0,0,0,0,1,0,1
95,13,44,3,2,0,1,1,1,13,0.1321,3,1,1,0,0,0,3,0,2,1
38,14,5,2,0,0,0,0,0,1,0.0241,0,0,1,0,0,0,0,0,0,0
42,22,7,1,0,0,0,0,0,1,0.0265,0,0,0,0,0,0,1,0,0,0
32,10,10,2,0,0,0,0,0,2,0.0538,2,0,1,0,1,0,0,0,0,0
38,8,4,2,1,0,0,0,0,0,0.0,0,0,1,0,0,0,0,0,1,0
32,35,1,4,2,0,0,0,1,2,0.0629,2,1,1,0,1,0,3,0,2,1
35,22,7,2,0,0,0,0,1,0,0.0101,0,0,1,0,0,0,0,1,2,0
52,14,13,2,0,0,1,0,0,2,0.0311,0,0,1,0,0,0,0,0,0,0
47,22,9,1,0,0,0,0,2,2,0.0417,1,0,1,0,0,0,0,0,3,0
37,14,0,2,0,0,0,0,0,1,0.0343,0,0,1,0,0,0,0,0,0,0
27,5,22,1,0,0,0,0,1,1,0.0223,1,0,1,0,0,0,0,0,1,0
51,19,18,1,1,0,0,0,1,2,0.0486,0,0,1,0,0,0,0,0,0,0
87,22,0,1,1,0,1,1,1,9,0.0984,1,0,1,0,1,0,2,1,3,1
58,15,0,3,0,0,0,0,1,4,0.0638,0,0,1,0,0,0,0,0,1,0
43,19,14,4,0,1,1,0,0,7,0.1643,0,0,1,0,0,0,2,0,0,1
34,20,4,1,1,0,0,0,1,0,0.0,0,0,1,0,0,0,0,0,0,0
91,16,32,3,1,0,0,0,1,7,0.077,1,0,1,0,1,0,1,1,2,1
80,27,26,4,1,0,0,2,1,14,0.1709,2,0,1,0,0,0,3,1,0,1
40,9,12,2,1,0,0,0,0,1,0.0173,0,0,1,0,0,1,0,0,1,0
22,22,14,3,0,0,1,0,0,0,0.0,0,0,1,0,0,0,0,0,0,0
54,29,9,5,3,0,1,2,0,4,0.0772,1,0,1,0,0,0,1,0,1,1
14,15,13,2,0,0,0,0,1,0,0.0158,0,0,1,0,0,0,0,0,0,0
19,23,1,3,0,0,0,0,0,0,0.0,0,0,1,0,0,0,1,0,0,0
28,23,21,0,2,0,4,0,2,4,0.1552,1,0,0,0,1,0,2,0,2,1
44,23,51,0,2,0,1,1,1,6,0.1418,0,0,0,0,1,0,1,0,6,1
49,16,13,3,1,0,0,0,0,2,0.0327,1,0,1,0,0,0,1,0,1,0
35,25,16,2,1,0,0,0,0,1,0.0238,0,0,1,0,0,0,0,0,1,0
43,15,3,2,0,0,0,0,0,3,0.0595,1,0,1,0,0,0,0,0,3,0
28,11,12,2,0,0,0,0,0,1,0.0506,0,0,1,0,0,0,0,1,2,0
48,12,9,4,2,0,1,2,3,7,0.1402,2,0,0,0,0,0,2,0,6,1
20,17,14,2,1,0,0,0,1,0,0.0,0,0,1,0,0,0,0,0,1,0
40,19,19,1,0,0,0,0,0,1,0.0199,0,0,1,0,0,0,0,0,0,0
70,30,35,3,1,0,1,1,1,11,0.1562,3,0,1,0,0,0,3,0,4,1
41,13,12,3,1,0,0,0,0,0,0.0,0,0,1,0,0,0,0,0,0,0
24,19,11,2,0,0,0,0,1,0,0.0173,0,0,1,0,0,0,0,0,1,0
3,17,26,2,1,0,0,0,0,0,0.0224,0,0,1,0,0,0,0,1,1,0
25,20,5,2,0,0,0,0,1,0,0.0163,0,0,1,0,0,0,1,0,1,0
26,21,15,1,1,1,0,1,0,2,0.0679,0,0,1,0,0,0,0,1,1,0
13,11,11,1,0,0,0,0,1,0,0.0103,1,0,1,0,0,0,0,0,2,0
107,34,12,4,3,0,1,1,0,4,0.0344,0,0,0,0,0,0,0,1,0,1
36,17,5,2,0,0,1,0,1,2,0.045,1,0,1,0,0,0,0,0,0,0
36,8,41,5,3,0,0,0,1,6,0.1638,2,1,0,0,1,0,1,0,2,1
96,17,26,2,2,0,2,1,0,5,0.0473,1,0,1,0,0,0,3,1,2,1
97,38,23,4,2,0,0,0,1,17,0.1789,3,0,1,0,0,0,1,0,6,1
36,10,12,2,0,0,0,1,1,1,0.0141,0,0,1,0,0,0,0,0,0,0
26,16,0,1,1,0,0,0,0,2,0.0583,0,0,1,0,0,0,1,1,1,0
85,23,47,3,2,0,2,2,1,15,0.1771,3,0,0,0,0,0,2,1,1,1
99,12,6,3,0,0,0,1,2,22,0.2172,2,0,0,0,0,0,0,0,3,1
55,39,55,3,0,0,0,0,0,2,0.0346,1,0,0,0,1,0,0,1,3,1
72,20,5,6,2,0,5,2,1,15,0.2058,0,0,1,0,0,0,3,1,1,1
106,13,32,2,6,1,2,0,5,13,0.122,2,1,0,0,0,0,3,1,2,1
88,23,26,4,0,0,0,0,1,14,0.1566,1,0,0,0,0,0,2,0,3,1
31,9,15,2,1,0,0,0,0,0,0.0,1,0,1,0,0,0,0,0,0,0
37,11,5,1,0,0,0,0,0,0,0.0,0,0,1,0,1,0,0,0,0,0
72,16,18,3,4,0,0,1,3,17,0.2368,1,0,1,0,0,0,2,1,3,1
75,10,57,1,1,0,1,1,1,12,0.1543,2,0,1,0,0,0,1,0,3,1
35,9,16,0,0,0,0,0,0,1,0.0418,0,0,1,0,0,0,0,0,0,0
100,25,42,0,2,0,3,0,1,5,0.0549,2,0,0,0,0,1,3,0,4,1
13,11,16,1,0,0,0,0,0,0,0.0,0,0,1,0,0,0,0,0,1,0
25,14,15,1,0,0,0,0,1,1,0.0592,0,0,1,0,0,0,0,0,1,0
44,23,35,5,2,0,0,1,2,7,0.1583,1,0,0,0,0,0,3,1,3,1
38,10,9,2,0,0,0,0,1,3,0.0701,0,0,1,0,0,0,1,0,0,0
57,19,66,3,0,0,1,0,1,13,0.2267,0,1,1,0,1,0,1,0,2,1
25,17,17,1,1,0,0,0,1,0,0.0105,1,0,1,0,0,0,0,0,0,0
53,34,31,1,5,0,0,0,0,10,0.1872,1,0,0,0,0,1,4,0,0,1
0,7,9,4,2,1,0,1,0,0,0.2074,1,0,1,0,0,0,3,0,1,1
71,26,19,5,5,1,0,1,1,13,0.187,2,0,0,0,1,0,1,0,3,1
28,11,3,1,0,0,0,0,0,1,0.0483,0,0,0,0,0,0,0,0,0,0
58,10,12,2,5,0,1,0,0,12,0.2053,2,0,0,0,1,0,5,0,2,1
1,12,11,2,0,0,0,0,0,0,0.0415,0,0,1,0,1,1,1,0,1,0
98,33,9,4,2,0,0,0,0,9,0.0941,4,0,1,0,0,0,2,1,4,1
86,16,19,4,0,0,0,0,1,4,0.0444,3,0,1,1,0,0,0,0,0,1
53,36,28,6,2,0,1,2,0,5,0.101,1,0,0,0,0,0,2,1,4,1
79,12,31,5,4,0,0,0,0,24,0.3026,1,0,1,0,0,0,3,1,4,1
55,4,13,3,0,0,0,0,1,1,0.0145,1,0,1,0,0,0,0,0,1,0
32,15,24,2,1,0,0,0,0,1,0.031,1,0,1,0,0,0,0,0,0,0
47,14,7,3,0,0,0,0,2,1,0.014,0,0,1,0,0,0,0,0,0,0
13,17,7,2,2,0,0,0,1,0,0.0,0,0,1,0,0,0,0,0,1,0
42,17,8,3,1,0,0,0,2,1,0.0166,0,0,1,0,0,0,0,0,0,0
40,16,1,2,0,0,0,0,1,2,0.0386,0,0,0,0,0,0,0,0,1,0
72,27,66,5,2,0,0,0,2,0,0.0066,1,0,0,0,0,0,3,1,3,1
44,25,55,3,1,0,2,0,4,2,0.0477,0,0,1,0,0,0,0,0,2,1
93,25,27,4,1,0,0,0,0,22,0.2394,4,0,0,0,0,0,2,0,1,1
42,13,12,3,0,0,0,0,0,1,0.0169,2,0,1,0,0,0,1,0,1,0
19,8,22,0,1,0,0,0,0,0,0.0014,1,0,1,0,0,0,0,0,4,0
79,24,59,3,5,0,1,3,0,18,0.2317,1,0,0,0,0,0,0,0,3,1
46,20,41,1,0,1,0,0,0,13,0.2746,3,1,0,0,0,0,2,0,2,1
48,16,12,1,1,0,0,0,1,1,0.018,1,0,1,0,0,0,0,0,2,0
78,7,44,5,0,0,0,0,1,3,0.0415,0,0,0,0,1,0,2,0,3,1
116,25,19,6,2,0,0,0,0,20,0.173,1,1,0,0,0,0,2,1,2,1
36,17,11,3,0,0,0,0,0,0,0.0,0,0,1,0,0,0,0,0,1,0
28,11,1,1,0,0,0,0,0,0,0.0073,0,0,1,0,0,0,0,0,1,0
61,29,57,3,2,1,1,0,0,7,0.1082,2,0,0,0,0,0,2,0,2,1
23,5,11,1,1,0,0,0,0,1,0.0468,0,0,1,0,0,0,0,1,1,0
112,31,53,5,1,1,0,0,1,15,0.1348,1,0,0,0,0,0,2,0,0,1
87,31,13,3,2,0,1,1,1,12,0.1407,3,0,1,0,0,1,2,1,5,1
91,45,16,4,2,0,0,1,0,10,0.1089,3,0,0,0,0,0,1,0,1,1
56,7,8,2,0,0,0,0,0,2,0.0314,0,0,1,0,1,0,0,0,1,0
68,33,27,1,4,0,1,1,2,13,0.1871,1,1,0,0,1,0,1,1,5,1
22,17,24,2,0,0,0,0,0,0,0.0,0,0,1,0,0,0,0,0,0,0
73,16,24,2,3,0,0,0,1,6,0.0884,3,0,0,0,0,1,1,0,1,1
112,21,37,6,2,0,0,1,0,22,0.1966,0,0,1,0,1,0,0,0,1,1
22,18,24,1,2,0,0,0,3,7,0.3017,1,0,0,0,0,0,1,1,1,1
52,24,0,2,1,0,0,1,0,1,0.0152,1,0,1,0,0,0,0,0,0,0
54,32,36,3,3,0,2,0,2,6,0.1172,2,0,1,0,1,0,3,0,1,1
66,29,15,2,3,0,1,0,0,9,0.1397,2,1,0,0,0,0,1,0,2,1
30,9,0,2,0,0,0,0,0,0,0.0,1,0,1,0,0,0,0,0,0,0
38,17,0,2,0,0,0,0,0,0,0.0,1,0,1,0,0,0,0,0,0,0
62,14,39,2,3,0,1,1,0,7,0.1069,0,1,0,0,0,0,1,0,3,1
27,9,8,1,0,0,0,0,0,3,0.0917,1,0,1,0,0,0,0,0,0,0
25,15,6,2,0,0,0,0,0,1,0.036,1,0,1,0,0,0,0,0,2,0
51,22,33,1,2,0,0,1,2,1,0.0147,0,1,0,0,0,0,1,1,1,1
77,36,36,0,6,0,0,0,2,0,0.0,5,0,0,0,0,0,3,1,2,1
25,20,9,1,0,0,0,0,0,1,0.0217,0,0,1,0,0,0,1,0,0,0
24,14,22,2,0,0,0,0,0,1,0.0216,0,0,1,0,0,0,0,0,0,0
33,9,2,2,1,0,0,0,0,1,0.0153,0,0,1,0,0,0,1,0,0,0
32,20,11,2,0,0,0,0,0,1,0.0186,1,0,1,0,0,0,0,0,2,0
34,9,8,2,0,0,0,0,1,1,0.0207,0,0,1,0,0,0,0,0,0,0
55,29,36,6,2,0,0,0,0,13,0.2285,2,1,0,0,0,0,6,0,0,1
61,15,35,2,0,0,2,0,1,1,0.0172,2,0,1,0,0,0,1,0,1,1
41,10,9,4,1,0,0,0,0,2,0.0441,0,0,1,0,0,0,0,0,1,0
93,25,34,1,1,0,1,0,0,11,0.1164,2,0,1,0,1,0,0,0,4,1
49,23,37,5,6,0,0,0,0,5,0.1124,1,0,1,0,1,0,2,0,1,1
40,7,11,2,0,0,0,0,0,2,0.0599,0,0,1,0,0,0,0,0,0,0
103,34,42,2,0,0,1,0,3,0,0.0001,0,0,0,0,1,0,2,1,2,1
87,35,19,3,3,0,2,2,1,2,0.0202,0,0,0,1,0,0,1,0,4,1
45,12,1,2,0,0,0,0,0,3,0.0733,0,0,1,0,0,0,0,0,0,0
48,27,2,5,1,0,3,0,1,3,0.0593,0,0,0,0,0,0,0,0,1,1
40,30,40,2,1,0,0,0,0,5,0.1123,1,1,1,0,0,1,0,1,2,1
25,39,38,3,2,0,0,2,0,1,0.0504,1,0,1,1,0,0,2,0,2,1
43,16,16,4,1,0,1,0,0,3,0.0785,0,0,1,0,0,0,0,0,1,0
45,14,3,2,0,0,0,0,2,0,0.0,0,0,1,0,0,0,0,0,1,0
36,14,19,3,0,0,0,0,0,0,0.0,1,0,1,0,0,0,0,0,0,0
45,26,45,4,2,0,1,1,1,2,0.0423,0,0,0,0,0,0,2,0,2,1
83,19,3,2,3,1,1,0,1,18,0.2193,1,0,0,0,0,0,1,1,0,1
69,13,33,4,5,0,0,0,2,6,0.0798,2,0,1,0,0,0,2,1,1,1
98,29,10,2,0,0,0,0,1,16,0.1653,3,0,0,0,0,0,5,0,1,1
57,16,17,5,1,0,1,0,0,7,0.1174,1,0,1,0,1,0,1,0,1,1
19,20,35,3,1,1,0,0,0,0,0.0,3,0,0,0,0,0,5,0,3,1
18,13,14,0,0,0,1,0,0,1,0.0428,0,0,1,0,0,0,0,0,1,0
74,16,17,3,0,0,0,0,1,14,0.184,2,1,0,0,0,0,1,1,0,1
46,37,23,3,2,0,2,0,1,3,0.0636,1,0,1,0,0,1,3,1,1,1
51,7,0,2,0,0,0,0,0,0,0.0,1,0,1,0,0,1,0,0,0,0
8,12,12,1,0,0,0,0,0,0,0.0,0,0,0,0,0,0,0,0,1,0
11,14,2,2,0,0,0,0,1,1,0.0492,0,0,1,0,0,0,0,0,2,0
68,23,47,4,0,0,0,0,2,12,0.1714,4,1,1,0,0,0,4,0,2,1
106,30,18,4,2,0,1,1,0,21,0.1926,2,0,1,0,1,1,1,0,2,1
25,11,22,2,0,0,0,0,0,0,0.0,0,0,1,0,0,0,0,0,0,0
102,19,41,3,4,0,1,1,0,20,0.1924,3,1,1,0,1,0,3,0,3,1
94,32,35,5,0,0,1,0,0,6,0.0657,3,0,1,0,0,0,1,0,2,1
103,24,21,3,0,0,3,1,2,0,0.0026,1,0,1,1,0,0,1,0,0,1
32,22,14,2,0,0,0,0,0,1,0.0276,0,0,0,0,0,0,0,0,2,0
74,20,24,2,0,1,1,0,1,3,0.0363,4,1,1,0,0,0,0,1,1,1
95,27,21,3,0,0,0,0,1,9,0.0913,1,1,1,0,1,1,2,1,1,1
108,35,0,4,6,0,1,1,2,0,0.0,1,1,1,0,0,0,2,1,3,1
40,9,0,2,3,0,2,0,0,0,0.0121,0,0,1,0,0,0,0,0,1,0
37,23,5,0,0,0,0,0,0,2,0.0613,1,0,1,0,0,0,0,0,1,0
18,9,15,3,1,0,0,0,0,1,0.0305,0,0,1,0,0,0,1,0,0,0
79,22,19,3,3,0,0,0,1,0,0.0056,2,1,0,0,0,0,4,0,1,1
80,31,23,3,2,0,0,1,0,8,0.1058,3,1,0,0,0,0,3,1,1,1
53,11,36,2,1,0,0,0,0,13,0.2417,3,0,0,1,0,0,3,0,2,1
37,20,18,1,1,0,0,1,0,0,0.0,1,0,1,0,0,0,0,0,0,0
34,13,5,2,1,0,0,0,0,0,0.0035,0,0,1,0,0,0,0,0,1,0
44,14,8,3,0,0,0,0,2,3,0.057,1,0,1,0,0,0,0,0,0,0
67,23,16,2,6,0,0,0,2,0,0.0,1,0,1,0,0,0,1,1,1,1
34,10,4,0,0,0,0,0,0,0,0.0,0,0,1,0,0,0,1,0,1,0
33,28,37,4,0,0,0,1,0,1,0.042,0,0,0,0,0,0,4,0,1,1
31,12,4,1,2,0,0,0,1,1,0.0235,0,0,1,0,0,0,0,0,2,0
59,26,15,1,3,0,1,0,1,5,0.0844,4,0,0,1,1,0,2,1,4,1
72,24,27,2,5,0,0,0,1,5,0.0685,1,0,1,0,0,0,1,0,0,1
46,20,16,2,0,0,0,0,0,0,0.0072,1,0,1,0,0,0,0,0,0,0
19,9,15,2,0,0,0,1,1,0,0.006,0,0,1,0,0,0,0,0,1,0
15,16,2,2,0,0,0,0,0,0,0.0062,0,0,1,0,0,0,0,0,0,0
37,19,24,1,0,0,0,0,1,3,0.0763,1,0,1,0,0,0,0,0,0,0
44,13,6,2,0,0,0,0,0,0,0.0061,1,0,1,0,0,0,0,0,0,0
107,47,35,1,2,0,0,0,1,29,0.2714,1,0,1,0,0,1,0,0,4,1
42,42,27,5,2,0,1,2,1,13,0.3065,2,0,1,0,0,0,0,0,1,1
102,29,26,2,2,0,0,1,2,24,0.2332,0,0,0,1,0,0,2,0,1,1
22,24,31,4,3,0,0,1,0,2,0.0855,1,0,1,0,0,0,1,0,3,1
27,21,5,2,0,0,0,0,1,0,0.0166,0,0,1,0,0,0,0,0,3,0
35,13,5,1,0,0,0,0,2,3,0.0754,0,0,1,0,0,0,0,0,1,0
77,23,38,3,2,0,2,1,1,16,0.2022,3,0,1,0,0,0,2,0,1,1
32,9,13,2,0,0,0,0,0,0,0.0,0,0,1,0,0,0,1,0,2,0
18,19,13,2,1,0,0,0,0,1,0.0282,1,0,1,0,0,0,0,0,2,0
32,9,0,1,0,0,0,0,1,1,0.0319,0,0,1,0,0,0,0,0,1,0
12,16,13,1,0,0,0,0,0,0,0.0368,1,0,1,0,0,0,0,0,0,0
48,10,15,2,0,0,0,0,1,0,0.006,1,0,1,0,0,0,0,0,1,0
35,24,40,2,3,1,0,0,0,5,0.1478,0,0,0,0,0,0,2,0,2,1
44,19,11,2,0,0,0,0,0,1,0.0241,0,0,1,0,0,0,0,0,0,0
98,23,24,4,3,0,1,0,1,17,0.1713,1,0,1,0,0,0,2,1,1,1
26,15,7,2,1,0,1,0,0,1,0.0307,0,0,1,0,0,0,0,0,0,0
39,17,9,2,0,0,0,0,0,3,0.0783,0,0,1,0,0,0,0,0,0,0
62,19,36,3,1,0,1,0,1,9,0.1514,0,0,1,0,1,0,1,0,3,1
43,10,16,2,0,0,0,0,0,1,0.0338,0,0,1,0,0,0,0,1,0,0
42,7,6,3,0,0,1,0,0,0,0.0,0,0,0,0,0,0,0,0,1,0
68,23,32,1,1,0,0,1,0,7,0.1025,0,0,1,0,0,0,3,0,3,1
23,10,9,2,0,0,0,0,1,0,0.013,0,0,1,0,0,0,0,0,1,0
55,14,19,4,1,0,0,2,0,5,0.0839,0,0,0,0,0,0,1,1,5,1
41,23,8,1,1,0,0,0,1,1,0.0321,0,0,1,0,0,1,0,0,0,0
26,9,0,1,0,0,0,0,0,0,0.0,0,0,1,0,0,0,0,0,1,0
86,35,37,2,1,0,1,0,1,0,0.0,2,0,1,0,0,0,2,1,2,1
23,15,24,2,0,0,0,1,0,0,0.0183,1,0,1,0,0,0,0,0,0,0
75,21,43,7,2,0,0,0,2,0,0.0,1,0,0,0,0,0,1,0,4,1
77,12,36,3,4,0,0,0,0,14,0.1762,0,0,0,0,0,0,4,0,1,1
68,21,48,3,2,0,0,0,2,6,0.082,1,0,1,0,0,0,0,0,0,1
22,14,16,1,0,0,0,0,1,1,0.0552,1,0,1,0,0,0,0,0,1,0
87,29,32,1,4,0,1,1,1,0,0.0,1,0,0,0,0,0,3,1,0,1
52,19,0,3,1,0,0,0,1,3,0.0585,0,1,1,0,0,0,0,0,1,0
31,16,14,1,0,0,1,0,1,1,0.0189,0,0,0,0,0,0,1,0,1,0
32,17,28,4,6,1,1,0,0,6,0.1776,1,0,0,0,0,0,0,1,0,1
56,20,15,2,3,0,0,0,4,9,0.1677,1,0,1,0,0,0,1,1,3,1
32,9,13,1,0,0,0,0,0,0,0.0,1,0,1,0,0,0,0,0,0,0
51,25,17,2,1,0,1,0,0,11,0.2115,1,0,0,0,0,0,2,0,2,1
65,8,36,5,3,0,0,0,4,4,0.0595,1,0,0,0,0,0,3,1,3,1
88,16,28,3,2,0,1,0,0,0,0.0003,1,0,1,0,0,0,0,0,1,1
60,23,14,2,3,0,0,0,0,20,0.3263,2,0,0,0,0,0,2,0,3,1
117,29,32,6,1,0,1,0,1,26,0.2236,3,0,1,0,0,0,1,0,2,1
64,15,15,2,2,0,0,1,0,7,0.1133,1,1,0,0,0,1,3,0,2,1
100,8,30,2,1,0,0,0,1,8,0.083,1,1,1,0,0,0,3,0,4,1
19,12,17,2,0,0,0,0,0,1,0.0761,0,0,1,0,0,0,0,0,0,0
23,18,18,1,1,0,0,0,0,0,0.0,0,0,1,0,0,0,0,0,0,0
84,6,23,5,0,0,0,1,1,14,0.1668,0,0,0,0,0,1,1,1,0,1
21,11,24,2,0,0,0,0,0,0,0.0,0,0,1,0,0,0,0,0,0,0
45,30,7,5,1,0,0,0,2,0,0.0,1,0,1,0,0,0,5,0,1,1
19,16,6,2,0,0,0,0,0,0,0.0121,0,0,1,0,0,0,0,0,2,0
109,15,37,3,2,0,0,2,0,17,0.1597,2,1,0,0,0,0,5,0,4,1
43,18,7,2,0,0,0,0,0,2,0.0433,0,0,0,0,0,0,1,1,0,0
45,18,14,1,0,0,0,0,1,0,0.0,0,0,1,0,0,0,0,0,0,0
77,24,46,2,1,0,0,0,1,4,0.0481,3,0,0,0,0,0,4,1,2,1
35,16,12,2,1,0,0,0,0,0,0.0035,0,0,1,0,0,0,0,0,1,0
30,8,9,2,1,0,0,0,1,2,0.0677,0,0,1,0,0,0,0,0,0,0
77,21,58,1,3,0,0,0,0,12,0.1517,1,1,0,0,0,0,1,1,3,1
96,19,42,5,3,0,0,1,1,8,0.0783,2,0,0,0,1,0,0,1,1,1
36,28,45,5,2,0,0,0,0,8,0.2301,2,1,1,0,0,0,1,1,0,1
84,22,31,1,3,0,1,1,1,12,0.1378,1,0,1,0,0,0,3,0,3,1
26,11,4,2,1,0,0,0,0,2,0.067,0,0,1,0,0,0,0,0,1,0
97,18,35,1,1,0,0,2,1,22,0.2286,1,0,0,0,0,0,2,0,3,1
21,14,6,1,1,0,0,0,0,0,0.0,0,0,1,0,0,0,0,0,0,0
55,26,14,4,2,0,0,0,0,2,0.0361,1,0,1,0,1,0,4,1,2,1
9,23,1,2,1,0,0,0,0,0,0.0,1,0,1,0,0,0,0,0,0,0
65,24,58,5,2,0,0,1,2,11,0.1616,2,1,1,1,0,0,4,0,0,1
36,17,4,1,0,0,0,0,0,2,0.0492,1,0,1,0,0,0,1,0,1,0
51,35,22,4,2,0,0,1,0,5,0.0886,0,0,0,0,0,1,2,0,3,1
49,16,10,2,0,0,0,0,0,0,0.0,0,0,1,0,0,0,1,0,3,0
97,30,45,2,4,0,0,1,0,8,0.0867,1,0,1,0,0,0,0,0,0,1
57,31,13,3,0,1,1,1,1,7,0.1275,0,0,0,0,0,0,2,0,8,1
27,21,10,1,0,0,0,0,0,0,0.0,0,0,1,0,0,0,0,0,2,0
32,18,8,1,0,0,0,0,0,2,0.0623,0,0,1,0,0,0,0,0,1,0
60,20,1,4,2,0,0,0,0,10,0.1727,0,0,0,0,1,1,2,0,2,1
35,33,27,3,2,0,0,0,1,4,0.1111,0,0,0,0,0,0,2,0,5,1
43,22,22,2,1,0,2,0,1,8,0.1961,0,0,0,0,0,0,1,0,4,1
29,11,0,3,0,0,0,0,0,0,0.0144,1,0,1,0,0,0,0,0,1,0
37,21,26,2,2,0,0,1,1,8,0.2275,1,0,1,0,0,0,3,1,1,1
62,24,35,3,4,0,0,0,0,9,0.1414,3,1,0,0,0,0,2,0,1,1
37,10,14,1,1,0,0,0,1,0,0.0055,0,0,0,0,0,0,0,0,1,0
50,15,0,2,0,0,0,0,0,2,0.0424,0,0,1,0,0,0,0,0,0,0
70,19,14,3,2,0,1,0,1,6,0.0901,1,0,1,0,0,1,3,1,2,1
75,42,50,6,1,0,0,3,0,9,0.1149,2,0,1,0,1,1,3,1,1,1
12,11,15,3,0,0,0,0,0,0,0.0,0,0,1,0,0,0,0,0,0,0
74,33,47,6,0,0,0,0,0,9,0.115,1,0,1,0,0,1,3,0,0,1
46,22,43,3,3,0,0,1,0,0,0.0,1,0,1,0,0,0,3,1,1,1
29,13,19,3,0,0,0,0,0,2,0.0604,0,0,1,0,1,0,0,1,1,0
32,12,19,3,0,1,3,1,1,5,0.1541,3,0,1,0,0,0,2,1,5,1
82,32,23,1,0,0,1,1,1,25,0.3067,1,0,0,0,0,0,2,0,3,1
52,42,26,4,2,0,2,1,0,15,0.2826,2,0,0,0,0,0,1,0,4,1
108,18,49,2,3,0,0,2,0,4,0.0362,2,0,0,0,0,0,5,0,4,1
37,18,55,1,1,0,0,1,1,5,0.1393,0,0,0,0,1,1,2,0,1,1
77,15,13,3,1,0,0,0,1,7,0.0856,1,0,0,0,0,1,3,0,4,1
62,20,15,2,1,0,0,0,0,0,0.002,0,0,1,0,0,0,0,0,1,0
53,16,1,3,2,0,0,0,0,1,0.0238,0,0,1,0,0,0,0,0,1,0
86,27,35,3,3,0,0,0,0,0,0.0,3,0,1,0,0,0,3,0,3,1
17,18,3,1,1,0,0,0,0,0,0.0,0,0,1,0,0,1,0,0,0,0
42,15,8,2,0,0,0,0,1,1,0.023,0,0,1,0,0,0,0,0,1,0
31,7,15,1,0,0,0,0,0,1,0.0325,0,0,1,0,0,0,0,0,1,0
68,18,24,1,4,0,0,0,2,10,0.1484,3,0,0,0,0,0,0,1,4,1
46,8,13,5,5,0,1,0,1,10,0.2078,1,0,1,0,1,1,2,0,2,1
78,19,21,4,1,0,0,1,0,19,0.2446,0,1,0,0,0,0,1,0,3,1
22,10,2,2,0,0,0,0,0,0,0.0,1,0,1,0,0,0,0,0,2,0
32,24,24,1,1,0,0,0,0,0,0.0101,1,0,1,0,0,0,1,0,0,0
80,29,44,4,2,0,1,0,0,19,0.2407,0,0,0,0,0,0,3,1,1,1
34,8,20,1,0,0,0,0,1,0,0.0,1,0,1,0,0,0,0,0,1,0
56,13,58,2,2,0,1,1,3,6,0.1115,0,0,1,0,1,0,2,1,4,1
87,24,31,5,1,0,0,0,0,10,0.1176,0,0,1,0,0,0,5,1,2,1
34,18,15,1,1,0,0,0,1,0,0.0,0,0,1,0,0,0,0,0,1,0
36,11,13,2,2,0,0,0,0,0,0.0,1,0,1,0,0,0,0,0,1,0
68,23,19,3,2,0,1,1,1,10,0.1507,3,0,1,0,0,0,4,1,1,1
55,30,32,4,2,0,2,0,0,11,0.1996,3,0,0,0,0,0,1,0,2,1
28,17,10,1,0,0,0,0,0,1,0.0454,0,0,1,0,0,0,0,0,1,0
34,16,18,3,0,0,0,0,0,0,0.0,0,0,1,0,0,0,1,0,1,0
36,31,22,4,7,0,1,0,1,4,0.1005,0,0,1,0,0,0,2,0,1,1
34,21,0,2,2,0,0,0,0,0,0.0117,1,0,1,0,0,0,0,0,0,0
50,19,27,3,1,0,2,0,1,4,0.0881,0,0,1,0,0,0,2,0,2,1
19,13,10,2,1,0,0,0,0,0,0.0,0,0,1,0,0,0,0,0,2,0
0,26,36,3,3,0,0,3,1,0,0.0805,0,0,0,0,0,0,2,0,3,1
55,21,30,3,2,0,0,0,2,6,0.1067,4,1,0,0,0,0,0,0,2,1
45,10,14,3,1,0,1,0,0,2,0.0395,2,0,1,0,0,0,0,0,1,0
22,23,39,3,1,1,0,1,0,3,0.1174,2,1,0,0,0,1,0,0,3,1
42,15,15,3,0,0,0,1,0,0,0.0,0,0,1,0,0,0,1,0,1,0
47,17,51,2,2,0,0,1,2,6,0.126,1,1,0,0,0,0,2,0,3,1
88,18,64,2,2,0,0,0,2,6,0.0723,1,0,1,0,0,0,3,1,2,1
45,8,3,2,1,0,0,0,0,0,0.0,0,0,1,0,0,0,0,0,3,0
72,18,46,2,3,0,0,1,1,9,0.1246,0,0,0,0,0,0,3,0,3,1
68,16,51,1,1,0,1,1,0,5,0.0797,0,0,0,0,0,0,1,1,0,1
121,19,24,2,3,0,2,0,1,25,0.2044,2,0,0,0,0,0,1,0,1,1
32,22,8,3,0,0,0,0,0,0,0.0031,0,0,1,0,0,0,0,0,0,0
9,11,6,2,1,0,0,0,1,1,0.069,0,0,1,0,0,0,0,0,1,0
57,26,66,3,2,0,0,0,1,0,0.0,2,1,1,0,1,0,3,0,1,1
85,20,41,1,5,0,1,1,3,1,0.0146,1,1,1,0,0,0,0,0,0,1
70,28,25,2,4,0,0,0,2,6,0.083,2,1,1,0,0,0,2,0,2,1
84,29,34,1,1,0,1,1,0,0,0.0014,1,0,0,0,0,0,3,0,1,1
85,25,33,4,2,0,1,0,2,3,0.0339,3,1,1,0,0,0,2,0,4,1
11,12,0,1,0,0,0,0,0,0,0.0271,2,0,1,0,0,0,0,0,1,0
42,31,24,4,2,0,1,0,0,4,0.0875,1,0,0,0,1,0,2,1,2,1
24,14,0,1,0,0,1,0,0,1,0.0238,1,0,1,0,0,0,0,1,1,0
83,23,19,3,0,0,2,1,1,15,0.1842,1,0,0,0,0,0,1,1,3,1
52,32,31,1,1,0,1,2,0,9,0.1643,3,0,1,0,0,1,2,1,3,1
22,15,13,2,0,0,0,0,0,0,0.0,1,0,1,0,0,0,0,0,1,0
64,24,10,3,1,0,1,1,2,8,0.1303,0,0,0,0,1,0,3,1,0,1
41,7,0,2,0,0,0,0,1,2,0.0608,0,0,1,0,0,0,0,1,0,0
76,26,58,2,2,0,0,0,0,14,0.1883,1,0,0,0,1,0,0,1,4,1
53,32,29,1,2,0,0,2,1,12,0.2363,1,0,1,0,0,0,2,1,1,1
42,17,7,1,1,0,0,0,0,0,0.0,1,0,0,0,0,0,0,1,3,0
42,13,0,1,0,0,0,0,0,0,0.0,0,0,1,0,0,0,0,0,0,0
97,14,42,5,2,0,0,0,0,19,0.193,1,0,0,0,0,1,0,1,1,1
23,14,1,3,0,0,0,0,0,0,0.0118,0,0,1,0,0,0,0,0,0,0
39,5,13,1,0,0,0,1,0,2,0.0537,0,0,1,0,0,0,1,0,2,0
89,15,33,4,3,0,1,0,0,16,0.1769,3,0,0,0,0,1,6,0,1,1
47,19,16,2,1,0,0,0,0,0,0.0008,1,0,1,0,0,0,0,0,2,0
82,31,23,3,0,0,0,2,3,11,0.1384,4,1,0,0,0,1,1,0,2,1
14,12,20,2,0,0,0,0,0,1,0.0558,0,0,1,0,0,0,0,0,0,0
57,36,0,0,4,0,1,0,3,10,0.1812,2,0,1,0,1,0,1,0,2,1
51,31,23,3,2,0,2,1,1,0,0.0,2,1,1,0,0,0,2,1,0,1
69,16,52,5,1,1,1,0,0,8,0.1215,1,0,0,0,0,0,0,1,2,1
36,21,8,2,1,0,0,0,0,0,0.0066,1,0,1,0,0,0,2,0,0,0
90,22,20,1,2,0,0,0,0,0,0.0,1,1,0,0,0,0,1,0,2,1
93,25,51,3,0,0,0,1,2,0,0.0,2,0,1,0,0,0,1,1,4,1
20,9,18,5,1,0,0,1,1,2,0.085,1,0,0,0,0,0,2,0,2,1
31,12,1,2,0,0,1,0,0,2,0.0492,0,0,1,0,0,0,0,0,0,0
38,25,5,3,1,0,0,0,0,3,0.0762,0,0,1,0,0,0,0,0,2,0
4,17,0,1,0,0,0,0,1,0,0.0,0,0,1,0,0,0,0,0,2,0
55,31,3,3,1,0,0,0,0,9,0.1569,1,0,1,1,0,0,2,1,1,1
51,27,51,2,3,0,2,0,1,6,0.1109,1,0,0,0,0,0,1,1,2,1
56,33,42,5,3,0,1,1,0,5,0.0884,2,1,0,0,0,0,1,1,2,1
54,24,13,2,2,0,0,1,0,10,0.1844,1,0,0,0,0,0,2,1,1,1
71,29,25,2,4,1,0,0,1,0,0.0,3,0,0,0,0,1,4,0,3,1
41,20,6,4,1,0,0,0,3,5,0.1162,1,1,1,0,0,1,0,1,2,1
43,16,10,1,2,0,0,0,1,1,0.0283,0,0,1,0,0,0,0,0,0,0
77,36,8,3,3,0,0,0,1,8,0.1063,1,0,1,0,1,0,1,1,1,1
20,20,9,2,0,0,1,0,0,1,0.0305,0,0,1,0,0,0,0,1,0,0
15,6,5,2,1,0,0,0,0,0,0.0,0,0,1,0,0,0,0,0,0,0
81,24,10,0,3,0,1,0,1,15,0.1857,0,0,0,0,0,0,0,0,2,1
15,21,12,1,1,0,0,0,0,0,0.0212,0,0,0,0,0,0,0,0,1,0
27,19,4,2,0,0,0,0,1,2,0.0741,0,0,1,0,0,0,0,0,2,0
77,34,20,5,3,0,0,3,2,6,0.0745,0,1,1,0,0,0,1,1,2,1
9,18,17,3,1,0,0,0,0,0,0.047,1,0,1,0,0,0,0,0,1,0
131,17,21,3,2,1,1,3,1,7,0.052,2,0,0,1,0,0,4,1,1,1
80,16,10,3,1,0,0,2,1,1,0.0087,0,1,1,0,0,0,0,1,2,1
36,22,19,2,0,0,0,0,0,3,0.0807,0,0,1,0,0,0,0,0,0,0
28,8,24,2,0,0,0,0,0,2,0.0585,2,0,1,0,0,0,0,0,0,0
17,14,2,2,0,0,0,0,0,0,0.0,0,0,1,0,0,0,0,0,1,0
101,35,50,1,4,0,1,0,1,13,0.1271,2,0,1,0,0,0,1,1,1,1
26,26,37,4,3,0,0,0,1,2,0.0903,2,1,0,0,0,0,1,1,2,1
106,20,31,3,3,0,0,1,1,21,0.1953,1,0,0,0,0,0,5,0,4,1
19,21,14,3,1,0,0,0,1,1,0.0556,2,0,1,0,0,0,0,0,1,0
39,13,13,3,0,0,0,0,0,0,0.0041,0,0,0,0,0,1,0,0,1,0
41,11,6,1,1,0,1,0,0,0,0.0059,0,0,1,0,0,0,0,0,1,0
52,14,55,3,3,0,1,1,1,1,0.0206,1,0,0,0,0,0,2,0,2,1
109,30,23,4,1,1,0,0,1,13,0.1193,2,1,0,0,0,0,4,0,3,1
34,26,16,2,0,0,0,0,0,0,0.0,1,0,1,0,0,0,1,0,1,0
80,14,31,0,4,0,0,2,1,7,0.0835,3,0,1,0,0,0,3,0,4,1
81,16,37,4,2,1,0,0,0,0,0.0,1,0,1,0,0,0,0,1,0,1
44,11,14,1,0,0,0,0,0,1,0.0184,2,0,1,0,0,0,0,0,1,0
93,11,16,3,1,1,1,3,0,15,0.161,1,0,0,0,0,0,2,1,1,1
88,22,18,2,1,1,0,2,2,9,0.0981,3,0,0,0,0,0,2,0,1,1
39,21,21,1,0,0,0,0,1,1,0.0332,2,0,0,0,0,0,1,0,1,0
67,28,23,3,6,0,0,0,0,5,0.069,1,1,0,0,1,1,0,1,4,1
75,26,18,1,0,0,2,1,2,9,0.1239,2,0,0,0,0,1,4,0,4,1
54,15,48,5,5,0,0,0,1,3,0.0536,1,0,1,0,0,0,2,0,0,1
75,21,21,5,3,0,0,1,1,13,0.171,0,0,1,0,0,1,3,0,5,1
58,25,26,3,3,0,0,0,2,0,0.0037,2,0,1,0,0,0,2,0,4,1
88,31,50,1,8,0,1,0,0,25,0.288,0,0,0,0,1,0,1,1,2,1
119,24,25,2,5,0,1,0,1,4,0.0332,0,0,0,0,0,0,1,1,2,1
84,21,22,5,1,0,0,0,1,7,0.0855,1,0,1,0,0,0,1,0,4,1
30,20,11,3,1,0,0,0,0,1,0.0245,0,0,1,0,0,0,0,0,2,0
16,10,7,0,0,0,0,0,0,1,0.0866,0,0,1,0,0,0,0,0,2,0
38,23,6,2,1,0,0,0,0,1,0.0194,1,0,1,0,0,0,0,0,0,0
108,34,23,4,0,1,0,0,0,26,0.2365,1,0,1,0,0,0,0,0,2,1
55,12,7,5,0,1,0,0,0,9,0.1626,2,0,0,1,0,1,0,1,5,1
19,25,16,1,0,0,1,0,0,0,0.0,1,0,1,0,0,1,0,0,3,0
69,39,40,2,0,0,1,1,1,11,0.1661,0,0,1,0,0,0,2,0,2,1
50,25,16,3,1,0,3,0,1,0,0.0051,3,0,0,0,0,1,2,0,0,1
31,13,15,1,1,0,0,0,0,3,0.0818,1,0,1,0,0,0,0,0,2,0
81,26,29,2,0,0,1,0,1,4,0.0442,2,0,0,0,1,0,2,0,1,1
103,30,44,5,1,0,0,1,1,0,0.0,1,0,0,0,0,0,2,1,3,1
19,13,4,2,0,0,0,0,0,0,0.0204,0,0,1,0,0,0,0,0,1,0
93,26,11,5,1,1,1,0,1,17,0.1837,1,0,1,0,0,1,2,1,0,1
30,7,10,2,0,0,0,0,1,0,0.0,1,0,1,0,0,0,0,0,0,0
111,19,41,3,0,0,3,1,0,5,0.0489,2,0,0,0,0,1,3,0,1,1
18,20,12,1,1,0,0,0,0,2,0.0961,0,0,1,0,0,0,0,0,3,0
26,19,6,1,0,0,0,0,0,1,0.0469,0,0,1,0,0,0,0,0,2,0
84,22,19,3,3,0,0,0,1,5,0.0558,1,0,0,0,1,0,1,0,4,1
57,22,38,3,0,0,0,1,0,12,0.2045,1,0,1,0,0,0,2,0,3,1
30,17,13,1,0,0,0,0,0,0,0.0,0,0,1,0,0,0,2,0,0,0
33,28,13,1,0,0,1,0,0,2,0.0528,0,0,1,0,0,0,0,0,0,0
67,27,41,3,2,0,0,0,4,3,0.049,6,1,0,0,0,0,3,1,1,1
25,15,25,3,1,0,0,0,1,4,0.1402,0,0,0,0,0,0,3,0,1,1
78,20,15,4,0,0,1,0,1,11,0.1404,2,0,0,0,1,0,4,0,1,1
92,24,8,1,3,0,1,0,0,5,0.0535,2,1,0,1,1,0,2,0,1,1
32,21,16,2,1,0,1,0,0,0,0.0,0,0,1,0,0,1,0,0,0,0
39,19,3,2,0,0,0,0,0,0,0.0,0,0,1,0,0,0,0,0,0,0
76,27,24,2,1,0,0,0,1,17,0.2223,3,1,0,0,0,0,1,0,1,1
89,24,13,2,0,0,2,0,0,25,0.2746,0,1,0,0,0,1,1,1,5,1
58,15,61,2,3,1,0,0,0,6,0.105,3,0,1,0,0,0,2,1,0,1
30,19,17,2,1,0,0,0,0,0,0.0032,0,0,1,0,0,0,1,0,0,0
29,15,13,3,1,0,1,0,0,1,0.0369,1,0,1,0,0,1,0,0,0,0
77,15,14,2,1,0,0,0,0,10,0.1241,2,0,0,0,1,1,0,0,1,1
44,34,20,2,2,0,3,0,0,2,0.0555,1,0,1,0,1,0,0,0,2,1
41,23,33,4,2,0,0,0,0,6,0.1482,2,0,0,0,0,0,1,1,3,1
48,13,20,2,0,0,0,0,1,1,0.0262,1,0,1,0,0,0,0,0,1,0
54,16,13,0,2,0,0,0,0,3,0.0592,1,0,1,0,0,0,0,0,2,0
27,18,5,1,1,0,0,0,0,0,0.0,0,0,1,0,0,0,0,0,2,0
27,14,18,2,0,0,1,0,0,1,0.0239,1,0,0,0,0,0,0,0,0,0
75,26,22,3,1,0,1,3,1,21,0.2829,5,0,1,0,0,0,1,1,0,1
43,28,38,2,3,0,0,1,0,9,0.2122,2,0,0,0,0,0,1,0,1,1
38,14,0,1,0,0,0,0,0,1,0.0144,0,0,1,0,0,0,1,0,0,0
68,14,5,3,2,0,0,1,1,6,0.0878,5,0,1,0,0,0,1,1,1,1
96,43,44,4,5,0,0,0,0,11,0.1188,2,0,0,0,0,0,4,0,4,1
23,20,10,2,0,0,0,0,0,1,0.0515,2,0,1,0,0,0,0,0,0,0
98,21,35,2,1,0,0,0,2,11,0.1136,1,0,1,0,0,0,0,0,2,1
93,12,43,4,2,0,3,0,0,9,0.0925,2,0,0,0,1,0,1,0,5,1
32,23,10,2,1,0,0,0,0,0,0.0,0,0,1,0,0,0,1,0,0,0
45,22,48,0,2,0,1,0,1,1,0.0174,1,0,0,0,0,0,5,1,4,1
80,29,0,5,1,0,1,2,1,15,0.1837,1,0,1,0,0,1,0,1,0,1
92,20,43,5,0,0,0,1,0,8,0.0855,0,0,1,0,0,0,1,0,3,1
46,26,60,4,4,0,1,0,2,0,0.0,2,1,0,0,0,0,1,0,0,1
55,24,0,3,2,0,2,1,1,4,0.0648,1,0,0,0,0,1,1,0,3,1
38,20,9,1,2,0,0,0,0,0,0.0,0,0,1,0,0,0,0,0,0,0
93,26,42,5,1,1,1,0,2,11,0.1166,1,1,0,0,0,0,4,0,1,1
42,4,13,3,1,0,0,0,0,2,0.0412,0,0,1,0,0,0,0,0,0,0
44,27,30,6,2,0,0,0,0,6,0.1291,0,0,0,0,0,0,0,0,2,1
41,18,3,2,1,0,1,0,0,1,0.0275,0,0,1,0,0,0,0,0,0,0
16,16,14,3,1,0,0,0,0,1,0.0458,1,0,1,0,0,1,0,0,3,0
71,25,23,2,3,0,1,0,1,4,0.0611,0,0,1,0,0,1,0,0,1,1
17,13,7,2,1,0,0,0,0,0,0.0,1,0,0,0,0,0,0,0,0,0
66,31,41,3,3,0,0,0,4,5,0.0814,1,0,1,0,0,0,2,0,2,1
40,18,1,2,1,0,0,0,0,0,0.0,0,0,1,0,0,0,0,0,0,0
90,7,25,2,2,0,2,2,2,14,0.1556,2,1,0,0,0,0,3,0,0,1
100,18,35,4,1,0,0,0,1,3,0.0324,4,1,1,0,0,0,0,0,3,1
92,23,24,5,1,0,1,0,0,1,0.008,0,0,1,0,1,0,2,0,4,1
55,13,25,2,1,0,0,0,0,3,0.0527,0,0,1,1,0,0,0,0,1,0
34,14,4,1,1,0,0,0,2,0,0.0007,0,0,1,0,0,0,0,0,0,0
40,10,12,3,0,0,0,0,1,0,0.004,0,0,0,0,0,0,0,0,0,0
48,24,13,2,0,0,1,0,0,2,0.0475,0,0,1,0,0,0,0,0,0,0
13,20,12,2,2,0,0,0,0,0,0.0347,1,0,1,0,0,0,0,0,3,0
33,14,14,2,2,0,0,0,0,0,0.0,3,0,1,0,0,0,0,0,0,0
43,14,47,2,5,0,1,0,1,5,0.119,2,1,0,0,1,0,2,0,5,1
69,18,32,1,2,0,1,0,1,21,0.2995,0,0,0,0,0,0,0,0,1,1
28,10,11,2,0,0,0,0,0,2,0.0664,0,0,1,0,0,0,0,0,0,0
10,7,0,2,1,0,0,0,0,1,0.0581,1,0,1,0,0,0,0,0,0,0
14,9,26,2,1,0,0,0,0,1,0.0542,0,0,0,0,0,0,0,0,0,0
53,20,27,3,1,0,1,0,2,3,0.0571,2,0,0,0,0,0,2,0,1,1
13,23,8,2,0,0,0,0,1,0,0.0306,0,0,1,0,0,0,0,0,0,0
42,19,54,3,5,0,0,0,3,10,0.2389,3,0,0,0,0,0,0,0,1,1
26,9,18,2,0,0,0,0,0,0,0.0,1,0,1,0,0,0,0,0,0,0
42,17,16,3,1,0,0,0,1,1,0.0147,1,0,1,0,0,0,0,0,2,0
29,19,13,1,1,0,0,0,0,0,0.0,0,0,1,0,0,0,0,0,1,0
50,8,10,2,2,0,0,0,0,3,0.0599,0,0,1,0,0,0,0,0,1,0
55,7,0,3,4,0,1,0,2,7,0.1266,0,0,1,0,0,0,1,0,5,1
11,17,10,2,0,0,0,0,1,0,0.0255,1,0,1,0,0,0,0,0,0,0
25,20,43,5,1,0,0,0,2,3,0.1184,2,0,0,0,0,0,5,1,0,1
39,15,11,1,0,0,0,0,0,0,0.0,0,0,1,0,0,0,0,0,0,0
48,25,12,5,3,0,1,0,2,10,0.207,1,0,1,0,0,0,2,0,1,1
93,26,23,2,1,0,1,1,0,16,0.1685,3,0,0,0,0,0,0,1,2,1
11,13,8,0,0,0,0,0,1,0,0.0,0,0,1,0,0,0,0,0,0,0
92,28,20,4,2,0,1,0,1,4,0.0389,1,0,0,0,0,0,2,0,4,1
25,6,9,1,0,0,0,0,0,2,0.0768,1,0,1,0,0,0,0,0,1,0
118,25,43,4,5,0,0,0,1,25,0.2136,1,0,1,0,0,0,0,1,2,1
50,28,43,1,3,0,2,0,2,9,0.1808,1,0,1,0,1,0,0,0,3,1
42,28,31,5,0,0,0,1,1,10,0.2298,1,0,1,0,0,0,0,0,1,1
35,28,26,4,0,0,0,0,0,5,0.154,3,0,1,0,0,0,1,1,3,1
72,26,32,2,3,0,1,0,3,9,0.1219,1,0,0,0,0,0,3,1,2,1
32,18,15,2,1,0,0,0,0,0,0.0,0,0,1,0,0,0,0,0,1,0
38,16,8,2,0,0,0,1,0,1,0.0146,0,0,1,0,0,0,0,1,1,0
7,11,51,2,0,0,3,0,3,1,0.1551,1,1,1,0,0,0,1,0,2,1
61,23,10,5,3,0,0,0,0,5,0.0784,3,0,1,0,0,0,4,0,1,1
25,14,8,1,0,0,0,0,0,2,0.0832,0,0,1,0,0,0,1,0,0,0
36,21,11,2,0,0,0,0,1,0,0.0,0,0,1,0,0,0,0,0,0,0
91,22,33,6,1,0,0,1,0,15,0.1649,1,0,0,1,0,0,2,0,4,1
43,21,15,2,0,0,0,0,1,2,0.0411,0,0,1,0,0,0,0,0,0,0
6,3,0,2,0,0,0,0,1,0,0.047,0,0,1,0,0,0,0,0,0,0
27,25,24,2,0,0,0,1,0,1,0.0427,0,0,1,0,0,0,0,0,1,0
78,25,31,5,4,0,1,0,0,18,0.23,2,1,0,0,0,0,1,0,4,1
58,30,18,4,2,0,0,2,0,7,0.1166,3,0,0,0,0,0,0,1,1,1
99,14,45,1,1,0,1,0,1,19,0.1912,1,0,0,0,0,0,1,0,2,1
28,8,17,2,0,0,0,0,0,1,0.021,0,0,1,0,0,0,0,0,1,0
96,27,33,4,3,0,1,0,1,4,0.0461,1,1,0,0,0,0,1,0,1,1
78,19,25,5,3,0,1,2,0,15,0.1972,0,0,0,0,0,0,1,0,2,1
63,15,36,3,3,0,0,0,0,0,0.0,1,1,0,0,0,0,0,0,2,1
108,27,41,2,3,0,1,1,2,20,0.1894,1,0,1,0,0,0,1,0,1,1
29,10,22,2,0,0,0,0,0,1,0.0439,1,0,1,0,0,0,0,0,0,0
19,17,4,3,0,0,0,0,0,1,0.0618,1,0,0,0,0,0,0,0,4,0
81,22,58,6,3,0,0,0,1,0,0.0,1,0,1,0,0,0,1,0,3,1
34,7,7,1,1,0,0,1,0,0,0.0051,0,0,1,0,0,0,0,0,1,0
28,6,18,3,0,0,0,0,0,1,0.043,0,0,1,0,0,0,0,0,0,0
34,15,0,1,1,0,0,0,1,3,0.09,0,0,1,0,0,1,0,0,0,0
53,18,25,0,3,0,1,0,0,3,0.0617,1,1,0,0,0,1,1,0,0,1
58,6,12,2,2,0,0,2,1,0,0.0,0,0,0,0,0,0,1,0,2,1
113,24,9,7,1,0,0,0,0,14,0.1206,1,0,1,0,0,0,0,0,1,1
24,15,9,2,1,0,0,0,1,2,0.095,0,0,1,0,0,0,1,0,0,0
103,27,33,5,4,1,0,2,0,8,0.0728,4,0,1,0,0,0,3,0,2,1
99,5,34,4,5,0,2,0,1,11,0.1111,1,0,1,0,0,0,2,1,0,1
81,24,32,4,1,0,1,0,4,11,0.1368,3,0,1,0,1,0,2,0,0,1
51,34,17,2,1,0,0,0,0,8,0.1617,2,0,0,0,0,0,1,1,2,1
19,16,10,1,0,0,0,0,0,0,0.0,1,0,1,0,0,0,0,0,2,0
24,14,6,3,0,0,0,0,0,0,0.0,0,0,1,0,0,0,0,0,0,0
68,30,43,1,3,0,0,1,2,8,0.1185,0,0,1,0,1,0,2,1,0,1
29,17,10,2,1,0,1,0,1,1,0.0323,2,0,1,0,0,0,1,0,1,0
31,12,3,1,0,0,0,0,0,0,0.002,0,0,1,0,0,0,0,0,1,0
48,21,3,1,0,0,0,0,0,0,0.0039,0,0,1,0,0,0,0,0,0,0
75,34,39,3,3,0,1,1,1,12,0.1652,1,0,0,0,1,0,2,1,0,1
29,22,19,2,0,0,0,0,0,3,0.0881,0,0,1,0,0,0,0,0,1,0
20,8,6,0,1,0,0,0,0,0,0.0,0,0,0,0,0,0,1,0,1,0
58,16,23,2,2,0,1,1,0,5,0.0806,4,1,1,0,0,1,1,1,1,1
12,29,43,3,2,0,1,0,1,1,0.0769,1,0,0,0,0,0,3,1,2,1
71,32,22,0,3,0,0,0,0,20,0.2848,1,0,0,0,0,0,1,1,1,1
55,30,29,3,2,0,0,1,1,12,0.2132,0,0,0,0,0,0,3,1,2,1
31,11,10,2,1,0,0,0,0,1,0.0384,1,0,0,0,0,0,0,0,1,0
36,15,4,1,1,0,0,0,2,1,0.0385,0,0,1,0,0,0,0,0,2,0
72,22,34,2,1,0,1,0,1,7,0.0928,0,0,0,1,0,1,2,0,4,1
26,11,11,2,1,0,0,0,0,1,0.0381,0,0,1,0,0,0,0,0,0,0
49,9,12,3,1,0,0,0,0,2,0.0381,0,0,1,0,0,0,0,0,1,0
35,29,52,4,5,0,0,2,2,4,0.1191,4,0,1,0,0,0,1,0,2,1
32,20,0,1,0,0,0,0,0,1,0.0436,0,0,1,0,0,0,0,0,4,0
47,15,0,2,0,0,0,0,0,1,0.0186,0,0,1,0,0,0,1,0,1,0
72,14,26,5,2,0,2,2,0,11,0.1541,0,0,1,0,0,0,1,0,2,1
63,31,23,3,1,0,2,1,1,11,0.1778,3,1,0,0,1,1,2,1,1,1
64,25,27,2,2,1,1,0,2,5,0.0786,2,0,0,0,0,0,1,1,1,1
3,21,5,1,1,0,0,0,0,0,0.0405,0,0,1,0,0,0,0,0,1,0
34,19,0,2,0,0,0,0,0,1,0.0438,1,0,1,0,0,0,0,0,0,0
57,13,16,1,1,0,0,0,0,3,0.0573,0,0,1,0,0,0,1,0,0,0
25,16,17,0,0,0,0,0,0,1,0.0285,0,0,1,0,0,0,0,0,0,0
56,13,11,4,0,1,0,0,2,1,0.0213,1,0,1,0,0,0,3,1,3,1
68,12,33,1,2,0,1,1,3,4,0.0599,0,0,0,0,0,0,2,1,0,1
39,20,9,2,0,0,0,0,0,0,0.0,0,0,1,0,0,0,0,0,0,0
23,16,8,1,0,0,0,0,0,0,0.0009,0,0,1,0,0,0,0,0,2,0
28,10,0,2,0,0,1,0,0,2,0.059,0,0,1,0,0,0,0,0,0,0
31,25,12,1,1,0,0,2,3,0,0.0058,0,0,1,0,0,0,0,0,0,0
121,43,31,3,1,0,0,1,1,8,0.0642,3,0,1,1,0,0,0,1,1,1
45,11,49,3,3,0,0,0,0,3,0.0639,1,0,1,1,0,0,0,1,3,1
24,26,22,1,3,0,0,0,2,3,0.1344,2,0,0,0,0,0,3,0,5,1
108,26,41,6,1,0,2,0,0,2,0.0152,3,0,0,0,0,0,1,1,4,1
22,25,53,1,0,0,0,0,2,3,0.1295,0,1,1,0,1,0,2,0,2,1
76,12,18,3,4,1,1,0,0,0,0.0,4,1,1,0,0,0,0,1,3,1
55,25,29,2,3,0,1,1,2,9,0.163,0,0,1,0,0,1,3,0,3,1
20,13,8,2,1,0,0,0,1,0,0.0,4,0,1,0,0,0,0,0,1,0
38,16,10,3,0,0,0,0,0,0,0.0,2,0,1,0,0,0,0,0,0,0
92,34,15,4,2,0,3,0,0,13,0.1456,1,0,0,0,1,0,0,1,3,1
89,36,48,2,2,0,0,0,0,21,0.2399,2,0,1,0,0,0,4,0,1,1
87,16,34,2,6,0,0,0,3,8,0.0952,0,0,1,0,0,0,4,0,2,1
37,20,0,1,0,0,0,0,0,1,0.0383,0,0,1,0,1,0,1,0,2,0
112,25,24,3,3,1,1,0,0,3,0.0281,0,0,0,0,1,0,2,1,1,1
98,35,36,1,2,0,2,1,1,16,0.1631,1,0,0,0,0,0,5,1,1,1
37,14,8,1,1,0,1,0,0,0,0.0,0,0,1,0,0,0,0,0,3,0
30,15,8,2,0,0,0,0,0,1,0.0334,0,0,1,0,0,0,1,1,0,0
90,14,36,5,4,0,0,1,1,11,0.1202,3,0,0,0,0,0,1,1,1,1
49,10,13,2,2,0,0,0,0,0,0.0012,0,0,1,0,0,0,0,0,0,0
34,23,16,1,0,0,0,0,0,2,0.048,0,0,1,0,0,0,0,0,1,0
34,13,25,2,3,0,1,0,0,4,0.1247,1,1,0,0,0,0,2,0,3,1
95,32,15,5,2,0,0,2,0,21,0.2244,0,1,0,0,0,0,1,1,0,1
37,20,16,2,0,0,0,0,1,0,0.0034,1,0,1,0,0,0,0,0,1,0
32,16,3,3,1,0,0,0,1,0,0.0,0,0,1,0,0,0,0,0,2,0
62,15,9,1,0,0,0,0,1,3,0.0447,0,0,1,0,1,0,0,0,0,0
83,36,33,4,4,0,0,2,1,15,0.1805,0,0,0,1,0,0,1,0,3,1
97,6,22,4,2,1,0,1,0,0,0.0,0,0,0,0,0,0,3,0,3,1
47,11,14,2,1,0,0,1,1,1,0.0304,0,0,1,0,0,0,0,0,0,0
17,16,1,4,0,0,0,0,0,0,0.007,0,0,1,0,0,0,0,0,0,0
31,16,3,3,0,0,0,0,0,1,0.0361,0,0,1,0,0,0,0,0,0,0
30,10,13,1,1,0,1,0,0,2,0.0598,0,0,1,0,0,0,0,0,0,0
37,10,6,3,2,0,0,0,0,2,0.0484,1,0,1,0,0,0,0,0,1,0
35,18,8,1,0,0,0,0,0,2,0.0645,1,0,1,0,0,0,0,0,2,0
33,26,15,4,1,0,2,0,1,0,0.0,1,0,1,0,0,0,2,1,2,1
63,25,31,2,2,0,0,1,0,13,0.2015,2,1,0,0,0,1,0,0,4,1
21,10,1,1,0,0,0,0,0,1,0.0335,0,0,1,0,0,0,0,0,2,0
43,15,33,3,5,0,2,1,2,8,0.1831,1,0,1,0,1,0,2,0,1,1
62,13,10,2,1,0,0,0,0,0,0.0003,1,0,1,0,0,0,0,0,0,0
87,33,33,3,1,0,1,3,4,13,0.1536,1,0,1,0,1,0,1,1,3,1
35,8,14,0,0,0,0,0,0,0,0.0,0,0,1,0,0,0,0,0,0,0
21,10,16,1,0,0,0,1,0,1,0.0557,0,0,1,0,0,0,0,0,0,0
34,18,0,1,0,0,0,0,0,0,0.0,1,0,1,0,0,0,2,0,1,0
36,13,24,3,1,0,0,0,0,1,0.0188,1,0,1,0,0,0,0,0,0,0
72,25,27,0,5,0,0,1,1,5,0.0667,1,0,0,0,1,0,1,1,0,1
86,13,28,2,2,0,1,0,0,13,0.1475,1,0,0,0,0,0,4,1,3,1
41,26,47,3,3,0,0,1,4,5,0.1248,0,0,1,1,0,0,2,0,1,1
116,24,26,2,2,0,0,0,1,19,0.1656,2,0,0,0,1,0,4,1,2,1
33,17,36,2,4,0,2,1,3,0,0.0,0,1,1,0,1,0,5,0,3,1
72,22,52,6,3,0,0,0,0,0,0.0,0,0,1,0,1,0,2,1,3,1
44,24,40,4,1,0,0,0,1,5,0.1154,3,0,0,0,0,0,0,0,3,1
83,14,19,2,3,1,1,0,3,8,0.0963,2,0,0,0,0,1,0,0,1,1
25,14,14,2,0,0,0,1,0,1,0.0335,0,0,1,0,0,0,0,0,1,0
45,20,7,1,4,1,0,1,0,10,0.2212,0,0,0,0,0,1,2,0,0,1
25,15,16,2,0,0,1,0,0,1,0.0413,0,0,1,0,0,0,0,0,0,0
76,25,21,4,3,0,0,0,0,3,0.0393,0,0,1,0,0,0,0,0,1,1
26,13,3,1,0,0,0,0,1,0,0.0121,3,0,1,0,0,0,0,0,0,0
28,6,7,2,4,0,0,0,0,0,0.0136,0,0,1,0,0,0,0,0,1,0
39,13,2,2,1,0,0,0,0,1,0.0159,0,0,1,0,0,0,0,0,0,0
11,14,9,3,0,0,0,0,0,0,0.0,0,0,1,0,0,0,2,0,0,0
54,25,33,3,2,0,1,0,2,8,0.1411,1,1,0,0,0,1,3,0,0,1
36,12,13,1,1,0,0,1,0,0,0.0,1,0,1,0,0,0,0,0,1,0
40,38,12,4,3,0,0,0,3,6,0.1494,4,0,1,0,0,0,2,1,3,1
50,17,32,5,2,0,1,1,0,6,0.1162,1,0,0,0,0,1,1,1,3,1
28,15,45,0,3,0,1,0,1,2,0.0572,2,0,0,0,0,0,1,0,2,1
55,22,16,3,1,1,0,1,1,8,0.1486,2,0,0,0,0,0,2,1,1,1
82,33,39,3,2,0,1,2,1,7,0.0831,2,0,1,0,0,0,2,1,3,1
62,24,31,1,4,0,0,0,4,2,0.0303,2,0,0,0,0,0,2,1,0,1
29,16,12,2,0,0,0,0,0,0,0.0,0,0,1,0,0,0,0,0,1,0
76,24,0,4,4,0,1,1,0,7,0.0872,1,0,1,0,0,0,1,0,4,1
41,18,24,2,0,0,0,0,0,1,0.0203,0,0,0,0,0,0,0,0,2,0
26,13,2,2,0,0,0,0,1,0,0.0,0,0,1,0,0,0,0,0,1,0
9,18,5,3,0,0,0,0,0,1,0.0818,2,0,1,0,0,0,0,0,0,0
91,38,50,3,2,0,2,1,1,9,0.0994,2,0,1,0,0,1,3,0,5,1
73,45,53,0,3,0,1,1,1,0,0.0,2,1,1,0,0,0,4,0,2,1
17,14,7,2,0,0,0,0,0,1,0.047,1,0,1,0,0,0,0,0,0,0
106,13,41,3,0,0,0,0,2,20,0.1908,1,0,1,0,0,0,5,1,1,1
56,26,43,3,4,0,2,0,1,16,0.2928,1,0,0,0,0,0,1,1,3,1
45,28,24,1,0,0,1,0,0,5,0.1105,1,0,1,0,1,0,0,0,4,1
53,41,37,2,1,0,1,0,0,4,0.0674,0,0,0,1,0,1,2,0,2,1
23,12,11,2,0,0,0,0,0,0,0.0079,0,0,1,0,0,0,1,0,0,0
40,15,11,1,0,0,0,0,0,0,0.0,1,0,1,0,0,0,0,0,1,0
76,9,22,0,2,0,0,1,2,2,0.0307,0,0,0,0,0,0,1,0,2,1
62,23,58,3,1,0,1,3,2,8,0.1322,2,0,0,0,0,0,3,1,1,1
27,22,0,2,0,0,0,0,0,0,0.0,0,0,1,0,0,0,0,0,0,0
37,19,2,3,1,0,1,0,0,1,0.0262,0,0,1,0,0,0,0,0,3,0
61,36,47,5,3,0,0,0,0,7,0.1195,1,0,1,0,0,0,4,1,0,1
103,36,43,3,2,0,0,0,0,12,0.1131,1,1,1,0,0,0,0,0,4,1
31,14,19,0,1,1,0,0,2,1,0.0423,0,0,1,0,0,0,0,0,0,0
76,26,27,6,5,0,2,0,1,7,0.0878,0,0,1,0,0,0,2,1,0,1
71,21,20,2,3,0,0,0,2,10,0.1422,0,0,1,0,1,0,3,0,2,1
25,19,0,1,0,0,0,0,0,0,0.0089,2,0,1,0,0,1,0,0,1,0
48,24,19,2,1,0,0,1,2,11,0.217,1,0,0,0,0,0,1,0,1,1
108,23,20,1,3,0,0,0,2,1,0.0062,0,1,1,0,1,0,1,1,2,1
91,7,24,3,1,0,0,0,1,3,0.028,1,0,1,0,0,1,1,0,2,1
80,24,10,2,3,0,1,0,0,16,0.2038,4,0,1,1,0,1,3,0,0,1
20,21,6,2,0,0,1,0,0,2,0.0835,0,0,1,0,0,0,0,0,0,0
72,46,41,5,0,0,1,0,2,5,0.0647,0,0,1,0,0,1,2,0,4,1
41,8,22,1,0,0,0,0,1,0,0.0,1,0,1,0,0,0,1,0,0,0
56,27,24,2,4,0,0,4,0,3,0.0549,0,0,0,0,0,0,6,0,1,1
31,27,35,4,1,0,0,1,3,4,0.1224,3,0,0,0,0,0,3,0,1,1
79,27,53,6,1,0,1,3,0,15,0.1829,0,0,0,0,0,0,3,0,3,1
40,12,15,2,1,0,0,0,0,0,0.0098,0,0,1,0,0,0,1,0,0,0
81,25,44,4,2,0,0,0,1,18,0.2194,1,0,0,0,0,0,5,1,6,1
21,22,19,2,0,0,0,0,0,0,0.0028,0,0,1,0,0,0,0,0,0,0
31,14,19,3,2,0,0,0,0,1,0.0258,0,0,1,0,0,0,0,0,0,0
51,16,42,1,0,1,0,0,1,9,0.1869,1,0,0,0,0,1,0,0,1,1
43,17,28,2,1,0,0,0,1,1,0.0349,0,0,1,0,0,0,0,1,1,0
82,31,52,4,7,0,0,0,2,8,0.0986,2,0,1,0,0,0,2,1,1,1
46,29,38,2,0,0,1,0,1,1,0.017,2,0,0,0,1,0,1,1,1,1
14,19,9,2,0,0,0,0,0,1,0.059,1,0,1,0,0,0,0,0,0,0
66,25,15,2,2,0,0,1,2,8,0.1138,1,0,1,0,1,0,1,0,6,1
23,15,11,2,1,0,0,0,1,0,0.0174,1,0,1,0,0,0,0,1,2,0
34,12,0,3,0,0,0,0,1,2,0.0543,0,0,1,0,1,0,0,0,1,0
83,24,35,4,3,0,0,0,0,14,0.1717,1,1,1,1,0,0,3,0,2,1
33,17,8,1,0,0,0,0,0,1,0.0256,1,0,1,0,0,0,0,0,1,0
46,18,1,2,0,0,0,0,2,0,0.0075,1,0,1,0,0,0,0,0,1,0
68,28,29,7,4,0,0,0,1,8,0.1183,4,0,0,0,0,0,1,0,2,1
34,26,13,1,1,0,0,0,0,2,0.0484,0,0,1,0,0,0,0,0,1,0
116,9,0,4,2,0,1,0,1,18,0.1555,1,0,1,0,0,0,2,1,0,1
36,13,11,2,0,0,0,0,0,1,0.0145,2,0,1,0,0,0,0,0,2,0
65,23,33,1,3,0,1,0,2,11,0.1667,0,0,1,0,0,0,3,1,1,1
43,27,8,1,1,0,1,1,1,11,0.2466,2,0,1,0,0,0,2,0,2,1
103,26,7,1,1,0,1,0,1,16,0.1517,1,0,1,0,0,0,3,0,1,1
92,11,28,2,3,0,0,1,0,9,0.0972,3,1,0,0,0,0,3,0,2,1
39,25,12,3,0,0,0,0,0,2,0.058,0,0,1,0,0,0,0,0,0,0
39,20,19,2,1,0,0,0,0,0,0.0,2,0,1,0,0,0,1,0,2,0
36,11,15,2,0,0,0,0,0,1,0.0336,0,0,1,0,0,0,0,0,3,0
48,12,25,3,0,0,0,0,0,4,0.0868,0,0,1,0,0,0,1,0,1,0
75,15,29,3,0,0,1,0,0,1,0.0119,2,0,0,0,0,0,3,0,4,1
57,25,13,6,2,0,1,0,0,9,0.1648,3,0,1,0,0,0,5,0,3,1
27,22,17,4,0,0,0,0,0,1,0.0242,0,0,1,0,0,0,0,0,1,0
20,19,0,1,0,0,1,0,1,1,0.0436,0,0,1,0,0,0,0,0,0,0
36,11,20,6,1,0,2,0,3,6,0.163,4,0,1,0,0,0,2,0,3,1
81,17,30,3,3,0,0,0,2,13,0.167,1,0,0,0,0,0,6,1,3,1
80,19,15,2,4,1,1,0,0,8,0.1024,0,0,1,0,0,1,3,1,3,1
10,16,7,1,2,0,0,0,0,0,0.0195,0,0,1,0,0,0,0,0,1,0
22,10,8,2,1,0,0,0,0,0,0.0,0,0,1,0,0,0,0,1,3,0
23,14,17,2,0,0,0,0,0,1,0.037,0,0,1,0,0,0,0,0,0,0
34,14,2,2,1,0,0,0,0,1,0.0232,0,0,1,0,0,0,0,0,2,0
90,24,0,5,1,0,1,0,2,7,0.0768,0,0,1,0,0,0,1,1,3,1
32,14,8,1,1,0,0,0,0,0,0.0141,1,0,1,0,0,0,0,0,0,0
61,36,25,4,1,0,1,1,2,6,0.0975,2,0,1,0,0,0,4,0,2,1
35,21,6,1,0,0,0,0,0,0,0.0,0,0,1,0,0,0,0,0,0,0
45,13,1,2,0,0,0,0,0,0,0.006,0,0,1,0,0,0,0,0,0,0
76,44,47,4,1,1,0,0,2,2,0.0298,1,0,1,0,0,1,0,1,2,1
37,15,12,2,1,0,0,0,0,2,0.0553,1,0,1,0,0,0,0,0,1,0
58,14,21,2,2,1,0,1,1,7,0.1154,2,1,1,0,0,0,2,1,4,1
39,19,13,2,0,0,0,0,1,1,0.0253,1,0,1,0,0,0,0,0,0,0
44,10,19,1,0,0,0,0,0,1,0.0308,0,0,1,0,0,0,0,0,0,0
27,10,1,2,0,0,0,0,0,1,0.0247,1,0,1,0,0,0,0,0,1,0
39,22,8,3,1,0,1,0,0,0,0.0063,0,0,1,0,0,0,0,0,2,0
25,20,7,2,1,0,1,0,0,0,0.0,0,0,0,0,0,0,0,0,1,0
33,12,17,2,1,0,1,0,0,2,0.0474,1,0,1,0,1,0,0,0,0,0
46,19,22,2,0,0,0,0,0,1,0.0303,2,0,1,0,0,0,0,0,0,0
29,22,16,2,1,0,0,0,0,1,0.0183,0,0,1,0,0,0,2,0,0,0
107,32,31,5,4,0,2,1,0,23,0.215,3,0,0,0,0,1,4,0,2,1
22,9,1,3,0,1,0,0,0,0,0.0038,1,0,0,0,0,0,0,0,1,0
102,32,8,4,2,0,0,0,1,15,0.1491,3,0,0,0,0,0,6,0,2,1
104,31,19,3,2,0,0,0,0,12,0.1171,3,0,1,0,0,1,2,1,3,1
70,15,18,4,2,0,2,0,2,13,0.182,1,0,1,0,0,0,2,1,2,1
24,10,30,1,1,0,0,0,0,1,0.0446,0,0,1,0,0,0,1,0,0,0
20,9,12,2,0,0,0,1,1,0,0.0245,0,0,1,0,0,0,1,0,0,0
42,16,6,1,1,0,0,0,0,0,0.0,0,0,1,0,0,0,0,0,2,0
88,28,19,2,4,0,0,0,1,3,0.036,0,0,0,0,0,0,2,0,1,1
17,13,13,2,1,0,0,0,1,2,0.1063,0,0,1,0,0,0,1,0,2,0
53,29,40,3,1,0,0,1,2,9,0.1666,0,1,0,0,0,0,0,1,4,1
47,23,21,1,2,0,2,0,1,7,0.1405,0,1,0,0,0,0,2,0,2,1
18,15,19,2,2,0,1,0,0,1,0.0589,0,0,1,0,0,0,0,0,2,0
47,12,20,2,0,0,0,0,0,1,0.0127,0,0,1,0,0,0,0,0,0,0
110,25,21,2,4,0,1,1,0,21,0.1929,1,0,1,0,0,0,1,0,2,1
59,29,29,1,4,0,1,0,0,10,0.1757,1,0,1,0,0,0,4,1,3,1
57,18,30,3,2,0,1,1,0,18,0.3168,0,0,1,0,0,0,1,0,2,1
41,19,10,1,0,0,0,0,0,1,0.0313,0,0,1,0,0,0,1,0,2,0
26,14,16,1,0,0,0,0,0,0,0.0161,2,0,1,0,0,0,0,0,3,0
41,10,14,2,0,0,0,0,1,2,0.0492,0,0,1,0,0,0,0,0,2,0
70,32,29,2,1,0,0,2,0,4,0.0638,1,0,0,0,0,0,0,0,2,1
21,15,23,2,0,0,0,0,0,0,0.0,1,0,1,0,0,0,0,0,1,0
42,20,41,4,4,0,0,0,0,9,0.2108,1,1,1,0,1,0,3,1,1,1
37,17,12,2,0,0,0,0,0,0,0.0085,0,0,1,0,0,0,0,0,0,0
44,20,13,2,1,0,0,0,0,2,0.0347,1,0,1,0,0,0,0,0,2,0
17,19,15,1,0,0,0,0,0,1,0.0365,0,0,1,0,0,0,0,0,2,0
38,14,17,2,0,0,0,0,1,3,0.0703,0,0,1,0,0,0,0,0,3,0
49,13,12,2,1,0,0,1,0,3,0.0635,0,0,1,0,0,0,0,0,0,0
50,16,12,1,1,0,0,0,0,1,0.027,0,0,1,0,0,0,0,0,1,0
49,10,6,1,0,0,0,0,0,0,0.0,0,0,1,0,0,0,0,0,2,0
78,31,1,2,3,0,0,0,1,14,0.1762,1,0,0,0,0,0,6,0,1,1
19,13,7,1,0,0,0,0,0,1,0.0687,0,0,1,0,0,0,0,0,0,0
48,9,9,1,0,0,0,0,0,0,0.0,0,0,1,0,0,0,0,0,1,0
30,10,0,1,0,0,0,0,1,0,0.0039,1,0,1,0,0,0,0,0,1,0
24,19,0,1,0,0,0,0,0,0,0.0205,0,0,1,0,0,0,0,0,1,0
46,13,3,1,2,0,0,0,0,1,0.0234,0,0,1,0,0,0,0,0,1,0
91,27,33,0,4,0,0,1,0,7,0.0771,1,0,0,0,0,0,2,1,2,1
31,23,39,3,1,0,1,2,1,4,0.1289,0,0,0,0,0,1,2,1,1,1
50,16,16,2,0,1,0,0,1,1,0.0243,1,0,1,0,0,0,0,0,1,0
117,24,36,5,0,0,0,0,2,7,0.061,1,1,0,0,1,0,3,0,1,1
116,31,19,5,6,0,1,1,0,14,0.1186,0,1,0,0,0,1,3,0,1,1
111,33,47,3,1,0,1,0,0,8,0.075,3,0,0,0,0,0,4,0,1,1
35,8,0,0,0,0,0,0,0,0,0.0038,0,0,1,0,0,0,1,0,1,0
59,25,24,6,2,1,0,0,2,2,0.0276,4,0,1,0,0,0,1,1,1,1
20,15,7,1,2,0,0,0,0,0,0.0117,0,0,1,0,0,0,0,0,1,0
27,17,34,5,2,0,1,0,0,9,0.3166,1,0,0,0,0,0,3,0,3,1
12,15,16,1,1,0,0,1,0,1,0.0575,0,0,1,0,0,0,0,0,0,0
58,17,43,4,4,0,2,1,0,7,0.1212,0,0,1,0,0,1,4,0,1,1
28,19,21,1,0,0,0,0,0,2,0.0638,1,0,0,0,0,0,1,0,0,0
79,17,29,1,4,0,2,0,0,4,0.045,0,0,1,0,0,0,3,0,1,1
29,21,13,2,0,0,0,0,0,0,0.0,0,0,1,0,0,0,0,0,0,0
81,21,49,3,2,0,1,1,3,10,0.1285,1,0,0,0,0,1,1,1,6,1
42,11,13,2,0,0,0,1,0,2,0.046,0,0,1,0,0,0,0,0,0,0
21,13,0,2,0,0,0,0,0,0,0.006,1,0,1,0,0,0,0,0,0,0
30,37,11,4,1,0,0,1,2,8,0.2571,0,0,0,0,0,0,0,1,3,1
107,16,66,3,0,0,0,0,0,5,0.0429,1,1,0,0,0,0,1,0,1,1
25,24,33,4,2,0,1,1,1,3,0.1123,3,1,0,0,0,0,5,0,6,1
41,12,9,2,0,0,0,0,0,0,0.009,0,0,0,0,0,0,0,0,0,0
40,17,19,1,0,0,0,0,1,0,0.0,0,0,1,0,0,0,0,0,0,0
41,40,17,3,1,0,1,1,1,2,0.0574,2,0,0,0,0,0,7,0,0,1
24,12,21,2,0,0,0,0,0,1,0.0475,1,0,1,0,0,0,1,0,1,0
32,8,16,1,0,0,0,0,0,0,0.0,0,0,1,0,0,0,0,0,1,0
91,30,41,4,4,0,0,0,1,0,0.0,2,0,0,0,1,1,1,1,3,1
40,21,4,2,0,0,1,0,0,2,0.0444,0,0,1,0,0,0,0,0,1,0
48,30,26,2,1,0,0,0,2,4,0.0918,0,1,1,0,1,1,2,1,1,1
65,28,0,2,2,0,0,0,1,0,0.0,2,0,0,0,0,0,2,0,2,1
92,26,41,4,2,0,3,0,1,6,0.063,2,0,1,0,1,0,1,1,1,1
25,12,6,2,0,0,0,0,0,1,0.0259,1,0,1,0,0,0,0,0,1,0
22,22,11,2,0,0,0,0,0,1,0.0541,0,0,1,0,0,0,1,0,0,0
72,14,45,3,4,0,1,0,1,9,0.1217,0,1,1,0,0,0,3,1,1,1
26,15,18,2,2,0,0,0,0,2,0.0775,0,0,1,0,1,0,0,0,0,0
47,21,54,5,1,0,0,0,1,0,0.0,3,0,0,0,0,1,2,0,3,1
27,34,29,1,0,0,0,1,1,0,0.0,3,0,1,0,0,1,3,1,4,1
58,9,12,4,2,0,0,2,3,7,0.1223,3,0,0,0,0,0,2,0,3,1
38,23,14,2,0,0,0,0,0,1,0.0327,1,0,1,0,0,0,0,0,0,0
80,34,54,0,1,0,1,0,1,12,0.1468,2,0,0,0,0,0,1,1,1,1
31,4,4,2,0,0,0,0,0,1,0.0415,0,0,1,0,0,0,0,0,0,0
107,25,4,0,2,0,0,1,2,4,0.0388,2,0,1,0,0,0,1,1,0,1
29,18,3,2,0,0,0,0,0,0,0.0,0,0,0,0,0,0,1,0,1,0
86,49,22,5,4,0,3,0,0,21,0.2385,0,0,0,0,0,1,4,0,2,1
60,34,27,2,4,0,0,2,2,18,0.2947,0,0,0,0,0,1,2,0,0,1
46,16,15,2,0,0,0,0,1,4,0.0809,0,0,1,0,0,0,0,0,0,0
24,18,5,1,0,0,0,0,0,0,0.0,0,0,1,0,0,0,0,0,2,0
48,17,0,3,0,0,0,0,0,1,0.0123,0,0,1,0,0,0,0,0,0,0
47,13,23,3,1,0,1,1,0,6,0.1223,3,0,0,0,0,1,2,0,4,1
87,23,7,2,3,0,0,1,0,4,0.0436,1,0,0,0,0,0,1,0,2,1
49,23,1,5,1,0,1,0,1,4,0.081,2,1,0,0,0,0,3,1,3,1
93,31,27,1,3,0,0,0,1,11,0.1186,2,0,1,0,0,0,1,0,3,1
44,10,17,4,0,0,0,0,0,3,0.0657,0,0,1,0,0,0,0,0,3,0
41,18,0,1,0,0,0,0,0,0,0.0067,0,0,1,0,0,0,0,0,0,0
81,22,39,2,4,0,0,1,0,14,0.1785,1,1,0,0,0,0,4,1,2,1
69,21,6,4,2,0,0,2,1,4,0.0619,0,0,1,0,0,0,4,0,0,1
27,14,8,3,0,0,0,0,0,0,0.0,0,0,1,0,0,0,1,0,0,0
85,27,35,2,2,0,0,0,0,10,0.1139,4,1,1,0,0,1,3,0,2,1
71,18,35,2,0,0,1,0,0,8,0.11,1,0,0,0,0,0,2,1,3,1
26,6,19,2,0,0,0,0,0,1,0.0228,1,0,0,0,0,0,0,0,0,0
42,15,24,1,1,0,2,0,1,3,0.0755,0,1,0,0,0,0,3,1,1,1
59,22,33,2,3,0,1,1,0,16,0.2737,1,0,1,0,0,0,2,0,1,1
35,19,0,3,0,0,0,0,0,2,0.0469,0,0,1,0,0,0,2,0,0,0
10,9,14,2,0,0,0,0,0,1,0.0716,0,0,1,0,0,0,0,0,0,0
60,15,49,2,3,0,1,0,1,4,0.0706,2,1,0,0,0,0,1,1,4,1
31,15,17,2,1,0,0,0,1,1,0.047,0,0,1,0,0,0,0,0,3,0
42,20,11,3,0,0,0,0,0,4,0.098,1,0,1,0,0,0,0,0,1,0
37,8,9,2,1,0,0,0,0,1,0.0192,0,0,1,0,0,0,0,0,1,0
74,10,31,5,1,0,0,0,0,10,0.1384,1,0,0,0,0,0,2,0,0,1
2,12,32,2,0,0,0,0,0,0,0.0029,0,0,1,0,0,0,0,0,2,0
26,10,23,1,0,0,0,0,0,0,0.0,2,0,1,0,0,0,0,0,0,0
32,13,0,2,2,0,0,0,3,1,0.041,0,0,1,0,0,0,0,1,1,0
42,17,0,3,1,0,0,0,1,2,0.0479,0,0,1,0,0,0,0,0,0,0
62,17,30,4,2,0,2,0,0,4,0.0709,2,0,0,0,0,0,4,0,1,1
43,17,23,2,0,0,1,0,1,5,0.1136,3,1,0,0,0,0,1,0,3,1
34,15,0,2,1,0,0,0,1,1,0.0331,0,0,1,0,0,0,0,1,0,0
61,8,31,4,2,0,1,0,2,6,0.0965,1,0,0,0,1,0,3,1,1,1
25,16,2,2,0,0,0,0,2,1,0.0339,0,0,1,0,0,0,0,0,2,0
80,35,34,6,3,0,2,0,1,7,0.0864,2,0,0,0,1,0,0,1,0,1
62,39,39,2,1,0,1,0,1,13,0.2013,4,1,1,0,1,1,1,0,3,1
8,33,7,5,1,0,1,0,0,1,0.1721,0,0,0,0,0,0,2,1,3,1
10,12,12,3,0,0,0,0,0,0,0.0034,0,0,1,0,0,0,0,0,0,0
44,16,11,3,0,0,0,0,0,0,0.0047,0,0,1,0,0,0,0,0,1,0
9,6,17,3,1,0,0,0,0,0,0.0,0,0,1,0,0,0,1,1,0,0
17,19,19,0,0,0,0,0,0,2,0.1048,0,0,1,0,0,0,0,0,0,0
27,9,17,2,0,0,0,0,0,1,0.028,0,0,1,0,0,0,0,0,0,0
49,16,28,2,0,0,0,0,0,0,0.0,2,0,1,0,0,0,1,0,0,0
32,15,8,2,0,0,0,0,1,1,0.0463,2,0,0,0,0,0,1,0,0,0
25,15,1,3,1,0,0,0,0,1,0.0335,1,0,1,0,0,0,0,0,0,0
33,14,6,2,0,0,0,0,1,0,0.0006,0,0,1,0,0,0,0,0,0,0
86,34,13,3,2,0,0,0,2,21,0.2407,2,0,0,0,1,1,3,0,0,1
80,35,49,4,3,0,2,0,2,9,0.1149,3,0,1,0,0,1,2,1,2,1
79,23,16,5,2,0,0,0,2,0,0.0,5,0,0,0,0,1,3,0,2,1
48,26,31,6,3,0,0,1,1,4,0.0809,0,0,1,0,0,0,0,1,3,1
32,35,16,1,4,0,0,0,0,0,0.0,1,0,0,0,1,1,0,0,0,1
38,34,26,2,3,0,2,0,2,0,0.0037,1,1,1,0,1,0,4,0,1,1
21,21,20,2,0,0,0,0,0,1,0.0355,1,0,1,0,0,0,0,0,1,0
23,11,0,1,1,0,1,0,1,2,0.0705,0,0,1,0,0,0,0,0,0,0
36,18,18,2,1,0,1,0,0,1,0.0201,0,0,1,0,0,0,0,1,1,0
35,13,0,2,0,0,0,1,0,1,0.0392,1,0,1,0,0,0,0,1,1,0
115,32,29,4,1,0,1,0,0,17,0.1505,0,0,0,0,0,0,3,0,2,1
79,13,42,1,4,0,1,1,1,7,0.0937,3,1,0,0,1,0,3,0,1,1
42,20,23,2,1,0,0,0,0,0,0.0,1,1,1,0,0,0,0,0,0,0
40,13,16,1,1,0,0,0,0,0,0.0089,0,0,1,0,0,0,1,0,1,0
40,14,2,1,0,0,0,0,1,0,0.0,0,0,1,0,0,0,0,0,2,0
34,24,27,3,3,0,0,0,1,5,0.1453,2,0,0,0,0,0,2,0,1,1
38,16,12,1,0,0,0,0,0,0,0.0,0,0,1,0,0,0,2,0,0,0
27,23,0,0,1,0,0,0,0,0,0.0136,1,0,1,0,0,0,0,1,1,0
23,10,14,2,0,0,0,0,0,0,0.0105,0,0,1,0,0,0,0,0,1,0
50,18,0,2,0,0,0,0,1,1,0.0255,1,0,0,0,0,0,0,0,1,0
29,15,30,3,2,1,0,0,0,5,0.1816,2,0,1,0,0,0,0,0,2,1
67,19,27,5,2,0,0,0,0,0,0.0,1,0,0,0,0,0,2,0,2,1
24,20,11,2,1,0,0,0,1,1,0.0322,0,0,1,0,1,0,0,0,2,0
42,29,9,0,0,0,0,0,0,1,0.023,0,0,1,0,0,0,0,0,3,0
25,9,19,1,2,0,0,0,1,0,0.0095,0,0,1,0,0,0,0,0,1,0
41,9,3,0,1,0,0,0,0,1,0.0346,0,0,1,0,1,0,0,0,0,0
68,20,34,4,6,0,0,1,2,2,0.028,1,1,1,0,0,0,1,0,1,1
42,13,12,0,0,0,0,0,0,1,0.0335,0,0,1,0,0,0,0,0,1,0
71,32,18,4,3,1,1,1,1,15,0.2145,2,0,1,0,0,1,2,0,0,1
39,21,4,1,1,0,0,0,0,1,0.014,1,0,1,0,0,0,1,0,0,0
55,38,15,3,3,0,0,0,2,6,0.1142,2,0,1,1,0,0,2,0,1,1
88,27,28,0,1,0,0,0,1,20,0.228,0,0,1,0,0,0,3,1,0,1
34,10,4,2,0,0,0,0,0,2,0.0499,1,0,1,0,0,0,0,0,3,0
12,21,16,0,0,0,0,0,0,0,0.0176,0,0,1,0,0,0,0,0,1,0
21,15,16,2,0,0,0,0,0,0,0.0066,0,0,1,0,0,0,0,0,2,0
38,12,0,2,0,0,0,0,0,1,0.015,0,0,1,0,0,0,0,0,1,0
32,20,9,3,2,0,0,0,0,0,0.0,1,0,1,0,0,0,0,0,2,0
47,29,25,1,4,0,2,1,2,6,0.1321,2,1,1,0,0,0,3,0,4,1
33,16,9,2,0,0,0,0,0,0,0.0,0,0,1,0,0,0,0,0,0,0
77,21,31,5,2,0,0,0,0,11,0.1372,1,0,1,0,0,0,2,0,4,1
35,18,7,1,0,0,0,0,1,0,0.0032,1,0,1,0,0,0,0,0,0,0
85,5,24,2,1,0,0,1,0,31,0.3616,2,0,1,0,0,0,1,1,1,1
39,21,4,2,0,0,0,0,0,2,0.0573,0,0,0,0,0,0,1,0,1,0
88,18,34,1,3,0,2,0,0,18,0.2015,2,0,1,0,0,0,4,1,1,1
103,42,28,1,3,0,2,1,1,19,0.1842,4,0,0,0,0,0,1,0,1,1
102,30,40,2,2,0,0,0,1,12,0.1169,0,0,0,0,0,1,1,0,3,1
64,20,31,4,0,0,2,0,1,21,0.3233,1,0,1,0,1,0,3,1,2,1
32,11,13,2,2,0,0,0,1,1,0.0298,2,0,1,0,1,0,0,0,3,0
77,23,24,4,1,0,0,0,4,11,0.1443,1,0,1,0,0,0,2,1,1,1
61,22,67,2,5,0,1,0,1,5,0.0808,2,0,1,0,1,0,1,1,4,1
44,10,9,2,0,0,0,0,1,1,0.0292,0,0,1,0,0,0,0,1,1,0
95,26,5,0,0,0,1,1,0,8,0.0827,1,0,0,0,0,0,3,0,2,1
42,4,17,2,1,0,0,0,0,0,0.0,0,0,0,0,0,0,0,0,2,0
97,23,37,4,1,0,0,0,3,15,0.1541,3,0,0,0,0,0,1,1,2,1
45,24,32,1,1,0,2,1,1,11,0.2347,2,0,1,0,0,0,1,0,0,1
28,20,20,2,0,0,0,0,1,0,0.0,1,0,1,0,0,0,0,0,1,0
72,12,28,3,4,0,1,1,0,8,0.1065,2,0,1,0,1,0,3,0,1,1
49,5,0,1,1,0,0,0,0,0,0.0,0,0,1,0,0,0,0,0,1,0
62,25,19,5,2,0,1,0,0,9,0.1463,4,0,0,0,0,1,2,0,3,1
128,29,19,3,2,1,1,1,0,23,0.182,2,0,1,0,0,0,0,0,3,1
48,22,9,1,0,0,0,0,0,2,0.0321,0,0,1,0,0,0,0,0,1,0
40,16,6,2,1,0,0,0,1,1,0.0337,0,0,1,0,0,0,0,0,0,0
76,36,20,3,2,0,0,0,2,5,0.0681,3,0,0,0,0,0,1,1,6,1
53,22,20,2,0,0,0,0,0,0,0.0063,2,0,1,0,0,0,0,0,1,0
30,15,6,2,1,0,0,0,3,2,0.0702,1,0,1,0,0,0,0,0,2,0
120,28,18,4,3,0,1,0,0,19,0.1539,3,0,1,0,0,0,3,1,1,1
117,46,39,1,4,0,0,0,2,18,0.1507,1,0,1,0,0,0,2,0,3,1
26,19,33,2,1,0,0,0,0,0,0.0043,1,0,1,0,0,1,0,0,0,0
32,14,0,2,0,0,0,0,0,1,0.0196,0,0,1,0,0,0,1,0,1,0
46,21,27,0,4,0,1,0,1,14,0.295,2,0,0,0,1,0,1,1,4,1
34,8,8,1,1,0,0,0,0,2,0.0441,0,0,1,0,0,0,0,0,2,0
18,13,34,1,2,0,1,2,1,2,0.0935,3,0,1,0,0,1,0,0,1,1
58,13,6,2,0,0,0,0,1,1,0.0179,0,0,1,0,0,0,0,0,0,0
27,17,0,2,0,0,0,0,0,1,0.0199,0,0,1,0,0,0,0,0,1,0
111,14,20,4,3,0,0,0,0,22,0.1945,0,0,1,0,0,0,3,1,1,1
14,21,11,2,0,0,0,0,1,1,0.0389,1,0,1,0,0,0,0,0,2,0
36,11,11,1,1,0,0,0,0,0,0.0053,0,0,1,0,0,0,0,0,1,0
54,17,45,2,6,0,0,0,1,5,0.0954,5,0,0,0,0,1,7,0,1,1
42,17,10,0,0,0,0,0,0,1,0.0325,0,0,1,0,0,0,0,0,1,0
28,17,5,3,0,0,0,0,1,1,0.053,0,0,1,0,0,0,0,0,0,0
30,11,0,2,0,0,0,0,0,2,0.0522,0,0,1,0,0,0,1,0,2,0
48,26,10,4,2,0,2,0,0,11,0.2234,2,0,1,0,0,0,4,0,1,1
28,7,0,3,0,0,0,0,1,1,0.035,0,0,1,0,0,0,0,0,1,0
26,15,20,1,0,0,0,0,0,1,0.0331,0,0,1,0,0,0,1,0,1,0
91,20,24,2,2,0,1,0,0,4,0.0399,2,1,1,0,0,0,1,1,4,1
47,14,15,7,1,0,1,1,3,5,0.103,1,0,1,0,1,0,1,0,3,1
95,34,12,5,2,0,1,1,0,19,0.2026,1,1,0,0,0,0,1,0,2,1
111,15,38,4,0,0,3,1,0,18,0.1599,0,0,1,0,0,0,0,1,1,1
100,26,22,1,3,1,1,1,1,20,0.2017,1,1,1,0,0,0,3,1,0,1
31,24,21,1,0,0,0,0,0,0,0.0128,0,0,1,0,0,0,0,0,2,0
70,24,39,2,2,0,0,2,0,20,0.2786,1,1,1,0,1,0,1,0,1,1
37,19,35,1,1,0,1,2,1,0,0.0,0,0,1,0,0,0,2,0,0,1
82,10,2,5,5,0,1,0,0,6,0.0783,1,0,1,0,0,0,0,0,2,1
28,5,5,2,2,0,0,0,0,6,0.1996,2,0,1,0,0,0,0,1,0,1
47,25,18,3,2,0,0,0,4,5,0.103,2,0,0,0,1,1,4,1,2,1
35,14,0,2,1,0,0,0,0,0,0.0022,0,0,0,0,0,0,1,0,2,0
48,13,1,2,1,0,0,0,0,2,0.0339,1,0,1,0,0,0,0,0,0,0
52,21,47,3,1,0,0,1,0,1,0.0246,1,0,1,0,0,0,2,0,1,1
79,20,29,3,4,0,2,0,0,1,0.0119,0,1,0,0,0,1,2,0,2,1
27,13,11,1,0,0,0,0,0,1,0.0455,0,0,1,0,1,0,0,0,2,0
17,6,18,1,1,0,0,0,0,0,0.0217,0,0,1,0,0,0,0,0,1,0
77,34,9,6,0,0,0,0,0,1,0.0161,0,0,1,0,0,0,1,0,3,1
114,24,47,2,1,0,0,0,2,0,0.0,1,0,1,0,0,1,1,0,2,1
38,17,11,1,1,0,0,0,0,1,0.0199,0,0,1,0,0,0,0,0,0,0
61,19,36,4,1,0,2,0,0,11,0.179,0,1,1,0,0,1,2,1,6,1
92,18,20,4,2,0,1,0,1,0,0.0041,0,0,0,0,0,0,1,0,2,1
32,13,22,1,1,0,0,0,1,1,0.0208,0,0,1,0,0,0,0,0,0,0
96,23,19,6,1,0,1,0,2,7,0.0781,0,0,0,0,0,0,1,1,3,1
33,0,7,1,0,0,0,0,0,0,0.0,0,0,1,0,0,0,1,1,3,0
34,19,6,1,1,0,0,0,0,0,0.0,1,0,1,0,0,0,0,0,0,0
11,21,26,2,1,0,0,0,0,0,0.031,0,0,1,0,0,0,0,0,1,0
40,14,22,1,0,0,1,0,1,0,0.0052,1,0,1,0,0,0,0,0,2,0
60,24,39,3,3,0,0,0,2,10,0.1757,2,0,0,0,0,0,1,1,3,1
30,11,8,2,1,0,0,0,0,1,0.0365,0,0,1,0,0,0,0,0,3,0
43,21,38,2,4,0,2,1,1,8,0.1926,0,0,1,0,0,0,1,0,3,1
10,20,34,4,2,0,1,0,0,1,0.0725,3,0,0,0,1,0,1,1,3,1
66,15,47,1,7,1,0,0,1,11,0.1593,2,0,1,0,0,0,0,1,3,1
50,19,22,2,2,0,1,0,1,8,0.1563,1,1,1,0,0,0,2,0,4,1
25,19,10,2,0,0,0,0,1,1,0.031,0,0,0,0,0,0,0,0,0,0
63,26,34,3,3,0,0,1,1,0,0.0,4,0,0,0,1,1,1,1,1,1
67,33,11,5,4,0,2,1,0,12,0.1807,0,1,0,0,0,0,2,0,1,1
46,17,9,1,4,0,2,0,0,2,0.0361,1,0,1,0,0,0,5,1,1,1
46,17,6,1,0,0,0,0,0,0,0.0,0,1,1,0,0,0,1,0,1,0
22,9,8,2,0,0,0,0,0,0,0.0,0,0,1,0,0,0,1,0,0,0
76,21,32,4,6,0,1,0,1,9,0.117,2,1,1,0,0,0,0,1,3,1
31,15,4,1,1,0,0,0,2,0,0.0,0,0,1,0,0,0,0,0,1,0
45,31,41,4,3,0,1,0,0,1,0.0297,1,0,1,0,1,0,3,0,2,1
61,21,18,3,4,0,0,0,2,1,0.02,2,0,1,0,0,0,2,0,2,1
27,21,0,2,0,0,0,0,0,0,0.0173,0,0,1,0,0,0,0,0,2,0
74,12,21,5,2,0,1,0,0,13,0.1742,0,0,1,0,0,0,2,0,3,1
40,16,3,1,1,0,0,0,0,0,0.0,0,0,1,0,0,0,0,0,0,0
49,24,9,3,0,0,1,0,2,13,0.2609,5,0,0,1,0,0,0,0,4,1
80,24,27,2,6,0,0,0,1,14,0.1695,1,0,1,0,0,0,2,0,1,1
67,24,4,3,2,0,0,0,1,3,0.0516,1,0,0,0,0,0,3,1,3,1
88,26,38,2,3,1,0,1,0,5,0.0612,0,1,0,0,1,0,1,0,1,1
96,25,22,0,2,0,0,1,0,17,0.182,1,0,1,0,0,0,2,1,2,1
51,8,7,3,2,0,2,1,1,11,0.2088,1,1,1,0,0,0,1,0,2,1
63,24,34,3,2,0,0,1,1,10,0.1602,1,0,0,0,1,1,2,0,0,1
72,25,33,5,0,1,0,0,0,6,0.0878,1,0,0,0,0,0,2,0,3,1
24,15,13,2,1,0,0,0,0,0,0.0,2,0,1,0,0,0,0,0,0,0
115,28,10,4,0,0,1,0,1,10,0.0868,2,1,0,0,0,0,0,0,1,1
46,20,24,2,2,0,1,0,0,5,0.1023,5,0,1,0,1,0,1,0,3,1
34,16,48,4,1,0,0,1,2,2,0.0493,2,1,1,0,0,1,0,0,1,1
65,14,10,2,0,0,0,0,0,0,0.0,0,0,1,0,0,0,0,0,1,0
47,8,14,2,0,0,0,0,0,0,0.0,0,0,1,0,0,0,0,0,2,0
29,22,16,2,1,0,0,0,0,1,0.0494,0,0,1,0,0,0,0,0,2,0
53,42,14,5,4,0,1,1,0,11,0.2034,3,0,0,0,1,0,0,0,1,1
65,42,33,3,2,0,1,0,2,6,0.0983,1,0,1,0,0,0,0,0,3,1
23,10,13,0,0,0,0,0,0,1,0.058,1,0,1,0,0,0,0,0,2,0
19,16,15,2,0,0,0,0,0,0,0.0,1,0,1,0,0,0,1,0,2,0
23,7,22,3,0,0,0,0,0,1,0.0332,1,0,1,0,0,0,0,0,0,0
113,22,74,3,4,0,0,0,0,21,0.1843,2,0,1,0,1,0,1,0,2,1
19,15,5,3,0,0,0,0,0,0,0.0022,0,0,1,0,0,0,0,0,0,0
5,14,8,2,8,0,1,0,0,0,0.0196,1,0,1,0,0,0,2,0,1,1
13,18,12,2,0,0,0,0,0,0,0.0,0,0,1,0,0,0,0,0,1,0
51,5,27,3,0,0,1,0,0,3,0.0665,0,0,1,0,0,0,1,0,0,0
74,18,23,4,0,0,1,0,0,11,0.1439,1,0,1,0,0,0,2,0,3,1
75,27,22,4,2,0,0,0,1,15,0.203,1,0,1,0,0,0,2,0,2,1
38,12,18,1,0,0,1,0,0,0,0.0,1,0,1,0,0,0,0,0,2,0
36,22,30,5,4,0,0,0,0,2,0.0656,2,0,1,0,0,0,1,0,0,1
33,16,4,1,0,0,0,0,0,1,0.02,1,0,1,0,0,0,0,0,2,0
25,12,8,2,0,0,0,0,2,0,0.0134,0,0,1,0,0,0,0,0,3,0
72,28,21,2,4,0,1,0,0,15,0.2046,1,0,0,0,1,1,2,0,1,1
51,15,2,1,0,0,0,0,0,4,0.0794,1,0,1,0,0,0,0,0,0,0
41,19,0,2,1,0,1,1,0,1,0.03,0,0,1,0,0,0,0,0,1,0
0,15,7,1,0,0,1,0,0,0,0.0,0,0,1,0,0,0,0,0,1,0
65,25,34,3,1,0,0,1,3,4,0.0588,0,0,1,1,0,0,1,0,4,1
10,16,14,2,0,0,0,0,0,0,0.0,0,0,1,0,0,0,1,0,2,0
92,21,50,1,1,0,1,1,4,13,0.1421,1,1,1,0,0,0,4,1,2,1
93,33,26,5,0,0,0,2,1,16,0.1767,1,0,1,0,1,0,1,1,1,1
44,8,16,2,1,0,2,0,0,1,0.0259,1,0,1,0,0,0,1,0,1,0
22,17,0,2,0,0,0,1,0,0,0.0,0,0,1,0,0,0,0,0,0,0
50,23,0,5,2,0,1,0,1,10,0.197,1,0,1,0,0,0,4,1,3,1
57,32,31,4,5,0,1,1,1,9,0.1642,4,0,0,0,0,0,2,0,1,1
29,13,0,2,0,0,0,0,0,1,0.0322,0,0,1,0,0,0,0,0,0,0
25,12,12,1,1,0,0,0,1,1,0.0487,1,0,1,0,0,0,0,0,0,0
40,17,13,1,0,0,0,0,0,1,0.0373,0,0,1,0,0,0,0,0,1,0
8,6,19,1,0,0,0,0,1,0,0.0409,0,0,1,0,0,0,0,0,0,0
89,29,26,3,0,0,1,0,1,7,0.0832,1,0,1,0,0,0,3,1,4,1
44,14,8,2,1,0,0,0,1,0,0.0113,0,0,1,0,0,0,0,0,1,0
30,16,25,1,0,0,0,0,0,0,0.0054,0,0,1,0,0,0,1,0,0,0
28,19,7,3,0,0,0,0,0,1,0.0408,0,0,1,0,0,0,0,0,0,0
66,24,32,5,2,0,1,0,1,11,0.1702,1,0,1,0,0,0,0,0,3,1
9,18,16,3,1,0,0,0,0,0,0.0,2,0,1,0,0,0,0,0,0,0
39,17,7,2,0,0,0,0,0,2,0.058,0,0,1,0,0,0,0,0,0,0
72,19,31,5,1,0,1,1,0,2,0.0334,0,0,1,0,0,0,1,1,1,1
35,18,0,1,0,0,0,1,0,0,0.0009,0,0,1,0,0,0,0,0,0,0
46,39,21,4,2,0,1,0,2,4,0.0783,3,1,1,0,0,0,1,1,1,1
75,25,19,2,7,1,1,0,0,14,0.1851,2,0,1,0,1,0,1,1,2,1
56,18,57,4,1,0,0,0,1,4,0.0772,4,0,0,0,0,1,1,1,0,1
48,14,4,2,0,0,0,0,0,1,0.0304,0,0,1,0,0,0,0,0,1,0
38,8,23,2,0,0,0,0,2,1,0.0145,0,0,1,0,0,0,0,0,2,0
71,20,31,2,2,0,1,1,0,7,0.0927,0,0,1,0,0,0,3,0,2,1
25,15,10,2,3,0,0,0,1,1,0.0237,0,0,1,0,0,0,0,0,0,0
86,27,40,2,2,1,0,0,0,4,0.0427,1,0,0,0,0,0,0,1,2,1
76,9,27,5,1,0,0,0,1,20,0.2665,2,0,0,0,0,0,4,1,4,1
92,21,36,7,0,0,1,0,1,9,0.1033,0,1,0,0,1,0,1,0,2,1
64,25,19,2,3,1,0,0,2,5,0.0824,3,1,1,0,0,1,0,0,4,1
47,28,38,2,2,0,2,1,1,7,0.1497,1,0,1,0,0,1,4,0,3,1
43,22,18,2,0,0,0,0,1,1,0.0131,0,0,1,0,0,0,0,0,0,0
46,30,14,3,4,0,0,0,1,2,0.0446,2,0,0,0,1,0,1,0,4,1
99,33,19,6,2,1,0,0,2,21,0.2115,2,0,1,0,0,0,4,0,3,1
74,31,23,2,1,1,0,0,2,8,0.1107,4,0,1,0,0,0,3,0,1,1
40,30,52,3,3,0,1,0,1,9,0.2281,0,0,1,0,0,0,2,1,0,1
21,28,28,1,0,0,0,0,0,1,0.0422,0,0,1,0,0,0,0,0,1,0
43,18,41,0,0,0,1,1,0,0,0.0043,2,1,1,1,0,1,2,0,3,1
31,14,7,1,0,0,0,0,1,0,0.0,3,0,1,0,0,0,0,0,4,0
41,12,14,4,2,0,1,2,0,2,0.0417,2,0,1,0,0,0,2,0,0,1
41,22,31,2,0,0,0,0,1,2,0.0547,0,0,1,0,0,0,1,0,0,0
44,13,7,2,0,0,0,0,0,0,0.0033,0,0,1,0,0,0,0,0,0,0
41,8,9,2,1,0,0,0,0,1,0.0308,1,0,1,0,0,0,0,0,1,0
78,33,35,3,4,0,1,0,1,8,0.1038,0,1,0,0,0,0,2,0,3,1
69,19,0,5,2,0,0,0,0,10,0.1479,2,0,0,0,0,0,1,0,2,1
58,22,25,5,4,0,3,0,0,4,0.0656,0,1,0,0,0,1,0,1,1,1
117,29,37,4,5,0,1,0,2,12,0.1008,0,1,0,0,0,0,2,0,3,1
38,7,4,0,0,0,0,0,1,1,0.0251,1,0,0,0,0,1,0,0,0,0
22,15,17,1,1,0,0,0,1,1,0.0234,0,0,1,0,0,0,1,0,0,0
36,11,4,2,0,0,0,0,0,0,0.0095,0,0,1,0,0,0,0,0,0,0
26,20,30,2,2,0,0,0,0,1,0.0395,0,0,1,0,0,0,0,0,1,0
124,13,22,4,2,0,0,0,0,11,0.0873,1,0,1,0,0,0,1,1,3,1
21,10,0,2,1,0,0,0,0,0,0.0145,0,0,1,0,0,0,0,0,1,0
20,21,0,1,1,0,0,0,0,2,0.086,0,0,1,0,0,0,0,0,2,0
40,21,2,2,0,0,0,0,0,0,0.0124,1,0,1,0,0,0,0,0,0,0
84,20,40,2,3,0,0,0,0,18,0.2197,1,0,1,0,1,1,2,1,1,1
24,18,1,3,2,0,1,0,0,0,0.0067,0,0,0,0,0,0,0,0,0,0
33,24,4,2,0,0,0,0,0,2,0.0706,1,0,1,0,0,0,0,0,1,0
50,13,1,2,0,0,0,0,0,0,0.0,1,0,1,0,0,0,0,0,0,0
61,22,29,2,1,1,0,0,1,6,0.0922,1,1,1,0,0,0,3,0,2,1
49,29,51,5,1,0,2,0,1,7,0.1386,1,0,0,0,0,1,1,1,3,1
34,17,15,3,1,0,0,0,1,0,0.0,0,0,1,0,0,0,0,0,0,0
18,25,20,2,1,0,0,0,0,0,0.0,1,0,1,0,0,0,0,0,1,0
76,23,0,1,2,0,1,0,1,3,0.035,0,0,0,0,0,0,0,0,1,1
78,22,35,3,3,0,1,1,1,14,0.1791,2,0,1,0,1,0,2,0,1,1
22,19,6,2,1,0,0,0,1,1,0.042,1,0,1,0,0,0,0,0,1,0
116,9,29,2,3,0,0,1,1,28,0.2373,0,0,0,0,0,0,2,0,1,1
25,14,8,1,1,0,0,0,0,1,0.0316,1,0,1,0,0,0,1,0,0,0
45,30,29,3,4,0,2,0,0,4,0.0992,1,0,0,0,0,0,3,0,3,1
34,35,13,2,3,0,0,0,1,2,0.0612,1,0,0,0,1,1,0,1,3,1
37,20,4,2,0,0,0,0,0,0,0.0087,0,0,1,0,0,0,0,0,0,0
83,8,13,4,1,0,0,1,3,11,0.1331,0,0,1,0,0,0,1,0,1,1
97,24,45,2,1,0,1,2,1,21,0.2211,2,0,1,0,0,1,2,1,3,1
60,34,58,4,3,0,1,0,0,8,0.1373,2,0,1,0,0,0,3,0,0,1
57,35,20,3,2,0,0,0,1,10,0.1799,0,0,0,0,0,0,3,1,5,1
65,29,17,4,1,0,0,2,4,3,0.0423,1,0,0,0,0,0,0,0,6,1
29,10,10,2,0,0,0,0,0,0,0.0,2,0,1,0,1,0,0,0,2,0
26,15,11,3,0,0,1,0,0,1,0.0301,0,0,1,0,0,0,1,0,1,0
6,12,6,3,0,0,0,0,0,0,0.0599,0,0,1,0,0,0,0,0,2,0
44,24,7,3,1,0,0,0,2,2,0.0548,1,0,1,0,0,0,0,0,1,0
20,13,9,2,0,0,0,0,1,0,0.0084,1,0,1,0,0,0,0,0,0,0
32,40,49,1,1,0,0,0,0,2,0.0565,1,1,0,0,0,1,4,0,1,1
48,29,22,1,0,0,0,0,0,3,0.0585,1,0,0,0,0,0,1,1,1,1
41,19,5,1,0,0,0,0,0,2,0.0549,0,0,1,0,1,0,0,0,0,0
39,20,7,2,0,0,0,0,0,0,0.0107,0,0,1,0,0,0,1,0,1,0
16,28,12,3,4,0,1,0,2,2,0.1498,3,0,0,0,0,0,0,0,0,1
33,17,11,2,0,0,0,0,0,0,0.0,0,0,1,0,0,0,0,0,0,0
39,41,18,5,1,0,0,0,0,5,0.1336,3,0,0,0,1,1,3,0,4,1
45,20,13,2,0,0,0,0,0,0,0.0,0,0,1,0,0,0,0,0,0,0
26,14,17,1,0,0,0,0,1,1,0.0235,0,0,1,0,0,0,0,0,0,0
80,24,23,4,4,0,0,1,1,11,0.1312,0,0,0,0,0,0,3,0,0,1
99,31,7,3,1,0,0,0,1,22,0.2207,2,0,1,0,1,1,0,0,1,1
25,8,5,2,2,0,0,0,0,0,0.0,0,0,1,0,0,0,0,0,1,0
37,17,23,1,1,0,0,0,0,2,0.0412,0,0,1,0,0,0,0,0,0,0
80,28,32,0,5,0,0,0,1,3,0.0372,2,0,1,0,0,0,2,1,3,1
46,16,7,2,0,0,0,0,0,2,0.0382,2,0,1,0,0,0,0,0,0,0
34,6,8,2,2,0,0,0,0,0,0.0,0,0,1,0,0,0,0,0,0,0
37,9,9,2,0,0,0,0,1,1,0.0324,0,0,1,0,0,0,0,0,0,0
19,11,13,3,0,0,0,0,0,0,0.0,0,0,0,0,0,0,0,0,0,0
37,16,0,3,0,0,0,0,2,3,0.0785,0,0,1,0,0,0,0,0,0,0
86,13,0,3,2,0,0,1,1,24,0.2782,0,1,1,0,0,0,1,0,2,1
45,7,16,2,0,0,0,0,0,0,0.0029,0,0,1,0,0,0,0,0,1,0
86,25,44,0,0,0,2,0,1,4,0.044,4,0,0,0,0,0,1,0,2,1
55,47,49,6,1,0,1,0,0,5,0.0915,0,0,1,0,0,1,1,0,2,1
31,11,9,1,0,0,0,0,0,0,0.003,0,0,1,0,0,0,0,0,0,0
44,8,19,2,0,0,0,0,0,0,0.0,1,0,1,0,0,0,0,0,1,0
34,10,11,2,1,0,0,0,1,2,0.0666,0,0,1,0,0,0,1,0,0,0
37,15,7,3,0,0,0,0,0,0,0.0105,0,0,1,0,0,0,0,0,0,0
80,28,35,2,1,0,0,0,1,4,0.0549,1,0,0,0,0,0,4,1,1,1
42,9,15,2,1,0,0,0,1,0,0.0018,0,0,1,0,0,0,0,0,2,0
83,33,29,2,2,0,0,1,0,2,0.0233,1,1,0,0,0,0,4,1,5,1
106,28,12,1,1,1,0,2,0,0,0.0,0,0,0,0,0,0,1,0,2,1
85,32,21,4,5,0,0,0,0,13,0.1532,2,0,0,0,0,0,1,0,1,1
39,30,53,4,2,0,1,1,1,8,0.1956,1,0,1,0,0,0,2,1,6,1
64,31,40,4,2,0,1,0,1,6,0.0951,0,1,1,0,0,0,2,0,1,1
78,31,45,4,5,0,2,0,1,0,0.0,1,0,1,0,0,0,1,1,3,1
39,9,12,2,0,0,0,0,0,2,0.0417,1,0,1,0,0,0,1,0,1,0
67,37,50,3,3,0,1,0,1,9,0.1374,1,1,0,0,0,0,2,0,6,1
98,18,2,4,6,1,2,0,0,4,0.0452,4,0,0,0,0,0,2,0,2,1
28,11,15,1,0,0,0,0,0,0,0.0,0,0,1,0,0,0,1,0,0,0
78,21,24,4,3,0,0,0,0,10,0.1299,0,0,1,0,0,0,2,0,2,1
18,19,10,1,0,0,0,0,0,0,0.0,0,0,1,0,0,0,1,0,0,0
83,25,20,4,4,0,0,1,3,10,0.1234,3,0,0,0,0,0,0,1,0,1
71,38,1,3,3,0,1,0,2,6,0.0838,3,0,0,0,0,0,2,0,3,1
114,25,10,3,1,0,0,2,2,19,0.1673,1,0,0,0,0,0,1,1,2,1
44,11,5,1,0,0,0,0,2,1,0.0154,0,0,1,0,0,0,0,0,0,0
91,33,34,3,3,0,1,0,1,28,0.3029,1,1,1,0,1,0,1,0,1,1
34,13,18,1,0,0,1,0,0,1,0.022,1,0,1,0,0,0,0,0,1,0
34,15,4,1,0,0,0,0,0,1,0.026,1,0,1,0,0,0,0,0,4,0
53,21,18,3,2,0,0,4,2,9,0.1615,0,0,0,1,0,1,4,0,1,1
28,6,3,2,0,0,0,0,1,0,0.0,0,0,1,0,0,0,0,0,1,0
39,17,6,1,0,0,0,0,0,0,0.0065,0,0,1,0,0,0,0,0,1,0
54,29,32,4,0,0,0,0,1,5,0.0936,2,0,0,0,0,0,3,1,3,1
34,33,19,4,2,0,0,0,2,4,0.1196,2,0,0,0,1,0,3,0,2,1
76,19,20,4,0,0,0,0,1,7,0.0933,0,0,1,0,0,0,3,0,1,1
65,19,11,2,0,0,0,0,0,1,0.0135,1,0,1,0,0,0,0,0,0,0
12,16,0,3,0,0,0,0,0,1,0.0468,0,0,1,0,0,0,0,0,1,0
18,17,10,1,0,0,0,0,0,0,0.0178,0,0,1,0,0,0,0,0,1,0
26,23,0,2,0,0,0,1,2,1,0.048,0,0,1,0,0,0,0,0,0,0
44,12,6,3,0,0,0,0,0,3,0.0595,1,0,1,0,0,1,0,0,1,0
53,21,7,2,0,0,0,0,0,1,0.0246,0,0,1,0,0,0,0,0,1,0
64,31,16,5,3,0,2,0,2,11,0.1687,1,0,0,0,0,0,2,0,2,1
87,23,18,3,0,0,0,1,1,14,0.1664,2,0,0,0,0,1,2,1,0,1
25,9,15,4,3,0,0,0,4,1,0.0554,1,0,1,0,0,0,2,1,4,1
53,25,0,3,2,0,1,1,2,6,0.117,0,1,0,0,0,0,0,1,2,1
13,18,2,2,0,0,0,0,1,0,0.0,1,0,1,0,0,0,0,0,1,0
35,13,6,3,2,0,0,0,0,1,0.0155,0,0,1,0,0,0,0,1,1,0
28,13,23,2,0,0,0,0,0,0,0.0,0,0,1,0,0,0,0,0,2,0
37,37,23,4,2,0,0,0,1,4,0.1088,5,0,1,0,1,0,1,0,5,1
32,21,14,2,1,0,0,0,1,0,0.0014,0,0,1,0,0,0,0,0,1,0
81,34,8,2,2,0,0,1,3,19,0.2405,1,0,0,0,0,0,1,0,3,1
40,36,40,6,0,0,0,0,4,5,0.1348,1,0,0,0,0,0,1,0,1,1
68,31,36,3,4,0,2,0,1,9,0.1398,5,0,1,0,0,0,3,0,0,1
99,19,26,5,2,1,0,1,0,8,0.0833,2,1,0,0,0,0,1,0,3,1
40,22,45,3,2,0,0,1,2,7,0.1882,3,0,0,0,0,0,3,1,0,1
96,26,23,2,4,0,0,0,3,31,0.3238,0,0,0,0,0,1,1,1,3,1
52,13,10,2,0,0,0,0,0,0,0.0004,1,0,1,0,0,0,0,0,0,0
29,24,36,2,5,0,0,0,2,11,0.366,2,0,0,0,0,0,0,0,1,1
71,33,31,2,2,0,1,1,0,13,0.181,0,0,0,0,0,0,3,1,2,1
33,24,26,5,3,0,1,0,5,4,0.1118,2,0,1,0,0,0,4,1,2,1
25,17,6,1,0,0,0,0,1,0,0.0,0,0,1,0,0,0,0,0,0,0
44,19,11,4,1,0,1,0,1,4,0.0978,2,0,1,0,0,0,2,0,1,1
117,32,31,5,4,1,0,0,2,18,0.1509,0,0,1,0,0,1,4,0,1,1
73,20,34,5,1,0,2,0,1,2,0.0271,3,1,1,0,0,0,1,0,0,1
46,21,36,2,1,0,0,1,3,9,0.1889,1,0,0,0,1,1,3,0,0,1
22,9,4,1,0,0,0,0,2,1,0.0281,1,0,1,0,0,0,0,0,0,0
8,14,5,1,1,0,0,0,0,0,0.0221,1,0,1,0,0,0,0,0,0,0
40,14,16,1,0,0,0,0,0,2,0.0429,0,0,1,0,0,0,1,0,0,0
31,14,1,4,0,0,0,0,0,0,0.0,0,0,1,0,0,0,0,0,1,0
16,23,24,2,2,0,2,0,0,3,0.2097,2,0,1,0,0,0,1,0,4,1
58,28,10,2,3,0,0,1,0,7,0.1186,0,0,0,0,1,0,0,0,4,1
12,8,5,1,0,0,0,0,0,0,0.0,0,0,1,0,0,1,1,0,1,0
18,21,20,3,1,0,0,0,0,1,0.0582,3,0,1,0,0,0,0,0,2,0
44,22,39,3,5,0,0,2,1,6,0.1325,3,1,0,0,0,0,0,0,4,1
66,15,10,2,0,0,0,0,1,0,0.006,0,0,1,0,0,0,0,0,4,0
34,6,3,1,3,0,0,0,0,1,0.0157,1,0,1,0,0,0,0,0,0,0
104,18,32,3,1,0,2,1,3,2,0.0152,0,0,1,0,1,1,1,0,2,1
17,14,6,2,0,0,1,0,1,1,0.0401,0,0,0,0,0,0,0,0,0,0
43,26,23,6,0,0,0,0,1,3,0.0811,4,1,0,0,0,0,1,1,1,1
111,29,40,3,1,0,0,1,0,27,0.2385,2,0,1,0,1,0,2,1,1,1
72,36,16,4,3,0,1,0,1,4,0.0504,2,1,0,0,1,0,1,0,3,1
58,28,27,2,2,0,0,0,0,7,0.1121,2,0,0,0,0,0,2,1,1,1
74,17,42,4,2,0,1,0,0,12,0.1658,0,1,0,0,0,0,1,1,1,1
72,29,45,3,3,1,3,1,0,16,0.2213,1,0,1,0,0,0,2,0,0,1
42,26,17,2,2,0,0,2,2,2,0.0406,1,0,0,0,0,0,1,1,2,1
58,28,30,3,4,0,0,0,0,3,0.05,2,0,1,0,0,0,0,0,1,1
13,28,43,3,0,1,1,0,2,1,0.0923,1,0,0,0,0,0,2,1,4,1
63,23,13,3,2,1,1,0,4,0,0.0,2,0,1,0,0,0,7,1,1,1
24,14,33,7,4,0,0,0,1,1,0.0407,0,1,0,0,0,0,1,0,4,1
3,31,41,7,3,0,1,0,2,1,0.1866,3,0,1,0,0,0,3,0,1,1
62,31,23,5,6,0,0,0,0,7,0.1178,1,1,0,0,0,0,3,1,3,1
46,15,48,3,2,1,2,1,2,5,0.1163,1,0,0,0,0,0,0,0,2,1
70,29,36,2,2,1,2,0,2,7,0.1053,1,0,1,1,0,0,1,1,3,1
105,26,44,3,3,1,2,1,1,22,0.2074,0,1,0,0,0,0,1,1,2,1
67,22,28,4,3,0,0,0,0,1,0.0189,0,0,0,0,0,0,1,1,1,1
12,9,2,1,0,0,0,0,1,0,0.0086,0,0,0,0,0,0,0,0,3,0
20,12,0,1,0,0,0,0,0,0,0.0,0,0,1,0,0,0,0,0,2,0
19,13,10,2,0,0,0,1,0,1,0.0483,0,0,1,0,0,0,0,0,2,0
33,18,40,3,2,0,0,0,0,3,0.1011,3,0,1,0,0,0,2,0,1,1
84,18,55,1,2,0,1,3,0,1,0.015,1,0,0,0,1,0,2,0,1,1
26,16,0,2,2,0,0,0,0,0,0.0,0,0,1,0,0,0,0,0,0,0
78,35,35,4,1,1,0,0,1,6,0.0812,1,1,1,0,0,0,2,0,1,1
31,15,14,2,0,0,0,0,0,1,0.0376,1,0,1,0,0,0,1,1,1,0
86,12,38,3,4,0,3,0,1,5,0.0572,1,0,0,0,0,0,2,1,5,1
88,29,41,4,2,0,0,0,1,10,0.1199,2,0,1,0,1,0,3,0,0,1
34,19,31,2,2,0,0,0,1,0,0.0,0,0,0,0,0,0,0,0,1,0
40,22,7,1,1,0,0,0,0,0,0.0088,0,0,1,0,0,0,0,0,2,0
94,21,32,3,1,0,0,0,2,1,0.014,1,1,0,0,0,0,5,1,0,1
79,36,40,0,1,0,0,0,1,6,0.073,2,0,1,0,0,0,2,1,1,1
27,12,5,1,2,0,1,0,0,0,0.0,2,0,1,0,0,0,0,0,1,0
26,30,45,2,2,0,0,1,1,4,0.1403,4,0,0,0,0,0,1,1,2,1
89,23,21,5,3,0,0,1,0,0,0.0,1,0,0,0,0,0,2,0,1,1
27,8,15,2,0,0,1,0,1,1,0.0274,0,0,1,0,0,0,0,0,0,0
31,25,44,5,2,0,0,0,2,3,0.0936,1,1,1,0,0,0,1,1,1,1
27,10,8,1,0,0,0,0,1,1,0.0445,0,0,1,0,0,0,0,0,0,0
54,23,47,5,0,0,2,0,1,6,0.1082,1,1,1,0,0,0,1,0,5,1
34,11,4,1,0,0,0,0,0,1,0.0241,0,0,0,0,0,0,0,0,0,0
46,14,27,3,1,0,0,1,1,0,0.0027,0,0,1,0,1,1,0,0,1,0
31,19,28,2,2,0,1,1,0,3,0.1081,1,0,1,0,0,0,4,0,4,1
39,30,37,5,4,0,0,0,1,8,0.1999,5,1,1,0,0,0,1,1,2,1
32,32,0,3,2,0,1,0,2,5,0.1702,1,0,1,1,0,0,3,1,0,1
76,24,49,0,2,0,0,1,0,11,0.1414,3,0,1,0,0,0,2,1,1,1
41,18,5,1,1,0,0,0,0,0,0.0,1,0,1,0,0,0,0,0,1,0
82,31,39,2,3,0,0,1,0,3,0.0407,1,0,1,0,1,1,4,1,3,1
54,20,12,3,0,0,1,0,0,3,0.0606,1,0,1,0,0,0,0,0,0,0
79,30,9,4,5,0,0,0,1,8,0.1007,1,1,1,0,0,0,1,1,1,1
27,16,6,1,1,0,0,0,0,1,0.0502,1,0,1,0,0,0,0,0,1,0
26,8,11,2,0,0,0,1,1,0,0.007,0,0,1,0,0,0,1,0,0,0
22,34,0,2,0,0,0,1,0,1,0.0461,1,0,1,0,0,0,0,0,0,0
41,7,11,2,1,0,0,0,0,1,0.0232,0,0,1,0,0,0,0,0,0,0
23,15,13,3,0,0,0,0,0,0,0.014,1,0,1,0,0,0,0,0,0,0
54,19,32,5,5,0,1,1,0,5,0.0845,1,0,0,0,0,0,3,0,3,1
48,15,0,2,0,0,1,0,0,0,0.0,1,0,1,0,0,0,0,0,1,0
87,26,24,3,4,0,0,0,1,0,0.0,0,1,0,0,0,0,1,0,2,1
27,10,3,1,0,0,0,0,0,3,0.1078,0,0,1,0,0,0,0,0,2,0
72,26,44,4,2,0,0,0,0,0,0.0,1,0,1,0,0,1,4,1,0,1
91,8,9,1,1,0,2,1,0,21,0.2283,2,0,0,0,0,1,1,1,0,1
64,19,9,4,3,0,0,1,0,10,0.1489,0,0,1,0,0,0,4,0,2,1
53,21,11,2,0,0,0,0,0,0,0.0,0,0,1,0,0,0,0,0,0,0
32,24,10,4,1,0,0,0,0,6,0.1789,0,0,0,0,0,0,2,1,2,1
33,7,20,1,0,0,0,0,0,0,0.0108,0,0,1,0,0,0,0,0,1,0
17,25,15,3,0,0,1,0,0,0,0.0,0,0,1,0,1,0,0,0,0,0
56,20,35,3,1,0,1,1,2,4,0.0698,0,0,1,1,0,1,3,1,4,1
20,14,2,2,0,0,0,0,0,1,0.0442,0,0,1,0,0,0,0,0,2,0
102,13,35,2,0,0,1,2,3,17,0.1642,1,0,0,0,0,1,0,1,2,1
57,33,46,1,1,0,0,0,1,6,0.1074,0,0,1,0,0,0,1,1,3,1
36,10,28,1,0,0,1,0,1,1,0.0158,0,0,1,0,0,0,0,0,0,0
57,26,32,2,2,0,1,2,3,9,0.1561,1,1,1,0,0,1,1,0,2,1
23,16,11,3,0,0,0,0,0,1,0.0512,0,0,1,0,0,0,0,0,0,0
81,30,18,4,4,0,0,0,1,14,0.1739,4,0,1,0,0,0,0,0,0,1
88,33,43,2,4,0,1,0,0,14,0.1636,0,1,1,0,0,0,2,0,2,1
34,26,28,2,4,0,0,1,1,9,0.2603,1,0,1,0,1,1,0,0,2,1
77,38,25,1,5,0,1,0,2,15,0.1925,2,0,1,0,1,0,1,1,7,1
30,9,28,2,0,0,0,0,1,2,0.0526,0,0,1,0,1,1,1,0,1,0
17,28,21,2,1,0,0,0,1,0,0.0082,0,0,1,0,0,0,0,0,0,0
25,23,18,2,0,0,0,0,0,1,0.0225,0,0,0,0,0,0,1,0,2,0
18,25,2,3,0,0,0,0,0,1,0.0714,0,0,1,0,0,0,0,0,1,0
43,16,9,2,1,0,0,0,0,1,0.0284,0,0,1,0,0,0,0,0,0,0
35,30,10,2,0,0,0,0,0,2,0.0602,0,0,1,0,0,0,0,0,1,0
114,28,31,4,1,1,1,1,2,24,0.2099,3,0,0,0,0,0,0,0,5,1
92,34,53,1,1,0,0,0,0,11,0.1155,1,0,1,0,0,0,1,1,2,1
75,30,34,3,4,0,0,0,2,16,0.2118,2,0,0,0,0,0,1,0,2,1
41,31,19,3,2,0,0,1,0,7,0.1625,3,0,0,0,0,0,1,1,1,1
104,21,54,4,4,0,1,0,3,12,0.1112,2,0,0,0,1,0,3,1,1,1
60,19,28,3,1,0,0,1,1,2,0.0298,2,1,0,0,0,0,4,0,0,1
58,27,19,3,1,0,0,0,1,10,0.1796,0,0,0,0,1,0,3,1,1,1
33,19,3,3,0,0,1,0,0,2,0.0493,0,0,0,0,0,0,0,0,3,0
94,18,32,3,1,0,1,1,1,15,0.1591,2,0,1,0,1,0,3,0,1,1
44,19,7,1,1,0,0,0,0,0,0.0,0,0,1,0,0,0,0,0,1,0
78,27,37,1,5,0,0,0,0,14,0.1774,1,0,0,0,0,0,2,0,3,1
104,22,56,0,2,0,1,0,0,10,0.0951,2,0,0,0,0,1,0,0,4,1
77,47,28,3,2,0,0,0,1,13,0.1707,2,0,1,0,0,0,4,0,3,1
55,23,32,5,5,0,1,2,1,9,0.163,2,0,1,0,0,0,1,0,2,1
35,10,0,3,0,0,0,0,1,2,0.0613,0,0,1,0,0,0,1,0,0,0
93,37,20,3,2,0,2,0,2,0,0.0,0,0,1,0,0,0,1,1,2,1
47,27,8,2,2,0,0,0,0,2,0.0526,0,0,1,0,0,0,0,0,0,0
73,33,36,3,0,0,0,0,2,15,0.2066,1,0,1,0,0,0,5,1,2,1
116,21,29,4,1,0,0,1,0,4,0.0372,0,0,1,0,0,0,1,0,2,1
51,11,8,0,0,0,0,1,0,1,0.0262,0,0,1,0,0,0,1,0,1,0
50,21,22,4,2,0,1,0,0,10,0.1992,3,0,1,0,0,0,3,1,0,1
43,8,16,1,0,0,0,0,0,0,0.0,1,0,1,0,0,0,0,0,0,0
49,20,16,3,3,0,1,1,3,7,0.1432,0,1,0,0,0,0,1,1,3,1
78,31,30,0,6,0,1,0,1,7,0.0863,2,1,1,0,0,0,0,0,1,1
62,28,34,4,0,0,1,0,1,6,0.0906,3,1,0,0,0,0,2,0,3,1
76,25,24,3,1,0,1,0,1,12,0.1526,1,0,1,0,1,0,4,0,1,1
91,18,40,3,1,0,1,1,2,16,0.1718,1,0,0,0,1,0,1,0,1,1
42,22,8,2,0,0,0,0,0,0,0.0046,0,0,1,0,0,0,0,0,1,0
92,24,24,2,1,0,1,2,1,20,0.2198,3,0,1,0,0,0,3,0,1,1
31,13,3,1,0,0,0,0,0,0,0.0,0,0,1,0,0,0,0,0,0,0
109,9,47,3,3,0,1,1,4,11,0.1045,1,0,0,0,0,0,2,1,3,1
28,10,18,3,0,0,0,0,0,0,0.0116,0,0,1,0,0,0,0,0,1,0
83,25,18,5,2,0,0,0,0,5,0.0651,2,0,0,0,0,1,2,1,1,1
39,11,0,2,0,0,0,0,0,0,0.0,0,0,1,0,0,0,0,0,0,0
55,27,29,5,3,0,1,1,0,4,0.0659,2,0,0,0,0,0,4,1,1,1
47,25,28,5,2,0,2,0,1,9,0.1934,2,0,1,0,0,0,1,1,3,1
37,12,8,2,0,0,0,0,0,0,0.0,0,0,1,0,0,0,1,0,0,0
86,30,25,6,2,0,1,0,0,8,0.0881,0,0,0,0,0,0,1,0,5,1
26,21,17,1,0,0,0,0,0,0,0.0,1,0,1,0,0,0,0,0,1,0
46,5,1,2,0,0,0,0,0,0,0.0066,0,0,1,0,0,0,0,0,1,0
96,26,39,6,4,0,0,0,0,9,0.0898,1,0,0,0,0,1,3,0,1,1
35,13,5,1,0,0,0,0,1,1,0.0402,0,0,1,0,0,0,0,0,0,0
103,24,47,4,1,0,0,1,1,3,0.0302,1,1,0,0,0,0,1,0,3,1
101,10,33,5,2,0,0,0,3,16,0.1551,1,0,1,0,0,0,3,1,1,1
48,22,34,1,1,0,0,0,1,0,0.0,1,1,0,0,0,0,2,1,2,1
83,32,39,4,4,0,1,1,0,10,0.1208,7,1,0,0,0,0,1,0,0,1
79,29,0,4,3,0,0,0,1,12,0.1578,1,0,0,0,0,1,1,0,4,1
49,11,41,3,2,0,0,1,0,8,0.1594,1,0,0,0,0,1,1,1,1,1
91,8,22,5,4,0,2,1,2,15,0.1643,1,1,0,0,0,0,1,1,2,1
54,33,0,3,4,0,1,0,2,10,0.1857,1,0,0,0,0,1,2,0,3,1
34,15,39,1,2,0,1,1,0,6,0.1744,0,0,1,0,0,1,0,1,3,1
56,19,0,2,0,0,0,0,0,0,0.0,0,0,1,0,0,0,0,0,1,0
50,25,10,5,4,0,1,1,2,13,0.2681,1,0,1,0,0,0,1,0,4,1
55,14,26,3,1,0,2,1,1,10,0.1777,2,0,0,0,0,0,1,0,1,1
102,23,47,1,3,0,0,0,0,5,0.045,2,0,0,0,0,0,4,1,3,1
30,24,0,2,0,0,0,0,0,0,0.0,0,0,1,0,0,0,0,0,0,0
71,31,25,1,2,0,0,0,1,3,0.0485,1,0,1,0,0,0,5,0,1,1
25,12,15,2,1,0,0,0,0,1,0.0583,0,0,1,0,0,0,0,0,1,0
36,10,2,2,0,0,0,0,0,0,0.0051,0,0,1,0,0,0,0,0,0,0
91,17,70,3,4,0,0,0,1,12,0.1276,2,0,1,0,0,0,0,0,3,1
75,20,23,3,0,0,1,0,1,13,0.1794,1,0,0,0,0,0,5,1,0,1
62,32,33,3,2,0,0,0,1,6,0.0949,0,1,0,0,0,0,1,0,1,1
31,17,8,2,0,0,0,0,0,0,0.0,0,0,1,0,0,0,0,1,1,0
52,19,8,3,0,0,0,0,1,1,0.0282,0,0,1,0,0,0,0,0,0,0
56,15,0,1,2,0,1,0,1,0,0.0,3,1,1,0,0,0,1,0,6,1
14,9,10,3,0,0,0,0,0,1,0.036,0,0,1,0,0,0,0,0,2,0
26,19,15,2,0,0,1,0,0,1,0.0345,0,0,1,0,0,0,0,0,0,0
17,18,11,2,1,0,0,0,0,1,0.0411,0,0,1,0,0,0,0,1,1,0
80,24,0,5,1,0,2,0,2,13,0.1642,0,1,1,0,1,0,2,0,0,1
28,8,2,3,0,0,0,0,0,1,0.0328,0,0,1,0,0,0,0,0,0,0
44,12,2,1,0,0,0,0,0,2,0.045,1,0,1,0,0,0,0,0,2,0
15,2,2,1,0,0,0,0,0,0,0.0052,0,0,1,0,0,0,1,0,1,0
107,38,15,1,0,0,0,1,0,16,0.1522,2,0,1,0,1,1,0,0,2,1
109,18,29,5,3,0,2,0,0,3,0.0248,1,0,0,0,0,0,3,0,4,1
61,27,28,4,2,0,0,0,0,13,0.2079,0,0,1,0,0,0,1,1,0,1
82,11,54,5,4,0,0,0,1,0,0.0,0,0,1,0,0,0,1,1,7,1
33,12,12,1,0,0,0,0,2,2,0.0634,1,1,1,0,0,0,0,0,0,0
32,14,0,2,1,0,0,0,0,0,0.0,1,0,1,0,0,0,0,0,0,0
16,12,4,2,3,0,0,0,0,0,0.0,1,0,1,0,0,0,1,0,0,0
19,7,0,1,1,0,0,0,0,1,0.0353,0,0,1,0,0,0,1,0,0,0
44,23,13,0,0,0,0,0,2,2,0.0495,0,0,1,0,0,0,0,0,3,0
40,22,29,4,4,0,0,1,1,4,0.1081,0,1,0,0,0,1,0,1,1,1
48,14,36,2,0,0,0,0,0,1,0.0279,0,0,1,0,0,0,0,0,1,0
79,16,15,3,3,0,1,1,0,17,0.2173,2,0,1,0,0,0,4,0,4,1
107,22,53,3,2,0,0,1,2,15,0.1449,0,0,0,0,0,0,2,0,1,1
30,16,6,2,0,0,0,0,0,2,0.0649,0,0,1,0,0,0,0,0,0,0
41,23,5,3,0,0,0,0,1,1,0.0343,0,0,1,0,0,0,0,0,0,0
34,13,12,1,1,0,0,0,0,0,0.0,1,0,1,0,0,0,0,0,1,0
24,16,18,1,0,0,0,0,0,1,0.0417,2,0,1,0,0,0,0,0,1,0
37,15,7,1,0,0,0,0,0,0,0.0,1,0,1,0,0,0,0,0,1,0
51,30,4,1,1,0,0,1,0,3,0.0671,3,1,1,0,0,0,0,1,2,1
59,9,7,2,0,0,0,0,0,3,0.0452,0,0,1,0,0,0,0,0,1,0
50,14,0,1,0,0,0,0,0,3,0.0516,1,0,0,0,0,0,0,0,0,0
27,16,25,3,3,0,2,1,0,3,0.103,1,0,1,0,0,1,4,0,2,1
17,12,6,4,0,0,0,0,0,0,0.0196,0,0,1,0,0,0,0,0,2,0
69,18,44,2,1,1,0,0,4,18,0.2636,1,0,1,0,0,0,2,1,3,1
49,14,14,2,0,0,0,1,0,0,0.0,1,0,1,0,0,0,0,0,2,0
78,32,0,2,1,0,1,0,0,5,0.0684,3,0,0,0,1,0,4,0,3,1
74,32,17,5,3,0,1,0,0,2,0.0224,1,0,1,0,0,0,0,1,0,1
43,20,12,3,2,0,0,0,0,0,0.0,0,0,1,0,0,0,0,0,3,0
35,21,25,6,1,0,1,1,1,2,0.0555,2,0,1,1,0,0,0,0,1,1
74,26,4,6,2,0,1,0,0,0,0.0,2,0,0,0,0,0,1,0,2,1
21,21,22,2,2,0,0,0,1,0,0.0,1,0,0,0,0,0,1,1,5,1
37,17,3,2,0,0,0,0,1,1,0.0183,0,0,1,0,0,0,0,0,2,0
21,16,19,2,3,0,1,0,1,1,0.0521,0,0,1,0,0,0,0,0,1,0
67,21,20,5,1,0,1,0,1,8,0.1236,1,1,1,0,0,1,0,0,1,1
99,16,19,2,1,0,0,0,1,23,0.2325,3,0,0,0,0,1,1,0,0,1
24,8,7,0,0,0,0,0,0,0,0.0152,2,0,1,0,0,0,0,0,3,0
36,36,38,4,2,0,0,0,0,8,0.2103,3,0,0,0,0,0,2,1,2,1
70,21,23,3,2,1,1,2,0,3,0.0446,2,0,0,0,0,0,3,0,2,1
32,11,14,3,0,0,1,0,0,0,0.0,1,0,0,0,0,0,0,0,1,0
82,26,37,3,3,1,0,2,1,8,0.0976,3,0,0,0,0,0,2,0,2,1
57,27,25,4,1,1,0,0,1,0,0.0,4,0,0,0,0,0,2,0,2,1
55,36,41,5,2,0,1,0,0,5,0.0835,2,0,1,0,0,0,4,1,2,1
32,19,0,2,0,0,0,0,0,3,0.0958,0,0,1,0,0,0,0,0,1,0
72,24,51,3,2,0,2,2,0,9,0.1325,3,0,0,0,0,0,1,0,2,1
27,8,11,2,1,0,0,0,0,1,0.0297,2,0,1,0,0,0,0,0,2,0
13,16,15,1,2,0,0,0,0,0,0.0,1,0,1,0,0,0,0,0,0,0
24,11,17,3,0,0,0,1,0,1,0.0389,1,0,1,0,0,0,0,0,2,0
33,11,15,2,1,0,0,0,0,1,0.0234,0,0,1,0,0,0,0,0,1,0
48,26,15,2,0,0,0,0,0,2,0.0394,0,0,1,0,0,0,1,0,2,0
92,29,16,0,1,0,0,0,0,10,0.1143,0,1,0,0,0,0,1,0,3,1
25,18,11,1,0,0,0,0,0,0,0.0047,0,0,1,0,0,0,0,0,1,0
17,14,5,3,0,0,0,0,2,1,0.056,2,0,1,0,0,0,0,0,1,0
27,16,3,2,0,0,0,0,0,0,0.0,0,0,1,0,0,0,0,0,0,0
63,32,44,1,1,0,0,1,1,2,0.0273,0,1,0,0,0,0,7,0,3,1
44,24,24,2,2,0,1,0,0,1,0.0274,0,0,1,0,0,0,0,0,1,0
97,10,58,7,3,0,0,2,3,7,0.0686,0,0,0,0,1,1,2,0,1,1
104,29,28,3,5,0,1,0,1,10,0.0919,1,0,0,0,0,0,3,1,2,1
68,23,5,1,2,0,3,0,1,9,0.1309,1,0,0,0,0,0,5,1,1,1
131,9,41,3,2,0,1,0,0,20,0.1514,1,0,0,1,1,0,1,0,2,1
33,17,8,2,1,0,1,0,2,0,0.006,0,0,1,0,0,0,1,0,0,0
56,24,26,5,6,0,0,0,2,5,0.0806,2,0,1,0,0,0,0,0,2,1
44,31,37,0,2,0,1,0,3,0,0.0,1,0,1,0,1,1,1,1,1,1
40,24,14,4,2,0,0,1,1,8,0.2041,1,0,1,0,0,0,2,1,0,1
11,7,6,2,0,0,0,0,2,1,0.0663,1,0,1,0,0,0,0,0,0,0
52,14,17,1,0,0,0,0,1,1,0.0256,0,0,1,0,0,0,0,0,1,0
73,32,11,3,4,0,2,0,0,5,0.062,1,0,0,0,0,0,1,1,3,1
74,8,50,1,2,0,1,1,1,21,0.288,2,0,0,0,1,0,0,0,2,1
113,21,32,3,1,0,0,0,2,16,0.1426,2,1,1,0,0,0,2,0,4,1
75,18,27,5,1,1,1,0,2,6,0.0743,0,1,0,0,0,0,4,0,1,1
49,16,0,3,2,0,0,0,0,1,0.0292,2,0,1,0,0,0,0,0,1,0
33,8,42,2,6,0,1,0,0,3,0.0858,0,0,0,0,0,0,1,0,2,1
53,8,12,1,1,0,0,0,0,1,0.0175,0,0,1,0,0,0,0,0,2,0
32,15,3,2,0,0,0,0,0,1,0.0373,2,0,1,0,0,0,0,0,0,0
77,30,10,2,2,0,0,1,2,8,0.1057,0,0,1,0,0,0,3,0,2,1
34,12,14,3,0,0,0,0,0,0,0.0,0,0,1,0,0,0,0,0,2,0
51,25,16,4,1,0,0,0,1,10,0.1918,0,0,0,0,0,0,3,0,2,1
75,33,20,5,1,0,0,0,1,12,0.1546,2,0,1,0,0,0,2,0,4,1
44,28,27,4,1,0,0,0,2,0,0.0,3,0,1,0,0,1,3,1,0,1
32,37,30,4,3,0,1,0,0,2,0.0636,3,0,0,0,0,0,1,0,0,1
8,14,10,1,1,0,0,0,0,1,0.0682,0,0,1,0,0,0,0,0,0,0
57,26,9,4,2,0,1,0,2,11,0.1908,2,0,0,0,0,0,1,0,2,1
52,17,13,1,0,0,0,0,0,2,0.0466,1,0,1,0,0,0,0,0,1,0
50,34,16,5,0,0,1,1,1,6,0.1108,0,1,0,1,0,1,0,1,0,1
24,16,13,0,1,0,0,0,1,0,0.0007,0,0,1,0,0,0,0,0,0,0
30,12,19,2,0,0,0,0,1,0,0.0,0,0,1,0,0,0,0,0,1,0
85,17,23,2,4,0,0,0,0,8,0.0969,2,0,0,0,0,0,3,0,1,1
42,19,0,2,1,0,0,0,0,2,0.0566,0,0,1,0,0,0,0,0,1,0
25,18,40,3,2,0,1,1,0,4,0.1432,0,1,0,0,0,0,5,0,1,1
66,27,27,1,2,0,0,1,3,16,0.2473,2,0,0,0,0,0,0,1,3,1
79,24,37,3,2,0,0,0,1,2,0.026,2,0,0,0,0,0,2,0,0,1
10,17,6,2,0,0,0,0,0,1,0.051,0,0,1,0,0,0,0,0,1,0
116,20,47,4,2,0,0,0,0,0,0.0,1,0,1,0,1,0,0,0,5,1
49,30,10,3,2,0,1,0,0,7,0.1368,1,1,1,0,1,0,1,0,3,1
78,15,39,4,1,0,0,0,0,5,0.0675,1,0,0,0,0,0,2,0,4,1
43,33,18,2,2,0,0,0,0,0,0.0,2,1,1,0,0,0,0,1,0,1
74,22,27,6,3,0,1,0,3,11,0.1492,0,0,1,0,0,0,1,1,1,1
29,12,0,2,0,0,0,0,1,0,0.0029,0,0,1,0,0,0,0,0,0,0
61,23,16,1,0,0,0,0,0,14,0.2364,2,0,1,0,1,1,3,1,4,1
51,14,36,4,1,0,0,1,1,8,0.1476,3,1,0,0,0,0,2,1,2,1
44,9,21,2,1,0,0,0,0,0,0.0,1,0,1,0,0,0,0,1,2,0
93,11,9,3,5,0,1,0,0,9,0.0922,4,1,1,0,0,0,0,0,2,1
25,14,9,2,0,0,0,0,0,0,0.0,0,0,1,0,0,0,0,0,2,0
67,27,30,2,3,0,0,0,0,5,0.0731,0,0,0,0,0,0,1,0,1,1
141,12,30,4,5,0,0,1,2,26,0.181,0,0,1,0,1,0,2,1,3,1
96,29,31,4,3,0,0,0,1,17,0.1717,2,0,0,0,0,0,2,0,4,1
35,13,7,4,2,0,1,0,0,6,0.164,3,0,0,0,0,1,4,1,1,1
28,17,8,1,0,0,0,0,0,0,0.0129,0,0,1,0,0,0,0,0,0,0
33,23,3,2,0,0,0,0,0,2,0.0713,0,0,1,0,0,1,0,0,1,0
83,27,45,4,1,0,0,0,1,10,0.1231,3,1,1,0,0,0,1,1,5,1
24,15,9,1,1,0,0,0,0,1,0.0424,0,0,0,0,0,0,1,0,1,0
49,8,0,3,0,0,0,0,0,4,0.0719,0,0,1,0,0,0,0,0,1,0
52,23,20,6,1,0,0,0,2,10,0.1906,0,1,0,0,0,0,2,0,1,1
36,13,4,2,2,0,0,0,0,2,0.0692,0,0,1,0,0,0,0,0,2,0
59,30,40,5,0,0,0,0,3,6,0.1007,2,0,0,0,0,0,2,1,1,1
22,13,3,2,0,0,0,0,0,0,0.0006,0,0,1,0,0,0,0,0,0,0
44,33,33,1,2,0,0,1,0,0,0.006,3,0,0,0,0,0,0,0,2,1
78,28,41,4,1,0,1,0,2,13,0.1627,2,0,1,0,0,0,2,1,2,1
54,10,11,2,1,0,0,0,1,13,0.2355,1,0,0,0,0,0,2,1,2,1
62,7,16,1,0,0,0,0,1,0,0.0,0,0,1,0,0,0,0,0,0,0
70,17,20,3,3,0,1,2,1,20,0.2795,2,1,0,0,1,0,4,1,1,1
45,12,17,2,0,0,0,0,0,2,0.0477,2,0,1,0,0,0,0,0,2,0
22,20,0,2,0,0,0,0,0,1,0.0229,0,0,1,0,0,0,0,0,2,0
14,23,24,1,0,0,0,0,0,1,0.0425,2,0,1,0,0,0,0,0,1,0
12,17,15,2,0,0,0,0,0,0,0.0,1,0,1,0,0,0,0,0,0,0
32,15,0,1,0,0,0,0,0,1,0.0396,0,0,1,0,0,0,0,0,2,0
17,11,18,2,0,0,0,0,0,0,0.0111,0,0,1,0,0,0,0,0,1,0
33,15,8,2,0,0,0,0,0,2,0.0565,0,1,1,0,0,0,0,0,0,0
136,27,39,3,1,0,2,2,0,28,0.2046,1,0,0,0,0,0,3,0,3,1
26,12,11,2,1,0,1,0,1,1,0.0522,1,0,1,0,0,0,1,0,1,0
75,31,27,2,3,0,0,0,1,9,0.1176,2,0,1,0,1,0,2,0,2,1
43,14,2,1,0,0,0,0,0,1,0.0169,0,0,1,0,0,0,0,0,0,0
116,32,14,6,1,0,3,0,1,22,0.1895,3,0,0,0,0,1,2,1,1,1
36,8,8,2,0,0,0,0,0,2,0.0555,0,0,1,0,0,0,0,0,1,0
96,23,34,0,0,1,1,1,0,8,0.0829,0,1,1,0,0,0,3,1,6,1
32,23,28,6,3,0,1,0,3,7,0.2147,2,0,1,0,1,0,1,0,1,1
57,29,53,4,0,0,0,1,3,9,0.1542,1,0,0,0,0,0,1,1,1,1
29,12,15,2,2,0,0,0,1,1,0.0304,1,0,1,0,0,1,0,0,0,0
58,36,22,6,3,0,2,0,0,0,0.0,1,0,1,0,0,0,0,0,0,1
32,14,10,1,0,0,0,0,1,1,0.0243,0,0,1,0,0,0,1,0,1,0
9,24,15,2,0,0,0,0,1,0,0.02,2,0,1,0,0,0,0,0,0,0
30,16,8,2,0,0,1,0,1,2,0.0635,0,0,1,0,1,0,0,0,1,0
78,13,29,4,2,0,1,1,3,14,0.1786,2,0,1,0,1,0,3,1,0,1
16,16,19,2,1,0,0,0,0,1,0.0547,1,0,1,0,1,0,0,0,2,0
21,28,44,3,3,0,0,0,2,3,0.1257,5,0,0,1,0,0,1,0,3,1
76,24,3,2,0,0,1,1,0,18,0.2392,2,0,0,0,0,0,2,1,1,1
69,18,38,6,3,0,1,0,2,9,0.1375,4,0,0,0,0,0,1,1,2,1
57,6,17,1,1,0,0,0,0,0,0.0,0,0,1,0,0,0,1,0,3,0
91,7,27,5,2,0,1,0,1,6,0.0606,3,0,0,0,1,0,1,0,3,1
78,19,41,5,4,0,1,0,3,16,0.2075,1,0,1,0,0,0,1,1,4,1
88,25,28,3,4,0,0,0,0,25,0.2859,0,0,1,0,0,1,2,0,1,1
2,12,31,3,0,0,0,0,0,0,0.0604,2,0,1,0,0,0,0,1,1,0
40,14,14,0,0,0,0,0,0,0,0.0035,0,0,1,0,0,0,2,0,1,0
32,14,21,1,0,0,0,0,1,1,0.0338,2,0,1,0,0,0,0,0,0,0
27,14,19,1,0,0,0,0,0,1,0.0282,0,0,1,0,1,0,0,0,1,0
42,28,15,2,1,0,0,1,2,6,0.1305,2,1,1,0,0,0,2,0,0,1
57,15,38,4,2,1,0,0,1,10,0.1683,2,1,0,0,1,0,1,1,5,1
34,14,13,1,0,0,0,0,1,0,0.0005,1,0,1,0,0,0,0,0,1,0
67,38,19,4,1,0,1,0,1,8,0.1145,1,0,1,0,0,0,3,1,3,1
71,38,46,8,1,0,1,0,1,10,0.1476,2,0,1,0,0,0,3,0,4,1
52,29,51,5,6,0,3,1,3,0,0.001,4,0,1,0,1,0,2,0,1,1
81,21,7,4,1,0,0,0,1,9,0.1084,2,1,1,0,0,0,1,1,3,1
39,10,18,1,0,0,0,0,0,0,0.0,0,0,1,0,0,0,1,0,0,0
19,7,5,2,0,0,1,0,0,1,0.0286,1,0,1,0,0,0,0,0,2,0
16,10,0,2,1,0,0,0,0,0,0.0,1,0,0,0,1,0,0,0,5,0
81,24,38,1,2,0,0,0,0,10,0.1278,1,0,0,0,0,0,2,1,4,1
68,30,24,3,1,0,1,0,2,19,0.2781,1,0,1,0,0,0,1,0,0,1
70,31,27,2,1,1,1,0,1,7,0.0985,0,1,0,0,1,1,2,1,3,1
64,27,52,3,2,0,0,1,3,14,0.2272,3,0,0,0,0,0,2,0,3,1
41,29,19,2,1,0,0,0,0,1,0.0199,1,0,1,0,0,0,0,0,1,0
38,8,3,1,1,0,0,0,1,3,0.0856,0,0,1,0,0,0,0,1,2,0
28,16,0,3,0,0,0,0,0,1,0.0414,0,0,1,0,0,0,0,0,0,0
45,14,15,1,0,0,1,0,0,0,0.0,0,0,1,0,0,0,0,0,0,0
48,10,10,3,1,0,0,1,0,8,0.1716,2,0,1,1,0,0,1,0,1,1
6,21,27,1,1,0,0,0,0,2,0.3178,2,0,0,0,0,0,3,0,1,1
37,13,15,2,0,0,0,0,0,1,0.0376,0,0,1,0,0,0,1,0,0,0
44,35,7,1,2,1,1,0,3,2,0.0399,2,0,1,0,0,1,2,0,0,1
84,14,43,6,3,0,1,0,0,4,0.0509,1,0,0,0,0,0,2,0,2,1
61,22,41,0,2,0,0,1,4,13,0.2072,2,0,1,0,0,0,0,0,3,1
66,30,18,2,3,0,0,0,2,9,0.1424,1,0,0,0,0,0,2,0,4,1
50,18,22,2,0,0,0,0,2,3,0.0543,0,0,1,0,0,0,0,0,0,0
90,16,18,1,2,0,0,0,3,11,0.1248,0,0,0,0,0,0,1,0,3,1
85,20,34,3,3,0,0,1,1,8,0.0887,0,1,1,0,0,0,4,0,1,1
26,12,9,2,0,0,0,0,0,0,0.0176,0,0,1,0,0,0,0,1,1,0
34,10,7,2,0,0,0,0,0,0,0.0065,0,0,1,0,0,0,0,0,2,0
70,19,25,3,3,0,0,1,0,19,0.2729,2,0,1,0,0,0,0,0,1,1
82,23,36,4,4,1,1,0,1,16,0.1981,0,0,1,0,0,1,0,0,1,1
76,36,17,3,3,0,4,0,0,8,0.1082,0,0,0,0,0,1,0,1,3,1
34,15,6,2,0,0,0,0,0,1,0.0248,2,0,1,0,0,0,0,0,0,0
45,22,25,1,0,0,0,0,1,0,0.0098,1,0,1,0,0,0,0,0,2,0
29,10,0,2,1,0,0,0,0,1,0.0331,0,0,1,0,1,0,0,0,1,0
108,35,9,3,6,0,0,0,0,11,0.1021,1,0,1,0,0,0,3,0,0,1
76,20,20,4,4,0,0,0,2,16,0.2078,2,0,0,0,0,0,2,1,1,1
64,29,14,2,2,0,1,0,1,11,0.1669,3,0,1,0,0,0,1,0,0,1
62,23,24,7,2,0,1,1,0,7,0.1116,1,0,1,0,0,0,2,0,3,1
18,17,1,2,0,0,0,0,0,1,0.0575,0,0,1,0,0,0,1,0,0,0
81,23,0,4,1,0,0,1,0,21,0.2625,0,0,1,0,0,0,1,1,3,1
26,38,14,3,3,0,2,1,0,2,0.0693,1,0,0,0,0,0,2,1,3,1
9,14,10,0,1,0,0,0,0,0,0.0071,0,0,1,0,0,0,0,0,1,0
39,38,58,2,2,0,0,1,2,2,0.0417,1,0,0,0,0,0,4,0,0,1
22,27,23,3,3,0,1,2,0,2,0.0857,1,0,1,0,0,0,2,0,1,1
56,14,12,4,5,1,0,0,2,5,0.0923,2,0,0,0,0,0,1,1,0,1
34,16,2,1,0,0,0,0,0,1,0.0247,1,0,1,0,0,0,0,0,0,0
112,24,24,3,1,1,0,0,2,14,0.1219,2,0,0,0,0,0,1,0,2,1
45,16,23,2,1,0,0,0,2,2,0.0492,1,0,1,0,0,0,0,0,1,0
66,34,4,4,6,0,0,1,1,6,0.0842,4,0,1,0,0,0,4,0,2,1
49,12,11,1,3,0,0,0,0,2,0.0406,0,0,1,0,0,0,0,0,0,0
47,19,27,0,6,0,1,0,0,7,0.1467,2,1,0,0,0,1,2,0,1,1
49,10,26,3,0,0,0,0,0,4,0.0819,1,0,1,0,0,0,0,0,1,0
37,19,23,4,2,0,1,0,0,8,0.2066,4,0,0,0,0,0,1,0,1,1
102,22,20,2,1,0,1,2,1,10,0.0987,3,0,1,0,0,0,3,1,2,1
84,43,23,3,3,0,0,0,2,16,0.1925,4,0,0,0,0,0,1,1,1,1
56,17,41,5,5,0,3,0,0,0,0.0,2,0,0,0,0,1,2,0,1,1
21,8,8,2,0,0,0,0,0,0,0.0,0,0,1,0,0,0,1,0,0,0
89,27,45,3,2,0,0,1,0,10,0.116,0,0,0,0,1,0,2,0,2,1
72,34,31,2,3,0,1,0,0,8,0.1172,1,0,0,0,0,0,2,1,1,1
6,27,31,1,1,0,0,1,0,1,0.1214,0,0,0,0,0,0,2,0,4,1
76,19,22,6,0,0,1,0,1,9,0.1236,1,0,1,0,0,1,2,1,2,1
8,13,9,2,0,0,0,0,1,0,0.0037,0,0,1,0,0,0,0,0,2,0
19,21,3,3,1,0,1,0,0,0,0.0,2,0,1,0,0,0,0,0,1,0
45,13,20,2,1,0,0,0,0,2,0.0479,0,0,1,0,0,0,0,0,0,0
63,19,41,4,2,0,0,1,1,11,0.1679,2,0,0,0,0,0,2,1,3,1
87,26,25,6,0,0,0,0,0,8,0.0951,2,0,0,0,0,0,0,0,1,1
73,11,55,4,2,0,0,0,2,8,0.1049,0,0,0,0,0,0,0,0,2,1
38,19,13,3,0,0,0,0,0,0,0.0043,0,0,1,0,0,0,0,0,1,0
102,36,34,2,3,0,1,0,1,19,0.1896,2,1,1,0,1,0,1,0,7,1
84,30,27,1,1,0,1,0,1,4,0.0466,3,1,0,0,1,0,1,0,1,1
38,16,18,0,1,0,0,0,0,1,0.0231,0,0,1,0,0,0,0,0,0,0
54,29,25,3,2,0,2,1,1,6,0.1079,3,0,0,0,0,0,1,1,2,1
45,22,15,2,0,0,1,0,1,2,0.0442,0,0,1,0,0,0,0,0,1,0
115,27,38,5,3,0,1,0,0,33,0.2873,0,0,0,0,0,0,1,1,2,1
104,24,4,3,1,0,0,1,1,18,0.1685,1,0,0,0,1,0,0,0,0,1
52,19,4,2,0,0,0,0,0,0,0.0,1,0,1,0,0,0,1,0,0,0
50,31,27,5,1,0,0,0,1,11,0.2188,1,0,1,0,0,0,2,0,0,1
24,19,6,1,0,0,0,0,1,0,0.0066,0,0,1,0,0,0,1,0,2,0
25,18,6,2,0,0,0,0,0,1,0.0343,0,0,1,0,0,0,1,0,2,0
57,23,15,1,1,0,1,0,0,0,0.0,0,0,1,0,0,0,0,0,1,0
7,15,5,3,0,0,0,0,0,0,0.0283,0,0,1,0,0,0,0,0,3,0
50,11,6,2,0,0,0,0,1,0,0.0034,1,0,1,0,0,0,0,0,2,0
46,20,14,1,0,0,1,0,1,0,0.0,1,0,1,0,0,0,0,0,0,0
90,15,18,5,3,0,1,1,1,8,0.0877,1,0,0,0,0,0,0,0,2,1
6,12,0,3,0,0,0,0,0,0,0.0,0,0,1,0,0,0,0,0,1,0
17,18,8,2,2,0,0,0,0,0,0.0039,1,0,1,0,0,0,0,0,0,0
38,39,27,3,3,0,1,0,2,8,0.1982,0,0,1,0,0,1,3,0,1,1
75,24,41,4,3,0,0,2,1,0,0.0,5,0,0,0,1,0,1,1,3,1
37,14,4,3,1,0,0,0,2,0,0.0,1,0,1,0,0,0,0,0,0,0
33,17,7,3,0,0,0,0,0,3,0.0856,0,0,1,0,0,0,0,0,2,0
57,27,25,3,0,0,1,0,2,5,0.0899,0,0,0,0,0,0,2,1,2,1
96,37,43,2,1,0,0,0,0,5,0.0524,1,0,1,0,0,0,2,0,1,1
81,9,10,2,2,1,2,2,1,3,0.0428,1,0,0,0,1,0,1,1,6,1
88,17,15,4,3,0,1,2,1,7,0.0817,3,0,1,0,0,0,1,0,2,1
17,6,1,1,1,0,0,0,0,0,0.0,1,0,1,0,0,1,1,0,0,0
42,8,22,2,0,0,0,0,0,0,0.0061,1,0,1,0,0,0,0,0,2,0
26,27,9,5,3,0,0,0,1,3,0.121,0,0,0,0,0,0,2,0,3,1
29,13,10,1,0,0,0,0,0,0,0.0097,0,0,1,0,0,0,0,0,1,0
70,22,22,3,2,0,0,0,1,2,0.0314,1,0,0,0,1,0,1,0,0,1
19,9,20,3,0,0,0,0,1,2,0.0805,0,0,1,0,0,0,0,0,0,0
39,24,35,2,2,0,1,0,0,3,0.0767,0,1,1,0,0,0,3,0,0,1
45,18,8,2,0,0,0,0,0,1,0.0241,0,0,1,0,0,0,0,0,1,0
97,36,28,2,4,0,0,0,2,9,0.0948,0,0,0,0,0,0,3,1,2,1
36,33,24,2,1,0,0,0,2,10,0.2841,4,0,0,0,0,0,1,1,5,1
74,28,24,5,3,0,0,0,0,0,0.0,1,0,0,0,1,0,0,1,3,1
35,18,0,1,0,0,0,0,0,1,0.0367,0,0,1,0,0,0,1,0,1,0
15,18,14,2,1,0,0,0,1,1,0.0725,0,0,1,0,0,0,0,0,2,0
31,12,0,2,1,0,0,0,1,0,0.0005,0,0,1,0,0,0,0,0,1,0
67,35,17,2,3,0,0,0,1,7,0.0978,1,0,1,0,0,0,0,0,1,1
29,18,7,2,2,0,1,0,1,1,0.0245,0,0,1,0,0,0,0,0,1,0
19,8,15,2,0,0,0,0,0,0,0.0177,0,0,1,0,0,0,0,0,1,0
77,35,40,3,1,0,1,0,0,15,0.1982,0,0,0,0,0,0,5,0,2,1
13,14,0,2,0,0,0,0,0,0,0.0235,1,0,1,0,0,0,0,1,0,0
40,11,18,2,1,0,0,0,0,2,0.0439,1,0,1,0,0,0,0,0,1,0
84,51,43,4,2,0,1,1,2,11,0.1259,2,0,1,0,0,0,2,0,3,1
32,9,7,2,0,0,0,1,1,1,0.039,0,0,1,0,0,0,0,0,2,0
42,29,30,4,2,0,2,2,2,7,0.1767,0,1,0,0,0,0,2,1,3,1
105,8,7,7,2,0,0,0,0,9,0.0812,2,0,1,0,0,0,0,1,2,1
38,9,12,1,0,0,1,0,0,2,0.0646,0,0,1,0,0,0,0,0,1,0
69,12,61,3,4,0,3,0,2,6,0.0823,0,0,1,0,0,1,5,1,4,1
68,23,30,2,0,0,1,0,0,8,0.1104,1,0,1,0,0,0,2,1,5,1
95,32,38,3,4,0,0,2,2,9,0.0965,2,0,0,0,0,1,3,0,4,1
62,27,50,2,2,0,0,1,0,10,0.1556,0,0,1,0,0,0,3,1,1,1
89,28,30,3,2,0,1,0,1,18,0.203,3,0,0,0,1,0,0,0,2,1
39,5,13,1,1,0,0,0,0,1,0.0257,1,0,1,0,0,0,2,0,0,0
44,11,12,2,2,0,1,0,0,1,0.0219,1,0,1,0,0,0,0,0,1,0
42,20,6,3,1,0,0,0,1,1,0.0264,0,0,1,0,0,0,0,0,1,0
91,33,75,2,2,0,0,0,1,13,0.1382,0,1,0,0,1,0,3,0,1,1
36,16,3,1,0,0,0,0,0,2,0.0657,0,0,1,0,0,0,0,0,1,0
63,17,17,3,1,0,1,1,1,13,0.2056,1,0,1,0,0,0,1,0,1,1
59,33,46,2,3,0,2,0,0,10,0.166,0,0,1,0,0,0,1,0,2,1
71,33,9,6,2,0,0,0,0,7,0.0985,1,0,0,0,0,0,1,1,2,1
74,39,44,2,1,0,0,1,1,5,0.0629,1,0,1,0,0,0,5,1,3,1
71,25,23,1,1,0,0,1,0,6,0.0885,2,0,1,0,0,0,1,1,0,1
48,26,38,4,1,0,1,0,1,4,0.0931,0,1,1,0,0,0,4,1,1,1
46,17,15,3,0,0,0,0,1,0,0.0082,0,0,1,0,1,0,0,0,0,0
32,16,10,2,0,0,0,0,0,1,0.0228,0,0,0,0,0,0,1,0,1,0
43,12,0,1,0,0,0,0,1,1,0.0245,2,0,1,0,1,0,0,0,0,0
42,14,13,0,1,0,0,0,0,0,0.0102,0,0,1,0,0,0,0,0,0,0
105,23,50,4,5,0,0,1,1,3,0.0271,0,0,1,0,0,1,1,0,0,1
95,29,48,3,5,0,2,1,1,5,0.0553,1,0,1,0,0,0,1,0,1,1
43,16,1,2,0,0,0,0,0,0,0.0,0,0,1,0,0,0,0,0,0,0
69,26,24,5,0,0,0,1,0,13,0.1878,2,0,1,0,1,0,5,1,2,1
87,23,38,1,2,0,1,0,1,4,0.0508,1,0,0,0,0,0,1,0,2,1
66,20,6,5,2,0,0,0,2,5,0.0817,1,0,0,0,0,0,2,1,1,1
30,18,10,3,1,0,0,0,0,1,0.0339,1,0,1,0,0,1,1,0,1,0
50,29,43,5,2,0,0,2,3,4,0.0732,1,1,1,0,0,1,2,1,2,1
14,14,8,2,1,0,0,0,0,0,0.0069,0,0,1,0,1,0,0,0,0,0
27,10,28,2,0,0,0,0,0,2,0.0649,2,0,1,0,0,0,0,0,0,0
49,15,3,0,1,0,0,0,0,2,0.0352,1,0,1,0,0,0,1,0,0,0
28,21,6,1,1,0,0,0,0,1,0.0374,0,0,1,0,1,0,0,0,0,0
43,17,6,2,0,0,0,0,0,0,0.0,0,0,1,0,0,0,0,0,0,0
83,24,37,1,0,0,1,1,1,16,0.1973,2,0,0,0,0,0,3,1,2,1
59,33,44,2,1,1,0,1,1,12,0.1977,0,0,1,0,0,0,0,1,1,1
83,35,28,4,4,0,0,0,1,7,0.0887,0,1,0,0,0,1,2,1,5,1
36,13,11,1,1,0,1,0,0,1,0.0323,0,0,1,0,1,0,0,0,3,0
89,24,62,4,0,0,0,0,1,7,0.079,1,0,1,0,0,0,0,0,1,1
52,17,10,3,0,0,0,0,0,2,0.0464,0,0,1,0,0,0,0,0,0,0
30,14,23,3,0,0,1,0,0,1,0.0385,0,0,1,0,0,0,0,0,1,0
41,31,24,3,1,0,0,1,0,2,0.0498,2,0,0,0,0,0,1,1,2,1
25,7,0,1,0,0,0,0,0,0,0.0,0,0,1,0,0,0,0,0,1,0
110,18,32,2,1,0,1,0,1,1,0.0074,5,0,1,0,0,0,1,0,1,1
59,6,33,3,1,1,0,1,1,8,0.1284,0,1,0,0,0,0,4,0,2,1
92,39,32,2,2,0,0,0,1,14,0.1556,2,1,0,0,0,1,2,0,2,1
67,16,9,5,4,0,1,1,1,3,0.0474,2,1,1,0,0,0,3,1,1,1
26,22,14,2,1,0,0,0,1,1,0.0361,1,0,1,0,0,0,0,0,2,0
26,2,7,3,1,0,0,0,0,1,0.0451,0,0,1,0,0,0,1,0,0,0
109,29,2,4,2,0,2,0,2,4,0.0392,2,0,1,0,0,0,3,0,2,1
114,42,12,2,2,0,0,1,1,23,0.2006,1,0,0,0,1,0,3,0,4,1
48,16,10,1,0,0,0,0,2,0,0.0,0,0,1,0,0,0,0,0,0,0
28,14,19,1,1,0,1,0,0,0,0.0078,0,0,1,0,0,0,1,0,1,0
22,6,3,1,0,0,0,0,0,0,0.0012,0,0,1,0,0,0,0,0,2,0
25,6,2,1,0,0,0,0,1,1,0.0294,1,0,0,0,0,0,1,0,4,0
10,13,10,1,2,0,0,0,0,0,0.0,0,0,1,0,0,0,0,0,1,0
26,15,4,2,0,0,0,0,1,0,0.0,1,0,1,0,0,0,0,0,1,0
96,28,35,4,0,0,0,0,2,1,0.0078,4,0,1,0,1,0,1,1,0,1
36,16,16,1,0,0,0,0,0,1,0.0386,0,0,1,0,0,0,0,0,2,0
27,12,11,3,0,0,0,0,0,2,0.0643,0,0,1,0,0,0,0,0,0,0
32,14,15,2,0,0,0,0,3,1,0.0279,1,0,0,0,0,0,0,0,1,0
58,18,52,2,3,0,2,0,1,6,0.1034,3,0,1,0,0,0,2,1,4,1
34,10,2,2,0,0,1,0,1,0,0.0,0,0,1,0,0,0,0,0,1,0
73,15,35,5,4,0,1,0,1,11,0.1493,1,0,0,0,0,0,2,1,1,1
26,14,13,2,0,0,0,0,0,1,0.0247,1,0,1,0,0,0,0,0,2,0
43,9,25,5,2,0,2,2,0,5,0.1093,1,0,0,0,0,0,0,0,0,1
38,8,11,1,1,0,1,0,0,0,0.0,0,0,1,0,0,0,0,0,3,0
40,21,21,2,0,0,0,0,0,1,0.0306,1,0,1,0,0,0,0,0,1,0
59,30,22,2,2,0,2,0,1,0,0.0,1,0,0,0,0,0,2,0,2,1
63,22,23,3,4,0,0,1,0,10,0.1593,3,0,0,0,0,0,2,0,2,1
33,16,26,2,0,0,0,0,0,1,0.0305,0,0,1,0,0,0,0,0,1,0
22,15,16,1,0,0,0,0,0,1,0.0258,0,0,1,0,0,0,0,0,1,0
102,30,32,3,6,0,1,0,1,42,0.4071,1,0,1,0,0,0,3,0,2,1
32,13,3,1,0,0,0,0,0,1,0.0298,0,0,1,0,0,0,0,0,2,0
40,12,2,2,0,0,0,0,0,3,0.066,0,0,1,0,0,0,0,0,2,0
24,16,4,2,1,0,0,0,1,1,0.0354,0,0,1,0,0,0,0,0,2,0
48,32,25,0,6,0,2,0,2,10,0.2007,0,0,0,0,1,0,2,0,5,1
34,9,4,2,0,0,0,0,0,0,0.0122,0,0,0,0,0,0,0,0,1,0
59,18,13,5,6,0,0,3,1,7,0.123,1,0,1,0,0,1,2,1,0,1
37,7,7,1,2,0,0,0,1,2,0.0455,0,0,1,0,0,0,0,0,1,0
88,28,21,0,1,0,2,0,0,8,0.0956,1,0,0,0,0,0,2,0,1,1
47,23,50,6,2,0,1,2,1,4,0.0905,1,0,0,0,1,0,3,0,4,1
37,21,9,2,0,0,0,0,1,1,0.0333,1,0,1,0,0,0,0,0,0,0
35,28,20,4,5,0,0,1,0,1,0.0177,1,0,1,0,0,0,2,1,1,1
5,19,10,1,1,0,0,0,1,0,0.0166,0,0,1,0,0,0,0,0,0,0
40,27,23,4,1,0,0,1,1,0,0.0,2,0,1,0,0,0,3,1,1,1
18,23,5,3,0,0,0,0,0,1,0.034,0,0,1,0,0,0,0,0,0,0
13,10,18,2,1,0,0,0,0,0,0.034,1,0,1,0,0,0,1,0,0,0
41,18,0,2,0,0,1,0,0,0,0.0,0,0,1,0,0,0,1,0,1,0
122,19,25,7,3,0,0,0,2,17,0.1409,0,1,1,0,0,1,4,1,1,1
13,11,3,2,0,0,0,0,1,0,0.0,0,0,1,0,0,0,0,0,2,0
18,14,13,2,1,0,0,0,0,1,0.0482,0,0,1,0,0,0,0,0,2,0
45,10,12,2,0,0,0,0,0,2,0.045,2,0,1,0,0,0,0,0,0,0
75,26,42,3,0,0,0,1,3,6,0.0782,0,0,0,0,0,0,1,0,2,1
42,7,15,1,0,0,0,0,0,1,0.0354,2,0,1,0,0,0,0,0,0,0
83,28,17,3,2,0,1,0,0,7,0.0848,1,0,0,1,0,0,0,0,5,1
26,9,31,2,0,0,0,0,0,0,0.0,0,0,1,0,0,0,0,0,1,0
25,17,0,2,0,0,0,0,0,1,0.0533,0,0,1,0,0,0,0,0,1,0
86,22,42,0,0,0,0,0,0,21,0.2433,2,1,1,0,0,0,1,1,0,1
46,22,15,3,1,0,0,0,0,4,0.0806,1,1,1,0,0,0,1,0,4,1
40,18,4,3,0,0,0,0,0,2,0.0398,1,0,1,0,0,0,0,0,3,0
19,12,7,1,0,0,0,1,0,0,0.0001,0,0,1,0,0,0,1,0,1,0
26,21,0,2,0,0,0,0,0,3,0.1064,0,0,1,0,0,0,0,0,0,0
69,25,32,2,1,0,1,0,0,0,0.0,3,0,0,0,0,1,3,0,0,1
25,18,16,2,1,0,0,0,0,0,0.0029,1,0,1,0,0,0,1,0,2,0
96,15,41,3,0,0,0,2,1,21,0.2151,2,1,1,0,0,0,3,0,0,1
48,8,31,3,2,0,0,0,1,8,0.1662,0,1,0,0,0,1,1,1,0,1
35,15,14,2,2,0,0,0,1,0,0.0,0,0,1,0,0,0,0,0,2,0
26,15,21,2,0,0,0,0,0,0,0.0,1,0,1,0,0,0,0,0,2,0
31,21,0,1,1,0,0,0,0,1,0.0379,1,0,1,0,0,0,0,0,1,0
101,28,32,5,0,0,1,0,1,7,0.0719,0,0,1,0,0,0,5,1,0,1
41,7,3,2,0,0,0,0,0,2,0.0412,0,0,1,0,0,0,0,0,2,0
47,14,6,2,1,0,1,0,0,3,0.061,0,0,1,0,0,0,0,0,2,0
44,18,10,1,0,0,0,0,1,1,0.0141,0,0,1,0,0,0,0,0,0,0
43,24,5,2,2,0,0,0,1,1,0.0202,0,0,1,0,0,0,0,0,0,0
59,16,0,3,1,0,0,0,0,0,0.0,0,0,1,0,0,0,0,0,2,0
26,10,6,1,0,0,0,0,0,0,0.0,0,0,1,0,0,0,0,0,0,0
18,13,11,2,0,0,0,1,0,0,0.0,0,0,1,0,0,0,0,0,0,0
57,26,39,4,6,0,1,0,0,11,0.1849,2,0,1,0,0,0,0,0,1,1
92,25,36,3,1,1,1,2,1,14,0.1463,1,0,1,0,0,1,2,0,2,1
31,35,11,1,0,0,0,0,1,0,0.0,0,0,1,0,0,0,0,0,0,0
27,18,21,2,0,0,0,0,0,1,0.0239,1,0,1,0,0,0,0,0,0,0
44,37,22,3,3,0,2,1,0,0,0.0,0,1,0,0,0,0,0,0,0,1
69,19,31,5,2,0,1,1,0,6,0.0863,2,0,0,0,0,0,2,1,1,1
32,13,13,2,0,0,0,0,2,2,0.0539,1,0,1,0,0,0,1,0,0,0
34,17,10,2,0,0,0,0,0,1,0.0405,1,0,1,0,0,0,0,0,1,0
72,32,27,5,2,0,0,0,1,6,0.0815,2,1,1,1,0,0,2,0,2,1
58,25,53,4,3,0,0,0,2,7,0.1172,2,1,0,0,0,0,3,0,2,1
32,38,24,7,4,1,0,0,1,6,0.1706,1,0,0,0,0,0,2,0,2,1
72,22,43,7,1,0,0,2,2,1,0.0124,1,0,1,0,0,0,3,1,1,1
12,17,12,2,2,0,0,0,0,0,0.0076,1,0,1,0,0,0,1,0,1,0
27,20,20,0,0,0,0,0,1,1,0.0454,0,0,1,0,0,0,1,0,0,0
83,14,34,3,2,0,0,1,0,3,0.034,3,1,1,0,0,1,2,0,7,1
31,17,5,1,0,0,0,0,0,0,0.014,0,0,1,0,0,0,0,0,1,0
23,11,9,1,0,0,0,0,0,1,0.0327,0,0,1,0,0,1,0,0,3,0
22,11,15,2,0,0,1,0,0,0,0.0,0,0,1,0,0,0,0,0,0,0
26,5,13,3,0,0,0,0,0,1,0.0449,0,0,0,0,0,0,0,0,1,0
21,37,19,5,3,0,1,0,1,5,0.2322,0,0,0,0,0,0,1,0,2,1
39,14,37,4,6,0,2,0,0,8,0.2081,2,1,1,0,1,0,3,0,3,1
37,19,12,1,2,0,0,0,0,1,0.033,0,0,1,0,0,0,0,0,1,0
27,23,13,2,1,0,0,0,0,1,0.0417,0,0,1,0,0,0,0,0,0,0
44,20,16,0,0,0,0,0,0,1,0.0267,2,0,1,0,0,0,0,0,0,0
28,15,0,2,0,0,0,0,0,0,0.0063,0,0,1,0,0,0,0,0,1,0
40,23,18,2,0,0,0,0,0,1,0.0298,0,0,1,0,0,0,0,0,1,0
41,25,0,2,0,0,1,0,2,0,0.0,2,0,1,0,0,0,0,0,1,0
13,22,14,1,0,0,0,0,0,1,0.0439,0,0,1,0,0,0,0,0,1,0
30,18,6,3,0,0,0,0,0,0,0.0,0,0,1,0,0,0,0,0,0,0
30,17,23,2,0,0,0,0,0,0,0.0,0,0,1,0,0,0,0,0,0,0
49,23,56,1,3,0,0,1,0,13,0.2564,1,0,0,0,0,0,1,0,4,1
37,13,17,2,0,0,0,0,0,0,0.0,2,0,1,0,0,0,0,0,0,0
36,10,15,3,1,0,0,0,0,3,0.0709,1,0,1,0,0,0,0,0,0,0
118,30,4,4,0,0,1,0,0,16,0.1382,1,0,1,0,0,0,0,1,3,1
17,9,11,1,1,0,0,0,0,0,0.0086,0,0,1,0,0,0,0,0,1,0
30,10,6,3,1,0,0,0,0,0,0.0,0,0,1,0,0,0,0,0,1,0
35,6,0,3,1,0,0,0,0,0,0.01,0,0,1,0,0,0,0,0,0,0
14,27,27,4,1,0,1,1,2,3,0.2017,3,0,1,0,0,0,2,0,0,1
83,14,20,5,4,0,0,0,1,14,0.1658,0,0,1,0,0,0,1,0,0,1
67,14,27,0,2,0,1,0,1,19,0.2915,4,0,0,0,0,0,0,1,1,1
89,32,35,3,2,0,1,1,1,7,0.0795,1,0,0,0,0,1,0,0,2,1
94,24,20,5,1,0,1,0,0,0,0.0,2,0,1,0,0,0,2,0,0,1
77,24,27,3,2,0,0,0,0,5,0.0686,1,0,0,0,0,1,3,0,0,1
26,14,8,2,0,0,0,0,0,1,0.0238,1,0,1,0,0,0,0,0,2,0
83,25,22,3,1,0,0,3,1,4,0.051,1,0,0,0,0,0,5,1,2,1
44,16,2,3,0,0,0,0,0,2,0.0484,0,0,1,0,0,0,1,0,1,0
92,29,18,5,2,0,0,1,1,7,0.0739,3,0,0,0,1,0,1,0,0,1
34,19,16,2,0,0,0,0,2,0,0.0101,0,0,0,0,0,0,0,0,0,0
107,24,18,5,2,0,1,0,1,13,0.124,0,1,0,0,0,1,0,0,3,1
46,18,16,2,1,0,0,0,0,1,0.0116,0,0,1,0,0,0,1,0,1,0
32,12,10,2,0,0,1,0,0,0,0.0,0,0,1,0,0,1,0,0,1,0
52,19,23,1,0,0,0,0,0,1,0.0118,0,0,1,0,0,0,0,0,3,0
5,24,14,1,1,0,0,0,0,0,0.0486,0,0,0,0,0,1,0,0,0,0
35,15,7,1,1,0,0,0,0,1,0.0186,0,1,0,0,0,0,0,0,2,0
53,27,34,6,2,1,0,0,1,7,0.1363,0,0,1,0,0,0,2,1,3,1
50,39,24,2,3,0,2,1,1,2,0.0312,4,0,0,0,0,0,2,0,0,1
16,14,0,3,0,0,1,0,2,0,0.0006,0,0,1,0,0,0,0,0,1,0
52,19,11,2,0,0,0,0,0,3,0.054,0,0,1,0,0,0,0,0,0,0
36,25,57,1,1,0,0,0,0,0,0.0,0,0,1,0,1,0,1,0,3,1
75,18,11,3,2,1,1,1,1,6,0.0785,2,0,0,0,0,0,2,0,2,1
65,23,19,3,3,0,0,1,3,5,0.0701,3,0,0,0,0,0,1,0,2,1
46,17,57,2,5,0,1,0,0,10,0.2231,1,1,1,0,0,0,5,1,3,1
32,20,30,3,0,0,0,0,0,1,0.0316,0,0,1,0,0,0,0,0,1,0
33,9,12,1,0,0,0,0,0,1,0.0314,0,0,1,0,0,0,0,0,1,0
46,25,22,1,1,0,0,1,0,0,0.0077,0,0,1,0,0,0,0,0,2,0
31,17,4,1,0,0,0,0,0,0,0.0,0,0,0,0,0,0,0,0,0,0
26,20,9,3,0,0,1,1,1,0,0.0,1,0,1,0,0,0,0,0,0,0
26,14,4,1,0,0,0,0,0,3,0.0977,0,0,1,0,0,0,1,0,0,0
75,24,9,2,2,0,2,3,0,10,0.136,1,0,0,0,0,0,2,1,5,1
22,18,11,2,2,0,1,0,0,0,0.0,2,0,1,0,0,0,0,0,1,0
75,19,35,1,3,1,1,1,1,7,0.098,1,0,1,0,0,1,2,0,0,1
43,21,37,3,0,0,0,0,2,3,0.0618,0,0,1,0,0,0,1,0,1,1
76,21,22,2,1,0,0,0,1,9,0.1185,3,1,1,0,0,0,0,0,4,1
117,22,14,5,3,0,1,1,4,6,0.0526,2,0,1,1,0,0,2,0,2,1
100,24,46,0,5,0,0,1,1,16,0.1582,1,0,1,0,1,1,0,1,0,1
34,22,1,2,0,0,0,0,0,0,0.0,1,0,0,0,0,0,0,0,0,0
121,26,35,1,1,0,0,0,1,6,0.0498,1,0,0,0,0,0,2,1,1,1
55,13,0,5,2,0,1,0,1,11,0.2007,3,1,1,0,0,0,2,0,3,1
34,20,26,5,1,0,0,1,1,11,0.3357,2,1,1,0,0,0,3,1,0,1
14,16,0,3,0,0,1,0,0,1,0.0678,0,0,1,0,0,0,0,1,1,0
21,23,7,2,0,0,0,0,2,0,0.0012,1,0,1,0,0,0,0,0,0,0
25,21,12,1,0,0,0,0,0,0,0.0146,1,0,1,0,0,0,0,0,0,0
28,15,14,2,0,0,0,0,1,0,0.0077,1,0,1,0,0,0,0,0,1,0
73,13,24,2,4,0,1,1,2,3,0.0347,2,0,1,0,0,0,2,1,2,1
30,29,36,6,2,0,0,0,0,3,0.1168,1,0,0,0,1,0,1,1,1,1
54,15,0,3,3,0,1,1,1,2,0.0349,2,1,1,0,0,1,2,0,3,1
42,17,15,1,2,0,0,0,1,2,0.0497,1,0,1,0,0,0,1,0,1,0
35,12,2,3,0,0,0,0,0,0,0.0,1,0,1,0,0,0,0,0,0,0
59,19,10,4,3,1,0,2,0,11,0.1806,0,0,1,0,1,0,0,0,3,1
37,20,0,2,0,0,0,0,1,1,0.0368,0,0,1,0,0,0,0,0,1,0
61,16,26,2,3,0,0,0,1,9,0.1551,0,0,0,0,0,0,2,1,3,1
61,29,39,4,1,0,1,1,0,8,0.129,1,0,0,0,0,0,2,0,4,1
50,27,31,2,0,0,0,1,3,13,0.2614,0,0,0,0,0,0,3,0,3,1
42,15,15,2,2,0,0,0,0,0,0.0,0,0,1,0,0,0,0,0,0,0
90,28,50,4,1,0,1,3,0,8,0.0916,4,0,1,0,0,1,1,1,3,1
28,18,7,2,0,0,0,1,2,1,0.0393,0,0,1,0,0,0,1,0,0,0
44,2,35,5,7,1,0,0,2,7,0.1476,2,0,1,0,0,0,5,0,4,1
18,11,13,1,0,0,0,0,0,1,0.0321,0,0,1,0,0,0,0,0,1,0
90,4,35,3,0,0,1,0,0,13,0.1496,2,0,0,0,0,0,0,0,2,1
78,19,35,5,1,0,0,0,1,0,0.0,2,1,0,0,0,0,0,0,3,1
50,8,14,2,0,0,0,0,0,2,0.033,1,0,1,0,0,0,0,0,1,0
4,1,13,2,2,0,0,0,0,0,0.0088,1,0,1,0,0,0,0,0,0,0
38,10,12,1,0,0,0,0,0,0,0.0,0,0,1,0,0,0,0,0,1,0
37,25,24,3,1,1,1,1,0,4,0.1094,5,1,0,1,0,0,1,1,0,1
43,21,22,4,2,0,0,0,2,4,0.1039,2,0,1,0,0,0,3,0,3,1
62,10,35,3,1,0,0,0,1,8,0.1243,0,0,1,0,1,0,4,1,1,1
38,6,19,3,0,0,0,0,0,1,0.0389,1,0,0,0,0,0,0,0,1,0
26,12,11,3,0,0,0,0,1,1,0.0547,2,0,1,0,0,0,0,0,0,0
36,19,3,3,0,0,0,0,0,0,0.0,0,0,1,0,0,0,0,0,0,0
0,20,28,4,0,0,1,0,1,0,0.2806,3,0,0,0,0,0,1,0,4,1
63,28,7,4,2,1,0,0,1,10,0.1587,3,0,1,0,0,0,1,0,0,1
28,20,5,2,0,0,0,1,0,1,0.033,2,0,0,0,0,0,0,0,0,0
19,12,2,2,0,0,0,0,1,1,0.0503,0,0,1,0,0,1,1,0,0,0
23,20,32,3,2,0,2,1,2,4,0.1725,0,0,1,0,0,0,2,1,2,1
0,23,28,1,0,0,0,0,0,0,0.0,1,0,1,0,0,0,0,0,0,0
42,18,2,1,1,0,0,0,2,0,0.0,1,0,1,0,0,0,0,0,2,0
42,11,24,3,1,0,1,0,1,0,0.0,1,0,0,0,0,0,0,0,0,0
102,26,41,7,3,0,0,1,1,16,0.1597,2,0,0,0,0,0,1,1,4,1
89,29,21,2,4,0,0,1,2,14,0.1603,1,1,0,0,1,0,3,1,2,1
66,14,32,5,4,0,0,2,1,13,0.1998,1,0,1,0,0,0,1,1,1,1
88,32,0,2,2,0,0,0,2,16,0.1804,0,0,0,0,1,0,3,0,1,1
47,13,19,2,0,0,0,0,1,1,0.0196,0,0,1,0,0,0,1,0,0,0
24,17,21,3,0,0,0,0,1,0,0.0079,0,0,1,0,0,0,0,0,2,0
60,12,42,4,1,0,0,0,2,3,0.0426,0,0,0,0,0,0,2,1,2,1
27,8,0,2,0,0,0,0,1,0,0.0,0,0,1,0,0,0,0,0,0,0
34,14,17,2,1,0,0,0,1,1,0.0439,0,0,1,0,0,0,0,0,1,0
36,21,18,2,0,0,0,1,0,3,0.0754,0,0,1,0,0,0,0,0,1,0
89,25,25,5,2,0,1,2,1,15,0.1644,1,0,1,0,0,0,0,1,3,1
48,6,30,2,4,0,1,0,0,6,0.116,4,0,1,0,0,0,1,0,4,1
22,9,22,2,0,0,0,1,0,1,0.0455,0,0,1,0,0,0,0,0,0,0
110,32,10,2,5,0,0,1,0,16,0.1495,0,1,0,0,0,0,5,1,3,1
66,20,29,4,4,1,0,0,2,13,0.2045,2,0,0,0,1,0,1,1,2,1
33,29,16,8,2,0,2,0,0,0,0.0,0,1,0,0,0,0,1,1,2,1
77,26,13,3,2,0,0,1,0,0,0.005,1,1,0,0,0,0,2,0,2,1
36,17,8,2,0,0,0,0,0,0,0.0,0,0,1,0,0,0,0,0,1,0
32,14,13,2,1,0,0,0,0,1,0.0183,0,0,1,0,0,0,1,0,1,0
35,5,0,4,1,0,1,0,0,0,0.0107,0,0,1,0,0,0,0,0,1,0
52,14,8,1,0,0,0,0,0,0,0.0,0,0,1,0,0,0,0,0,1,0
19,16,32,3,4,0,0,1,0,4,0.1849,2,1,0,0,0,0,4,1,5,1
33,18,9,2,0,0,0,0,0,1,0.0416,0,0,1,0,0,0,0,0,0,0
38,22,27,3,0,0,0,0,0,0,0.0,0,0,1,0,0,1,0,0,2,0
99,31,36,4,3,0,1,1,1,8,0.0774,1,0,1,0,0,0,2,0,2,1
32,15,2,1,0,0,0,0,0,0,0.0,0,0,1,0,0,0,0,0,0,0
28,20,9,3,0,0,0,0,0,1,0.052,0,0,1,0,0,0,0,0,0,0
48,8,9,3,0,0,0,0,0,0,0.0,0,0,1,0,0,0,0,0,1,0
42,19,0,2,1,0,0,0,0,2,0.0428,2,0,1,0,0,0,1,0,0,0
101,16,14,2,1,0,0,0,1,31,0.3051,1,0,0,0,0,0,2,0,0,1
41,15,18,3,1,0,0,1,1,0,0.01,1,0,0,0,0,0,1,0,1,1
20,13,16,1,0,0,0,0,1,0,0.0145,1,0,1,0,0,0,0,1,4,0
60,33,41,5,4,0,1,0,0,7,0.1096,1,0,1,0,0,0,2,0,2,1
33,17,0,2,0,0,0,0,0,1,0.0281,0,0,1,0,0,0,1,0,1,0
8,12,0,2,1,0,0,0,1,0,0.0358,0,0,0,0,0,0,0,0,2,0
30,26,18,0,0,0,1,0,0,0,0.0045,0,0,1,0,0,0,0,0,0,0
37,16,22,2,1,0,0,1,0,1,0.0365,0,0,1,0,0,0,1,0,2,0
96,38,32,5,4,0,0,0,0,10,0.1094,3,0,0,0,0,0,0,0,0,1
28,9,7,2,1,0,0,0,0,0,0.0,0,0,1,0,0,0,0,0,0,0
61,33,7,4,3,0,0,1,1,9,0.1426,0,0,0,0,0,0,2,0,0,1
86,14,55,5,2,0,1,0,2,1,0.012,2,1,1,0,0,0,2,0,0,1
44,18,5,2,1,0,0,0,0,0,0.0,0,0,1,0,0,0,0,0,1,0
120,27,44,2,3,0,0,0,0,29,0.2417,1,0,1,0,0,1,1,1,2,1
76,32,22,3,5,0,2,0,1,15,0.197,0,0,0,0,0,1,2,0,5,1
37,19,4,3,1,0,2,0,0,1,0.0283,1,0,1,0,0,0,0,0,0,0
58,15,33,1,2,0,1,0,0,8,0.1331,2,1,1,0,0,0,1,1,1,1
35,16,9,2,0,0,0,0,1,0,0.0099,0,0,1,0,0,0,0,0,0,0
102,20,22,3,3,1,0,0,0,0,0.0,2,0,1,0,0,1,2,0,1,1
35,15,0,1,1,0,0,0,0,1,0.0202,2,0,1,0,0,0,0,0,2,0
25,12,14,1,0,0,0,0,0,2,0.0649,1,0,1,0,1,0,0,0,0,0
31,13,9,1,0,0,0,0,0,2,0.0543,0,0,1,0,0,0,0,0,0,0
116,32,36,2,2,0,0,2,0,26,0.2193,2,0,0,0,0,0,1,1,3,1
80,30,34,3,2,0,0,0,1,11,0.139,0,0,0,0,0,0,0,0,1,1
98,24,23,2,3,0,2,1,1,14,0.1438,3,1,1,0,0,0,2,1,1,1
53,17,25,4,5,0,1,0,0,14,0.2669,0,0,1,0,1,0,3,1,4,1
43,24,7,1,0,0,1,0,0,0,0.0,0,0,0,0,0,0,0,1,0,0
64,30,37,0,2,1,0,1,2,6,0.0871,2,0,0,0,0,0,1,0,4,1
17,20,15,1,0,0,0,1,0,1,0.0468,0,0,1,0,0,1,0,0,0,0
91,27,8,3,2,0,1,0,1,4,0.0403,1,0,1,0,0,0,0,0,0,1
4,20,15,2,1,0,0,0,0,0,0.0,1,0,1,0,0,1,0,0,2,0
78,27,43,5,1,0,1,0,0,5,0.0675,1,0,0,0,0,0,2,0,2,1
66,13,3,2,0,0,0,0,0,1,0.0161,0,0,1,0,0,0,0,0,0,0
76,22,18,0,1,0,2,0,0,6,0.0725,0,1,1,0,1,0,2,0,3,1
76,30,31,1,4,0,0,1,1,2,0.0266,1,1,0,0,1,1,3,0,3,1
122,33,29,3,5,0,0,1,1,6,0.0509,1,0,1,0,0,0,1,0,2,1
38,21,0,2,0,0,0,0,1,2,0.0471,0,0,1,0,0,0,0,0,1,0
74,24,36,2,3,0,1,0,1,28,0.3855,4,0,1,0,1,0,0,0,3,1
47,13,6,1,1,0,0,0,0,1,0.0166,0,0,1,0,0,0,0,0,0,0
36,8,13,2,0,0,0,0,0,2,0.0504,2,0,1,0,0,0,0,0,1,0
75,31,42,2,3,0,1,0,1,16,0.2195,4,1,0,0,0,0,4,1,0,1
101,24,29,2,3,0,1,1,0,4,0.0352,2,0,1,0,0,0,2,0,1,1
33,17,11,2,0,0,0,0,0,2,0.0719,0,0,1,0,0,0,0,0,0,0
50,21,10,1,0,0,0,1,0,1,0.0187,1,0,1,0,0,0,0,0,0,0
46,12,14,4,0,0,0,0,0,2,0.0369,0,0,1,0,0,0,0,0,0,0
49,15,3,3,0,0,0,0,1,1,0.0298,1,0,1,0,0,0,0,0,0,0
4,23,18,1,0,0,0,0,2,0,0.0096,1,0,1,0,0,0,0,0,1,0
28,16,25,2,1,0,0,0,1,0,0.0141,1,0,1,0,0,0,0,0,0,0
33,15,2,1,1,0,0,1,0,2,0.0524,0,0,1,0,0,0,0,0,1,0
23,19,25,1,0,0,0,0,0,0,0.0111,0,0,1,0,0,0,0,0,2,0
65,6,29,2,4,0,0,0,0,7,0.11,3,0,0,0,0,0,0,1,2,1
55,34,41,3,4,0,1,0,1,5,0.0973,1,0,0,0,0,1,1,0,6,1
53,28,38,0,2,0,1,2,1,13,0.245,2,0,0,0,0,0,2,0,2,1
21,18,26,3,0,0,0,1,0,0,0.0118,1,0,1,0,0,0,0,0,1,0
61,27,35,2,3,0,0,1,1,15,0.2534,2,0,0,0,0,0,2,1,2,1
94,28,14,3,3,0,0,1,1,14,0.1509,2,0,1,0,0,1,0,1,1,1
90,34,33,5,3,0,0,3,1,9,0.0994,3,0,0,0,1,0,1,1,2,1
81,29,9,6,1,0,2,0,1,7,0.0873,0,0,1,0,0,0,2,0,1,1
20,24,19,2,0,0,0,0,0,1,0.0402,0,0,0,0,0,0,0,0,1,0
25,14,12,2,0,0,0,0,0,0,0.0086,0,0,1,0,0,0,0,0,0,0
44,22,0,1,0,0,0,0,0,8,0.1857,2,1,0,0,0,0,4,1,2,1
89,36,56,5,1,0,0,1,0,25,0.2847,4,0,0,0,0,0,2,1,1,1
75,26,54,2,1,0,0,0,0,8,0.0995,2,0,0,0,0,0,4,0,0,1
32,18,2,1,0,0,0,0,0,1,0.023,0,0,1,0,0,0,0,0,1,0
75,26,15,3,4,0,1,0,0,9,0.1272,3,1,1,0,0,0,3,1,2,1
21,23,18,1,0,0,0,0,0,0,0.0069,0,0,1,0,0,0,0,0,1,0
42,24,12,1,0,0,0,0,0,0,0.0045,0,0,1,0,0,0,0,0,2,0
49,30,0,3,1,0,0,0,1,4,0.0809,0,0,1,0,0,0,2,1,4,1
45,11,4,1,0,0,0,0,0,3,0.0634,0,0,1,0,0,0,0,1,3,0
37,12,15,1,0,0,0,0,0,0,0.0015,0,0,1,0,0,0,0,0,1,0
66,17,11,4,6,0,0,0,2,7,0.1128,2,0,0,0,0,0,3,0,2,1
40,5,30,3,3,0,0,1,1,3,0.0684,0,1,1,0,0,1,5,0,2,1
81,19,12,4,1,0,1,1,1,9,0.1061,1,0,0,0,0,0,2,0,2,1
99,26,56,3,3,0,0,0,1,27,0.271,4,0,1,0,0,0,4,0,2,1
46,19,33,0,0,0,0,1,3,5,0.1143,1,1,0,0,0,0,2,1,2,1
100,16,18,4,2,0,0,1,0,27,0.2642,4,0,0,0,1,0,2,0,1,1
45,10,8,2,0,0,0,0,0,0,0.0,0,0,1,0,0,0,0,0,0,0
65,20,33,0,4,0,3,0,2,0,0.0,1,0,0,0,0,0,2,0,3,1
29,22,20,6,0,0,1,0,1,2,0.0761,3,1,1,0,1,0,1,1,6,1
74,23,12,3,2,0,1,1,0,7,0.1002,3,0,0,0,0,0,2,1,1,1
99,30,55,4,3,0,3,0,0,14,0.145,2,0,1,0,0,0,1,0,0,1
104,37,19,4,2,1,1,0,0,18,0.1739,1,1,0,0,0,0,2,1,2,1
65,25,54,5,2,0,0,1,4,5,0.0696,1,0,1,0,0,1,2,1,5,1
43,24,37,3,3,0,0,1,1,5,0.119,1,0,0,0,0,1,1,0,3,1
54,18,12,4,4,0,1,0,0,4,0.0791,1,0,0,0,0,0,2,1,4,1
64,20,17,1,3,0,1,0,0,0,0.0,3,0,0,0,0,0,1,0,5,1
38,20,29,1,3,0,0,1,2,7,0.1952,0,0,1,0,0,0,1,0,1,1
40,22,0,1,0,0,1,0,1,1,0.0131,0,0,1,0,0,0,0,0,0,0
28,23,10,2,0,0,0,0,0,0,0.0137,0,0,1,0,0,0,0,0,1,0
27,15,4,2,0,0,0,0,0,1,0.0235,0,0,1,0,0,0,0,0,0,0
41,17,10,1,2,0,0,0,1,1,0.0342,1,0,1,0,0,0,0,1,0,0
70,1,39,2,1,0,0,1,0,20,0.2842,0,0,0,1,0,0,2,0,2,1
36,12,0,2,0,0,0,0,0,0,0.0,0,0,1,0,0,0,0,0,0,0
27,35,33,4,2,0,1,2,3,1,0.0342,1,0,0,0,0,1,0,1,3,1
40,18,11,3,1,0,0,0,1,0,0.0,0,0,1,0,0,0,0,0,0,0
33,16,13,2,0,0,0,1,0,1,0.0229,0,0,1,0,0,0,0,0,1,0
75,43,58,3,1,0,2,0,0,6,0.0748,0,0,0,1,0,0,2,0,1,1
29,11,15,2,0,0,0,0,0,2,0.0625,0,0,1,0,0,0,0,0,2,0
32,19,22,2,1,0,1,1,0,1,0.0217,1,0,1,0,0,0,0,0,1,0
94,30,48,2,0,0,1,0,0,10,0.1083,2,0,0,0,0,0,2,0,2,1
31,11,10,1,0,0,0,0,0,1,0.0186,1,0,1,0,0,0,1,0,0,0
17,6,12,3,1,0,0,0,0,1,0.0378,1,0,1,0,0,0,0,0,3,0
9,14,7,1,1,0,0,0,0,1,0.0762,1,0,1,0,0,0,0,0,1,0
66,39,32,2,4,0,1,0,2,0,0.0,2,0,1,0,0,1,2,0,1,1
90,21,47,4,5,0,0,0,3,7,0.0747,2,1,1,0,1,0,0,0,1,1
85,20,30,3,0,0,1,1,0,0,0.0,2,0,1,0,1,1,0,1,2,1
44,20,6,1,0,0,0,0,0,0,0.0039,1,0,1,0,0,0,0,1,1,0
60,14,25,3,1,0,0,0,0,1,0.0245,1,1,0,0,0,1,0,0,1,1
68,15,45,1,1,0,0,0,2,17,0.2512,0,0,1,0,1,0,2,0,4,1
40,20,17,2,0,0,0,0,0,0,0.0,0,0,1,0,0,0,1,0,1,0
30,9,28,1,0,0,0,0,0,1,0.0192,2,0,1,0,0,0,0,0,1,0
31,19,23,2,0,0,0,0,0,2,0.0513,0,0,1,0,0,0,0,0,2,0
110,38,0,1,4,0,1,1,2,22,0.1962,3,0,0,0,0,0,2,0,1,1
33,14,20,1,1,0,0,0,1,1,0.0317,0,0,1,0,0,0,0,0,0,0
90,19,29,4,2,0,1,0,1,7,0.0785,1,1,0,0,0,0,3,1,5,1
51,24,24,2,2,0,0,1,1,4,0.0796,0,0,0,0,0,0,2,1,2,1
31,12,29,3,1,0,1,1,2,2,0.0749,3,0,0,0,0,1,0,0,5,1
60,13,21,2,0,0,0,0,1,3,0.0482,0,0,1,0,0,0,0,0,1,0
40,26,13,2,1,0,0,0,0,0,0.0,0,0,1,0,0,0,0,0,0,0
15,13,25,2,0,0,0,0,0,0,0.0,0,0,1,0,0,0,0,0,2,0
74,24,42,7,3,0,1,1,0,24,0.3191,2,0,0,0,0,1,3,0,2,1
22,14,7,2,0,0,0,0,0,0,0.0146,0,0,0,0,1,0,0,0,1,0
35,23,19,1,0,0,0,0,0,1,0.0145,1,0,1,0,0,0,0,0,0,0
89,19,32,5,5,0,1,1,2,9,0.0962,6,0,1,0,0,0,3,0,2,1
15,15,11,1,0,0,0,0,0,0,0.0327,0,0,1,0,0,0,0,0,1,0
84,10,15,3,1,0,3,2,0,12,0.1388,0,0,1,0,0,0,4,1,1,1
44,20,6,1,1,0,0,0,1,0,0.0051,0,0,1,0,0,0,0,0,2,0
62,33,2,3,5,0,0,0,1,11,0.1736,2,0,1,0,0,0,1,0,2,1
30,14,10,1,0,0,0,0,0,0,0.0134,0,0,1,0,0,0,0,0,2,0
83,25,43,1,1,0,0,0,0,11,0.1271,1,0,0,0,0,0,1,1,0,1
100,21,43,5,2,0,1,0,2,0,0.0037,0,0,1,0,1,0,1,0,3,1
55,17,26,5,3,0,1,0,0,4,0.0809,2,0,0,0,1,0,2,0,2,1
26,17,12,3,0,0,0,0,0,1,0.0326,0,0,1,0,0,0,0,0,3,0
29,16,0,2,2,0,0,0,0,0,0.0,0,0,1,0,0,0,0,0,0,0
34,17,14,1,0,0,0,0,0,4,0.108,0,0,1,0,0,0,0,0,2,0
17,17,17,0,0,0,0,0,0,0,0.0088,0,0,1,0,0,0,0,0,1,0
86,30,32,3,0,0,0,1,1,4,0.0505,3,1,1,0,0,0,1,0,1,1
72,31,0,3,1,0,1,0,3,19,0.2699,2,0,1,0,0,0,2,1,0,1
58,25,13,4,3,0,1,0,1,8,0.1333,4,1,0,0,0,1,2,0,0,1
108,42,47,4,2,0,1,2,1,5,0.0441,0,0,1,0,1,0,3,0,0,1
42,10,28,8,3,0,0,1,0,9,0.2116,1,0,0,0,0,0,1,0,2,1
16,12,11,1,0,0,0,0,0,0,0.0287,0,0,0,0,0,0,1,0,1,0
38,18,13,2,0,0,0,0,0,1,0.0316,0,0,1,0,0,0,0,0,0,0
33,25,0,1,0,0,0,1,0,2,0.0702,0,0,1,0,0,0,0,0,1,0
35,10,20,2,2,0,0,0,2,1,0.0416,1,0,1,0,0,0,0,0,1,0
9,11,0,2,0,0,0,0,0,0,0.0,1,0,1,0,0,1,0,0,0,0
96,32,53,2,1,1,0,1,1,16,0.166,2,1,0,0,0,0,1,0,1,1
35,15,0,2,0,0,0,0,0,1,0.0411,0,0,1,0,0,0,2,0,0,0
19,8,5,2,0,0,0,0,0,1,0.026,1,0,1,0,0,0,1,0,0,0
99,31,46,3,4,0,0,1,0,5,0.0483,0,0,1,0,0,0,2,1,0,1
26,16,1,2,1,0,0,0,0,1,0.0282,0,0,1,0,0,0,1,0,0,0
52,13,9,2,1,0,0,0,0,3,0.0534,0,0,1,0,0,0,0,0,1,0
47,27,28,3,5,0,1,2,2,0,0.0,0,0,1,0,0,0,2,0,1,1
40,20,39,1,2,0,1,1,1,0,0.0,0,0,1,0,0,0,0,1,1,1
82,14,0,5,3,0,1,0,0,7,0.0897,1,1,0,0,0,0,3,1,1,1
75,18,16,1,2,0,1,1,2,5,0.0667,1,0,1,0,0,1,1,1,1,1
23,21,48,4,2,0,1,0,0,2,0.1041,1,0,1,0,0,0,0,0,1,1
72,27,50,4,3,0,0,2,0,16,0.2287,1,0,0,0,0,1,4,0,0,1
43,12,0,1,0,0,0,0,1,1,0.0165,1,0,1,0,0,0,1,0,2,0
17,18,17,2,1,0,0,0,0,1,0.0525,0,0,1,0,0,0,1,0,3,0
39,10,21,1,0,0,0,0,0,1,0.015,0,0,1,0,1,0,0,0,1,0
28,10,0,2,0,0,0,0,0,0,0.0154,0,0,1,0,0,0,0,0,1,0
26,15,28,2,0,0,0,0,0,0,0.0166,0,0,1,0,0,0,0,0,3,0
27,14,14,2,0,0,0,0,0,1,0.0228,0,0,0,0,0,0,0,0,2,0
58,23,74,2,1,0,0,0,1,6,0.1049,2,0,0,0,0,0,0,0,2,1
101,16,28,2,3,0,1,0,1,4,0.0374,1,0,1,0,0,0,4,0,2,1
83,20,45,1,3,1,1,0,0,7,0.0831,2,0,0,1,0,0,3,1,1,1
22,11,5,3,0,0,0,0,0,0,0.0058,0,0,1,0,0,0,0,0,1,0
48,18,0,2,1,0,0,0,0,0,0.0,1,0,1,0,0,0,0,0,0,0
37,11,6,1,1,0,1,0,0,0,0.0,0,0,1,0,0,1,0,0,3,0
17,10,6,2,1,0,0,0,0,0,0.0,1,0,1,0,0,0,0,0,1,0
73,13,7,4,4,0,1,0,0,1,0.0176,2,0,0,0,0,0,4,0,3,1
108,24,24,1,0,0,0,0,1,9,0.0858,1,0,1,0,1,0,3,0,5,1
63,18,35,4,3,0,1,1,1,7,0.1172,2,1,0,0,0,0,3,1,1,1
76,38,39,3,2,0,0,0,2,13,0.1688,3,1,0,0,1,0,1,1,3,1
12,29,40,4,1,0,0,0,0,1,0.0828,2,0,0,0,0,0,2,0,2,1
33,13,15,2,2,0,0,0,0,0,0.0075,0,0,1,0,0,0,0,0,1,0
77,20,43,3,0,0,1,1,3,15,0.188,0,1,1,0,0,0,0,0,3,1
90,21,15,5,4,0,1,0,0,11,0.1248,2,0,0,0,0,0,1,0,0,1
18,12,9,2,0,0,0,0,0,1,0.0407,0,0,1,0,0,1,0,0,2,0
95,15,17,3,3,0,2,1,3,16,0.1666,2,0,1,0,0,0,3,0,0,1
41,14,12,2,0,0,0,0,0,2,0.0481,0,0,1,0,0,0,0,0,0,0
34,19,25,2,0,0,0,0,1,0,0.0,0,0,1,0,0,0,0,0,1,0
71,20,17,3,5,0,0,0,1,14,0.1935,0,0,1,0,0,0,0,0,3,1
44,22,3,3,0,0,0,0,0,0,0.0,0,0,1,0,0,0,0,0,3,0
60,23,33,2,1,0,2,1,2,4,0.065,2,1,1,0,0,1,2,0,1,1
30,16,19,1,0,0,1,0,0,0,0.0153,1,0,1,0,0,0,0,0,0,0
74,19,26,2,2,0,1,0,2,11,0.1437,3,0,0,1,0,0,3,1,3,1
31,17,13,1,0,0,0,0,0,0,0.0077,1,0,1,0,0,0,0,0,0,0
55,12,9,2,2,0,0,0,2,0,0.0,0,0,0,0,0,0,0,0,0,0
57,20,34,5,7,0,2,0,2,11,0.1907,0,0,0,0,0,0,1,1,2,1
71,44,19,3,2,0,1,2,2,8,0.1142,2,0,1,0,0,0,2,0,2,1
71,27,19,4,3,0,0,1,0,3,0.0472,2,0,0,0,0,0,4,1,3,1
35,12,10,1,1,0,1,0,1,3,0.0797,1,0,1,0,0,0,1,0,0,0
45,13,19,2,2,0,0,0,0,4,0.0904,1,0,1,0,0,0,0,0,1,0
62,32,23,4,1,0,0,0,1,7,0.1157,1,0,1,0,0,0,0,0,3,1
44,18,0,2,0,0,1,0,1,0,0.0,2,0,1,0,0,0,0,0,4,0
19,12,5,2,0,0,0,0,0,1,0.0274,1,0,1,0,0,0,0,0,2,0
45,13,18,2,0,0,0,0,0,0,0.0,0,0,1,0,0,0,0,0,1,0
39,25,19,1,3,1,0,1,1,4,0.0893,4,0,0,0,0,1,4,1,0,1
58,22,34,7,4,0,0,0,3,5,0.0827,1,0,1,0,0,0,0,1,2,1
53,18,10,6,3,0,1,1,0,13,0.2453,0,0,0,0,0,0,1,0,0,1
59,25,0,1,0,0,0,0,0,1,0.0203,1,0,1,0,0,0,0,0,1,0
90,27,58,4,2,1,1,0,0,13,0.1483,0,0,0,0,0,0,0,0,2,1
69,13,34,3,1,0,3,1,1,8,0.1176,1,0,1,0,0,0,1,0,1,1
33,5,7,2,1,0,0,0,0,0,0.0089,1,0,1,0,0,0,0,0,0,0
23,15,2,2,0,0,0,1,0,1,0.0255,1,0,1,0,0,0,0,0,0,0
57,18,13,5,4,0,2,2,1,5,0.0904,0,0,0,0,0,0,2,0,3,1
46,24,0,4,4,0,0,0,2,8,0.1652,1,0,0,0,0,0,2,0,1,1
5,11,19,2,0,0,0,0,0,0,0.0514,1,0,1,0,0,0,0,0,0,0
41,16,10,2,2,0,0,0,0,2,0.0423,0,0,1,0,0,0,0,0,1,0
92,32,39,5,1,0,0,0,4,5,0.0554,2,0,1,0,1,1,1,0,3,1
33,21,11,2,1,0,0,0,0,0,0.0029,1,0,1,0,0,1,0,0,2,0
68,32,40,3,2,0,1,0,1,13,0.193,2,1,0,0,0,0,0,0,2,1
17,10,14,2,0,0,0,0,2,0,0.0098,0,0,1,0,0,0,0,0,1,0
35,11,20,2,1,0,0,0,0,0,0.0,1,0,1,0,0,1,0,0,1,0
61,24,37,3,1,0,1,0,1,7,0.1141,3,0,0,0,0,0,2,0,3,1
73,23,28,4,4,0,1,0,0,9,0.1169,1,0,0,0,0,0,2,0,0,1
97,19,45,3,4,0,0,0,0,11,0.112,1,1,0,0,0,0,0,1,2,1
78,24,33,6,6,0,0,0,0,4,0.0497,0,1,1,0,0,0,4,0,2,1
121,22,23,3,5,0,0,0,3,12,0.0964,0,0,1,0,0,1,1,0,3,1
22,15,11,3,0,0,0,0,1,1,0.0373,2,0,1,0,0,0,0,0,1,0
17,16,17,1,0,0,0,0,0,0,0.0,0,0,1,0,0,0,0,0,0,0
39,19,9,1,1,0,1,0,0,2,0.0443,0,0,1,0,0,0,0,0,1,0
72,17,17,2,4,0,2,0,1,12,0.1634,0,1,0,0,1,0,1,1,2,1
53,10,23,4,2,0,1,0,2,9,0.1738,0,0,1,0,0,0,0,0,0,1
55,24,40,3,3,0,1,0,1,9,0.1616,2,1,0,0,0,0,2,1,0,1
66,3,12,4,4,0,0,0,1,13,0.1931,0,0,0,0,0,0,1,0,3,1
76,19,35,2,3,0,1,1,1,14,0.1885,1,0,0,0,0,1,1,1,1,1
8,11,0,1,0,0,1,0,0,0,0.0206,2,0,1,0,0,0,0,0,0,0
26,12,13,3,1,0,0,0,0,1,0.025,0,0,1,0,0,0,0,0,1,0
83,27,29,0,3,0,1,2,1,17,0.2088,1,0,1,0,0,0,1,1,2,1
44,13,6,2,2,0,0,1,0,2,0.0344,0,0,1,0,0,0,0,0,1,0
32,18,10,1,0,0,0,0,0,2,0.0535,0,0,1,0,0,0,0,1,0,0
49,18,2,1,2,0,0,0,1,4,0.0762,0,0,1,0,0,0,0,0,1,0
21,38,22,5,0,0,0,0,0,3,0.1607,0,0,1,0,0,0,3,0,2,1
49,9,0,2,0,0,0,0,0,1,0.0138,1,0,1,0,0,0,1,0,0,0
25,16,4,3,2,0,0,0,0,0,0.0,0,0,1,0,0,0,0,0,1,0
87,10,28,2,2,0,1,0,1,7,0.076,2,0,0,0,0,1,1,1,1,1
24,19,15,1,0,0,0,0,1,0,0.0,1,0,1,0,0,0,0,0,0,0
40,23,8,3,2,1,1,0,2,9,0.2242,4,1,0,0,0,0,2,0,2,1
52,26,5,0,1,0,0,1,1,8,0.149,1,0,1,0,0,0,4,0,3,1
38,18,23,1,0,0,0,0,0,1,0.0243,0,0,1,0,0,1,0,0,0,0
30,9,22,1,2,0,0,0,0,0,0.0021,0,0,1,0,0,0,1,0,0,0
84,15,32,3,3,0,0,0,1,2,0.025,0,0,1,0,1,0,2,1,1,1
96,24,16,2,3,0,0,0,2,16,0.1653,2,0,0,0,0,0,3,0,2,1
42,13,47,1,0,0,0,0,0,1,0.0219,2,1,1,0,0,0,0,0,0,0
53,30,55,3,2,0,0,2,3,0,0.0007,1,0,0,0,1,0,4,0,1,1
19,19,22,2,0,0,0,0,0,0,0.0,1,0,1,0,0,0,1,0,0,0
75,38,29,4,3,0,0,0,0,19,0.2463,2,0,1,0,1,0,1,0,3,1
89,34,18,2,4,0,0,0,1,15,0.1649,0,0,1,0,0,1,5,1,2,1
57,16,35,4,1,0,0,0,2,6,0.106,3,0,1,0,0,0,1,1,0,1
34,13,12,2,0,0,0,1,1,2,0.0566,0,0,1,0,0,0,0,0,1,0
17,17,6,1,1,0,0,0,0,1,0.0588,0,0,1,0,0,0,0,0,1,0
17,8,6,2,0,0,0,0,1,0,0.0014,0,0,1,0,0,1,0,0,0,0
115,31,32,3,1,0,1,1,3,14,0.1256,0,0,1,0,0,0,2,1,2,1
63,15,6,2,0,0,0,0,1,0,0.0,1,0,1,0,0,0,0,0,1,0
28,12,12,1,0,0,0,0,0,2,0.0587,0,0,1,0,0,0,0,0,1,0
28,14,19,2,0,0,0,0,0,1,0.0382,0,0,1,0,0,0,0,0,2,0
41,11,8,2,0,0,0,0,0,2,0.0431,0,0,1,0,0,0,0,0,2,0
51,15,23,5,2,0,0,0,2,3,0.0586,3,1,0,0,0,0,4,0,1,1
24,13,6,3,0,0,0,0,0,0,0.0094,0,0,1,0,0,0,0,0,1,0
44,27,47,4,2,0,1,1,0,6,0.1318,2,0,0,0,0,0,2,0,3,1
42,10,1,2,1,0,0,0,1,1,0.0125,0,0,1,0,0,0,1,0,2,0
36,7,25,2,2,0,0,0,2,3,0.0965,1,0,0,0,0,0,3,1,2,1
47,14,5,3,0,0,0,0,0,3,0.064,0,0,1,0,0,0,0,0,1,0
19,10,17,1,1,0,0,0,0,0,0.0027,0,0,1,0,0,0,0,0,0,0
66,22,10,1,0,0,0,0,0,2,0.0296,2,0,0,0,0,0,0,0,2,0
45,12,9,1,2,1,0,0,0,2,0.036,0,0,1,0,0,0,0,0,4,0
21,21,20,1,0,0,0,0,1,1,0.039,0,0,1,0,0,0,0,0,1,0
55,17,1,3,1,0,0,0,2,3,0.0616,2,0,0,1,0,0,3,1,2,1
68,27,0,3,2,0,0,0,0,16,0.228,1,1,0,0,0,0,2,0,0,1
38,17,18,1,1,0,1,0,0,0,0.0,0,0,1,0,0,1,0,0,1,0
21,8,0,3,1,0,0,0,1,0,0.0,0,0,1,0,0,0,1,0,3,0
44,10,11,1,0,0,0,0,0,0,0.0098,1,0,1,0,0,0,0,0,1,0
11,11,13,2,1,0,0,0,0,0,0.0112,0,0,1,0,0,0,0,0,0,0
28,11,0,1,3,0,0,0,0,1,0.0521,0,0,1,0,0,0,1,0,2,0
39,20,4,1,2,0,1,0,2,0,0.0022,1,0,1,0,0,0,0,0,0,0
76,29,15,3,2,0,0,1,1,7,0.0958,1,0,0,0,0,0,1,1,0,1
43,25,24,3,0,0,1,1,0,7,0.1626,0,0,1,0,0,0,0,1,1,1
49,24,51,4,1,0,1,0,0,7,0.1516,1,1,0,0,0,0,0,0,2,1
86,22,46,5,5,0,0,1,0,11,0.1304,1,0,1,0,0,0,3,0,1,1
94,41,33,2,2,0,1,0,2,2,0.0252,1,0,1,0,0,0,5,1,3,1
52,17,40,5,0,0,1,2,0,0,0.0,2,0,0,0,0,0,0,1,4,1
30,25,44,4,2,0,3,0,2,4,0.1416,1,0,1,0,0,0,1,1,3,1
87,12,18,2,0,0,1,1,0,13,0.1519,0,0,1,0,0,0,0,1,1,1
56,30,8,2,3,0,0,1,0,3,0.0532,2,0,1,0,0,0,1,0,1,1
55,16,30,2,2,0,1,0,1,10,0.1802,3,0,0,0,0,0,3,1,2,1
102,36,56,4,3,0,1,1,0,10,0.0943,1,0,1,0,0,1,2,1,4,1
40,21,9,2,0,0,1,0,1,0,0.007,1,0,1,0,0,0,0,1,0,0
35,12,8,1,0,0,1,0,0,3,0.0738,1,0,1,0,0,0,1,0,3,0
18,1,25,3,0,0,0,0,0,0,0.0162,0,0,1,0,0,0,0,0,0,0
50,15,10,2,0,0,0,0,0,3,0.0514,1,0,1,0,0,0,0,0,2,0
70,33,28,5,10,1,0,1,2,19,0.2658,3,0,0,1,0,1,1,1,0,1
32,25,0,3,1,0,0,0,0,0,0.0,0,0,1,1,0,0,2,0,2,1
49,18,0,3,0,0,0,0,0,2,0.0437,1,0,1,0,0,0,0,0,2,0
46,24,28,3,2,0,1,0,0,7,0.1564,1,0,1,0,0,0,2,1,1,1
19,17,15,1,0,0,0,0,0,0,0.0109,0,0,1,0,0,0,0,0,0,0
104,24,62,4,4,0,0,1,1,17,0.1642,0,0,0,0,0,0,0,1,2,1
28,11,7,2,0,0,0,0,1,1,0.0289,1,0,1,0,0,0,0,0,0,0
27,14,2,2,0,0,0,0,0,2,0.0671,0,0,1,0,0,0,0,0,0,0
79,22,23,3,3,1,2,0,1,21,0.2617,1,0,0,0,1,0,1,1,1,1
41,14,15,1,1,0,0,0,0,0,0.0,0,0,1,0,0,0,0,0,2,0
62,15,24,5,4,0,0,1,0,11,0.1794,3,0,0,0,0,0,3,0,0,1
36,27,12,2,0,0,0,0,0,0,0.0,0,0,1,0,0,0,0,0,1,0
44,12,31,6,1,0,1,0,0,6,0.1422,1,0,1,0,0,0,4,1,1,1
91,22,0,4,1,0,1,0,0,14,0.1529,2,0,0,0,0,0,2,1,1,1
17,19,26,1,0,0,0,0,0,1,0.0396,0,0,1,0,0,0,0,0,0,0
46,14,13,1,0,0,0,0,0,2,0.0348,0,0,1,0,0,0,0,0,1,0
14,16,7,1,0,0,0,0,0,0,0.0338,0,0,1,0,0,0,0,0,1,0
39,9,10,2,0,0,0,0,0,2,0.0427,1,0,0,0,0,0,0,0,1,0
43,9,7,2,0,0,0,0,0,0,0.0052,0,0,1,0,0,0,0,0,1,0
21,12,10,2,1,0,0,0,0,1,0.0431,0,0,1,0,0,0,1,0,0,0
58,36,18,2,1,0,2,1,1,12,0.2042,0,1,0,0,0,1,1,0,2,1
17,14,0,2,2,0,0,1,0,0,0.0,0,0,1,0,0,0,0,0,0,0
26,6,1,2,1,0,0,0,0,1,0.0265,0,0,1,0,0,0,1,0,0,0
87,31,31,6,0,0,1,3,4,8,0.0976,2,0,1,0,0,1,1,0,1,1
12,18,24,2,2,0,0,2,1,0,0.0,0,0,0,0,0,0,0,0,1,1
32,16,0,3,0,0,0,0,0,3,0.0877,1,0,1,0,0,0,0,0,1,0
85,18,3,4,4,0,1,1,0,6,0.0709,4,0,0,0,0,0,1,0,5,1
68,25,16,5,1,0,0,0,2,1,0.0174,1,0,0,0,0,0,1,0,1,1
58,25,26,2,3,0,2,1,0,20,0.346,1,1,0,0,0,0,0,1,1,1
64,5,46,2,1,0,0,0,1,11,0.1789,0,0,1,0,1,0,1,0,0,1
0,8,5,1,0,0,0,0,0,0,0.0063,0,0,1,0,0,0,0,0,1,0
10,14,4,3,0,0,0,0,0,0,0.0386,0,1,1,0,0,0,0,1,1,0
51,15,10,1,1,0,0,0,0,2,0.0437,1,0,1,0,0,0,0,0,1,0
85,29,1,4,1,0,0,1,1,10,0.1184,3,0,0,0,0,0,4,0,4,1
68,17,10,2,3,1,0,0,1,12,0.176,1,0,0,0,0,0,4,1,2,1
18,16,20,2,1,0,0,0,0,1,0.0592,1,0,1,0,0,0,0,0,0,0
33,21,21,1,1,0,0,0,0,1,0.0366,1,0,1,0,0,0,0,0,0,0
27,15,2,1,0,0,0,0,0,1,0.026,0,0,1,0,0,0,0,0,0,0
64,42,10,3,0,0,0,0,0,2,0.0293,2,0,1,1,0,0,4,1,2,1
23,11,10,2,0,0,0,0,1,0,0.0133,0,0,1,0,0,0,0,0,2,0
38,23,26,5,5,0,0,1,0,7,0.1875,0,0,1,0,0,0,3,0,3,1
51,31,36,1,2,0,0,0,0,4,0.0794,1,1,0,0,0,0,1,0,1,1
32,15,16,2,0,0,0,0,0,0,0.0,0,0,1,0,0,0,0,0,1,0
29,27,52,5,1,0,0,0,2,6,0.1967,1,0,0,0,1,0,4,0,1,1
38,24,2,2,0,0,1,0,0,2,0.0445,0,0,1,0,0,0,0,0,0,0
18,20,21,2,0,0,0,0,0,0,0.0005,1,0,1,0,0,0,0,0,1,0
49,13,2,1,1,0,0,0,1,1,0.0194,1,0,1,0,0,0,0,0,0,0
28,12,0,2,0,0,0,0,0,1,0.0191,0,0,1,0,0,0,0,0,0,0
67,34,7,5,2,0,2,0,2,8,0.1193,2,0,0,0,0,0,3,0,5,1
32,17,24,3,2,0,0,1,1,12,0.3684,2,0,1,0,0,0,5,0,1,1
99,26,50,2,4,0,1,1,0,6,0.0591,2,0,1,0,0,0,2,0,1,1
32,18,4,2,1,0,0,0,0,3,0.0851,0,0,1,0,0,0,0,0,1,0
22,13,5,0,1,0,0,0,0,1,0.0333,2,0,1,0,0,0,0,0,0,0
32,21,18,1,0,0,0,0,0,1,0.0367,1,0,1,0,0,0,0,0,0,0
17,16,8,1,0,0,0,0,1,0,0.0,0,0,1,0,0,0,0,0,2,0
65,24,21,3,2,1,0,0,0,8,0.1184,0,0,0,0,0,0,3,0,1,1
18,18,10,2,0,0,0,0,1,0,0.0078,0,0,1,0,0,0,0,0,0,0
82,25,68,6,1,1,0,0,0,12,0.1492,0,1,0,0,0,0,1,1,3,1
73,39,32,3,2,0,0,1,1,13,0.1773,2,0,1,0,0,0,1,1,4,1
70,25,32,3,2,1,0,0,0,15,0.2181,1,1,1,0,0,1,5,1,3,1
71,29,10,5,2,0,0,0,3,0,0.0,0,1,0,0,0,0,1,1,1,1
33,15,16,3,1,0,0,0,2,1,0.0317,0,0,1,0,0,0,0,0,0,0
24,17,7,2,0,0,0,0,0,0,0.0,0,0,0,0,0,0,0,0,2,0
36,11,0,3,0,0,2,0,1,0,0.007,1,0,1,0,0,0,0,0,2,0
46,14,1,2,2,0,1,0,0,1,0.0257,0,0,1,0,0,0,0,0,1,0
10,12,25,3,1,0,0,0,0,0,0.0,0,0,1,0,0,0,0,0,1,0
105,12,33,5,1,0,3,0,0,0,0.0,0,0,1,0,0,0,3,0,3,1
15,13,0,2,0,0,1,0,2,0,0.025,1,0,1,0,0,0,0,0,2,0
62,15,31,3,1,0,0,1,0,8,0.1246,2,0,0,0,0,1,0,0,1,1
64,17,1,2,0,0,1,0,0,0,0.0,0,0,1,0,0,0,0,0,0,0
30,35,55,5,1,0,0,0,1,3,0.0917,2,1,0,0,0,0,5,0,1,1
43,15,24,1,1,0,0,0,0,0,0.0045,0,0,1,0,0,0,0,0,0,0
54,28,18,3,4,0,0,0,1,6,0.1177,0,0,1,0,0,0,3,1,3,1
48,19,16,1,0,0,0,0,0,4,0.0814,1,0,1,0,0,0,0,0,1,0
93,29,26,4,2,0,2,0,1,13,0.1391,2,0,0,0,1,1,0,0,0,1
71,24,28,5,1,1,2,1,0,22,0.3067,2,1,1,0,1,0,0,0,2,1
43,19,8,1,0,0,0,0,0,3,0.0679,0,0,1,0,0,0,0,0,0,0
63,16,55,3,1,0,0,0,0,3,0.0498,1,0,0,0,0,0,2,0,2,1
31,13,37,0,0,0,0,1,2,2,0.0646,1,0,0,0,0,0,2,0,2,1
54,28,29,3,1,0,0,0,0,7,0.1275,1,0,1,0,0,1,1,0,2,1
12,21,11,1,0,0,0,0,0,1,0.0546,0,0,1,0,0,0,0,1,1,0
12,9,6,3,0,0,0,0,0,0,0.0,0,0,1,0,0,0,0,0,0,0
32,17,9,2,0,0,0,0,0,2,0.0654,0,0,1,0,0,0,0,0,0,0
27,32,55,3,4,0,0,0,0,2,0.0768,0,0,0,0,0,0,2,0,0,1
37,13,9,1,0,0,0,0,1,1,0.0171,1,0,1,0,0,1,0,0,1,0
36,11,12,3,0,0,0,0,0,2,0.0448,1,0,1,0,0,0,0,0,2,0
39,31,14,3,1,0,0,1,0,1,0.0355,0,0,1,0,0,0,2,0,1,1
90,38,21,5,1,0,0,0,1,5,0.0514,0,0,0,0,0,1,1,1,1,1
9,11,0,2,1,0,0,0,0,0,0.0322,0,0,1,0,0,0,0,0,0,0
69,23,32,4,1,0,1,0,0,7,0.1012,3,0,1,0,0,1,2,0,2,1
85,31,9,3,2,0,1,0,2,5,0.0533,3,0,1,0,0,0,1,0,1,1
71,31,27,1,2,0,0,2,1,9,0.1333,2,0,1,0,0,0,0,0,3,1
64,27,0,4,2,0,1,1,1,8,0.1201,0,0,1,0,0,0,2,0,3,1
18,13,12,0,2,0,2,4,2,2,0.1035,4,1,0,0,0,0,1,1,2,1
76,21,34,4,2,0,1,1,1,8,0.0989,0,0,0,1,0,0,2,1,1,1
48,34,20,3,3,0,0,0,0,11,0.2229,3,0,0,0,0,0,0,0,3,1
102,25,37,4,2,0,0,1,1,15,0.1485,0,0,1,0,0,1,1,0,3,1
34,20,10,1,0,0,0,0,1,3,0.0808,0,0,1,0,0,0,0,0,1,0
30,16,13,2,0,0,0,0,0,1,0.0203,0,0,1,0,0,0,1,0,1,0
64,18,53,2,1,0,2,0,0,6,0.096,3,0,0,0,0,1,2,1,1,1
76,21,31,2,3,0,0,1,0,9,0.1221,2,1,0,0,0,0,2,0,3,1
25,13,1,1,0,0,0,0,0,0,0.0083,0,0,1,0,0,0,0,0,0,0
29,24,12,3,2,0,0,2,1,3,0.0985,1,0,0,0,1,0,1,0,2,1
25,20,12,2,1,0,0,0,0,0,0.0,0,0,1,0,0,0,0,0,0,0
77,12,33,3,5,0,0,1,1,7,0.0964,2,0,0,0,0,0,1,0,1,1
34,20,18,2,0,0,0,0,1,3,0.0751,0,0,1,0,0,0,0,0,0,0
70,35,16,2,2,1,1,1,2,9,0.1285,0,0,1,0,0,0,3,0,2,1
27,0,9,1,1,0,0,0,0,1,0.0237,0,0,1,0,0,0,0,0,0,0
22,9,0,2,1,0,0,0,1,1,0.0469,0,0,1,0,0,0,0,0,0,0
70,21,24,5,0,1,2,2,0,12,0.1706,4,1,1,0,1,0,2,1,3,1
31,26,7,4,1,0,1,0,1,5,0.1551,3,1,0,0,0,0,0,1,2,1
38,19,13,2,0,0,0,0,0,3,0.0806,0,0,0,0,0,0,0,1,0,0
62,16,23,4,5,0,1,1,2,8,0.1343,2,0,1,0,0,0,1,0,3,1
57,26,39,3,2,0,1,2,0,6,0.1105,1,0,0,0,0,1,1,0,0,1
1,44,4,6,0,0,3,1,0,0,0.1649,1,0,1,0,0,1,3,0,2,1
71,21,33,2,6,0,1,0,1,10,0.1444,1,0,0,0,0,0,2,0,1,1
34,15,7,3,0,0,0,0,1,0,0.0075,0,0,1,0,0,0,0,0,0,0
28,16,16,2,1,0,0,0,0,1,0.0262,0,0,1,0,0,0,0,0,2,0
40,13,0,1,0,0,0,0,0,2,0.0434,0,0,1,0,0,0,0,1,2,0
32,19,8,2,0,0,1,0,0,2,0.0713,0,0,1,0,0,0,0,0,1,0
30,5,11,1,1,0,0,0,0,1,0.0411,1,0,1,0,0,0,0,0,0,0
68,16,21,3,3,0,0,0,0,18,0.2596,3,0,0,0,0,0,0,0,6,1
38,23,2,2,1,0,0,0,1,1,0.0372,0,0,1,0,0,0,0,0,2,0
43,33,43,4,1,0,0,0,0,4,0.0876,2,0,1,0,0,0,1,0,2,1
39,12,15,2,0,0,0,0,1,0,0.0062,0,0,1,0,0,0,0,0,0,0
45,16,5,2,0,0,0,0,1,1,0.0234,1,0,1,0,0,0,0,0,0,0
24,7,3,1,0,0,0,0,1,0,0.0179,1,0,1,0,0,0,0,0,2,0
52,19,35,4,3,0,0,1,0,0,0.0,0,0,0,0,0,0,1,0,2,1
30,17,9,2,1,0,0,0,0,1,0.0394,0,0,1,0,0,1,0,0,1,0
23,15,0,1,1,0,0,1,2,2,0.068,0,0,1,0,0,0,0,0,1,0
19,19,21,2,0,0,0,0,0,1,0.0462,0,0,1,0,0,1,0,0,1,0
66,29,19,3,0,0,1,0,2,10,0.1538,3,0,0,0,0,1,0,1,1,1
48,26,32,5,1,0,1,0,1,2,0.0488,2,0,1,0,0,0,1,1,2,1
70,21,42,4,1,0,0,1,1,9,0.1252,2,0,0,0,0,0,1,0,0,1
40,14,2,1,0,0,1,0,0,1,0.032,0,0,0,0,0,0,0,0,1,0
32,22,0,2,0,0,0,0,0,0,0.0015,0,0,1,0,0,0,0,0,1,0
69,33,19,5,2,0,1,1,1,11,0.161,5,1,1,0,0,0,1,0,2,1
99,27,37,3,1,1,1,1,4,17,0.1681,1,0,1,0,0,1,2,1,4,1
21,11,3,1,1,0,0,0,1,1,0.0336,0,0,1,0,0,0,0,0,0,0
43,7,7,1,0,0,0,0,0,0,0.0,0,0,0,0,0,0,0,0,0,0
116,7,14,4,2,0,0,0,0,13,0.1127,0,0,1,0,0,1,1,0,2,1
46,17,8,3,0,0,0,0,0,0,0.0,1,0,1,0,0,0,0,0,0,0
80,16,35,4,4,0,0,0,0,8,0.1006,1,1,1,0,1,0,2,1,6,1
86,30,49,5,3,0,0,0,1,0,0.0,0,0,1,0,0,0,2,0,2,1
46,11,0,3,0,0,0,0,0,3,0.0686,0,0,1,0,0,0,0,0,1,0
26,16,15,2,1,0,0,0,0,1,0.0402,0,0,1,0,0,0,0,0,4,0
42,11,0,2,0,0,0,0,0,4,0.0984,0,0,1,0,0,0,0,0,2,0
35,16,0,0,0,0,0,0,0,1,0.0288,2,0,1,0,0,0,0,0,2,0
32,24,8,1,1,0,0,0,0,1,0.0198,0,0,1,0,0,0,0,0,0,0
46,15,16,2,1,0,1,0,0,1,0.0203,0,0,0,0,0,0,0,1,0,0
56,21,20,2,3,0,0,1,0,0,0.0,1,0,0,0,0,0,1,0,3,1
35,14,6,2,1,0,0,0,0,3,0.0817,0,0,1,0,0,0,0,0,1,0
70,16,55,3,1,0,0,0,0,4,0.0623,3,0,0,0,0,0,2,0,3,1
18,8,0,1,0,0,0,0,0,0,0.016,0,0,1,0,0,0,0,0,1,0
34,17,6,3,0,0,0,0,0,1,0.0335,0,0,1,0,0,0,0,0,2,0
84,35,20,2,3,0,0,0,1,1,0.013,3,0,0,0,0,0,1,1,3,1
33,23,25,4,2,0,0,1,1,0,0.0,1,1,0,0,0,0,4,1,5,1
98,11,44,4,1,0,1,0,1,0,0.0,1,0,1,0,0,0,3,0,1,1
26,24,6,2,0,0,0,0,0,1,0.0359,0,0,1,0,0,0,0,0,1,0
26,2,4,3,1,0,0,0,0,1,0.0197,0,0,1,0,0,0,0,0,0,0
68,24,33,4,5,0,0,2,1,25,0.369,1,0,0,0,0,1,2,0,1,1
62,27,55,4,2,0,1,0,1,8,0.1319,3,0,1,0,0,0,1,0,0,1
67,38,42,3,2,0,0,0,0,9,0.1363,0,0,0,0,0,0,3,1,1,1
51,20,2,1,0,0,0,0,0,3,0.0635,0,0,1,0,0,0,0,0,0,0
148,14,52,0,2,0,1,0,0,36,0.2421,0,0,0,0,0,0,4,0,1,1
41,22,9,2,0,0,0,0,2,1,0.0356,0,0,1,0,0,0,0,0,0,0
79,23,1,3,1,0,1,0,2,15,0.1884,2,1,0,0,0,1,4,1,0,1
29,16,13,2,0,0,0,0,0,1,0.0389,0,0,1,0,0,0,0,0,0,0
39,11,15,2,0,0,0,0,0,0,0.004,0,0,1,0,0,0,0,0,0,0
24,23,15,3,0,0,0,0,0,0,0.0,1,0,1,0,0,0,0,0,1,0
86,27,31,2,2,0,0,1,0,14,0.1692,2,1,0,0,0,0,1,0,2,1
39,26,14,2,0,0,0,0,0,1,0.0296,0,0,1,0,0,0,0,0,0,0
55,17,35,5,3,0,1,2,1,0,0.0,3,0,1,0,0,0,2,1,4,1
31,10,2,1,0,0,0,0,2,1,0.048,2,0,1,0,0,0,0,0,0,0
29,22,23,5,1,0,3,1,1,2,0.0852,0,0,0,0,0,0,3,1,1,1
38,14,17,2,0,0,0,0,0,0,0.006,1,0,1,0,0,0,0,0,1,0
96,24,5,2,0,0,0,1,2,17,0.1806,0,0,0,0,0,1,0,0,3,1
50,7,4,3,0,0,0,0,0,3,0.053,1,0,1,0,0,0,0,0,1,0
92,30,26,3,1,1,0,0,0,1,0.0137,1,0,1,0,0,0,0,1,1,1
53,31,24,4,2,0,0,0,3,4,0.0791,1,0,1,0,0,0,4,0,2,1
35,14,14,1,0,0,0,0,1,2,0.0474,0,0,1,0,0,0,0,0,0,0
29,8,19,1,2,0,0,0,0,1,0.0307,0,0,1,0,0,0,0,0,0,0
79,30,16,5,1,0,0,0,0,3,0.0439,2,0,1,0,0,1,3,0,1,1
54,22,11,2,1,0,1,0,0,0,0.0,1,0,0,0,0,0,0,0,1,0
37,16,0,1,0,0,0,0,0,0,0.0083,2,0,1,0,0,0,0,0,2,0
43,20,0,0,4,0,1,0,1,7,0.1545,2,0,1,0,1,0,2,1,2,1
58,16,13,1,0,0,0,0,1,3,0.0523,0,0,1,0,0,0,0,0,3,0
13,21,20,1,0,0,1,0,0,0,0.0255,0,0,1,0,0,0,0,0,0,0
45,13,2,1,0,0,0,0,1,0,0.0,0,0,1,0,0,0,0,0,1,0
95,8,40,3,1,0,1,0,0,21,0.2196,0,0,0,0,1,0,3,1,1,1
74,37,13,4,3,1,0,1,0,14,0.1946,1,0,1,0,0,1,2,0,3,1
46,28,9,3,0,0,0,0,1,2,0.0429,0,0,1,0,0,0,0,0,2,0
46,15,8,4,1,0,0,0,1,3,0.055,2,0,0,0,0,1,2,0,1,1
55,18,25,4,0,1,1,0,0,7,0.1357,3,0,0,0,0,0,1,0,0,1
62,7,60,2,3,0,1,1,2,9,0.1482,1,0,0,0,1,0,4,1,2,1
98,21,21,4,3,0,0,0,0,2,0.0214,2,0,0,0,1,0,1,0,2,1
67,39,58,5,2,0,1,0,1,15,0.225,2,1,1,0,0,0,1,1,1,1
75,31,7,2,1,0,1,2,0,25,0.3284,0,0,1,0,0,1,2,1,1,1
47,36,12,1,1,0,1,0,0,14,0.3025,1,0,1,0,0,0,0,1,0,1
34,18,22,1,0,0,0,0,0,0,0.0,0,0,0,0,0,0,0,0,2,0
79,32,0,1,3,0,0,0,1,13,0.1692,4,0,0,0,1,0,5,0,2,1
21,9,28,2,2,0,0,1,0,4,0.1843,1,0,0,0,0,0,1,0,1,1
29,21,7,1,0,0,0,0,0,0,0.0,0,0,1,0,0,0,0,0,0,0
58,22,33,2,1,0,2,0,0,8,0.1338,2,0,0,0,0,0,1,1,1,1
57,21,43,5,3,0,1,0,0,6,0.1022,0,1,0,0,1,0,2,1,4,1
18,17,11,2,1,0,0,0,0,0,0.0,0,0,1,0,0,0,0,0,0,0
69,20,5,4,4,0,0,0,3,16,0.2332,3,0,1,0,0,0,0,0,2,1
64,34,31,3,3,0,0,0,0,0,0.0014,0,0,0,0,1,1,1,1,1,1
36,5,18,3,0,0,0,0,0,0,0.0,1,0,0,0,0,0,0,0,2,0
44,19,9,2,0,0,0,0,0,1,0.0243,1,0,1,0,0,0,0,0,0,0
24,8,5,2,0,0,0,0,0,1,0.0319,0,0,1,0,0,0,1,0,3,0
68,31,17,3,1,0,0,0,0,5,0.0669,1,0,0,0,0,0,0,0,1,1
66,38,24,4,1,0,0,1,0,2,0.0278,2,1,0,0,0,0,2,1,1,1
32,22,16,2,0,0,0,0,0,2,0.0504,1,0,1,0,0,0,0,0,0,0
25,11,0,1,0,0,1,0,0,0,0.0164,0,0,1,0,0,0,0,0,1,0
69,16,32,3,2,0,1,2,3,15,0.2147,1,1,0,0,1,0,2,0,2,1
40,15,14,1,0,0,0,0,0,1,0.0178,0,0,1,0,0,0,1,0,0,0
70,29,22,4,5,0,3,0,0,3,0.0435,0,0,1,0,0,0,2,0,1,1
33,35,31,5,1,0,1,0,2,7,0.2185,4,1,1,0,1,0,2,0,4,1
43,31,16,0,0,0,1,0,0,0,0.01,0,0,0,0,0,0,2,0,1,1
43,12,15,2,0,0,0,0,1,0,0.0,0,0,1,0,0,0,0,0,0,0
38,11,0,1,0,0,0,0,1,0,0.0053,0,0,1,0,0,0,0,0,0,0
34,13,16,1,0,0,0,0,1,0,0.001,0,0,1,0,0,0,0,0,1,0
20,14,0,2,0,0,0,0,0,1,0.0657,0,0,1,0,0,0,0,0,0,0
89,19,45,6,0,0,0,1,0,16,0.182,1,0,1,0,0,1,1,0,1,1
31,17,0,2,0,0,0,0,1,3,0.0989,1,0,1,0,0,0,0,0,2,0
83,22,34,3,2,0,0,0,2,1,0.0171,2,0,1,0,0,0,3,0,1,1
13,18,9,2,1,0,0,0,1,1,0.0582,0,0,1,0,0,0,0,0,0,0
32,13,10,2,0,0,1,0,0,0,0.0,0,0,1,0,0,0,0,0,0,0
90,28,22,3,1,0,0,0,1,18,0.1966,4,0,1,0,0,0,1,0,3,1
47,12,4,1,0,0,0,0,0,2,0.0345,0,0,1,0,0,0,0,0,1,0
20,16,2,1,1,0,0,0,0,0,0.0012,1,0,1,0,0,0,0,0,1,0
23,8,14,2,0,0,0,0,0,1,0.0272,1,0,1,0,0,0,0,0,1,0
18,18,31,1,0,0,0,0,0,0,0.0217,1,0,1,0,0,0,0,0,0,0
17,18,0,2,0,0,0,0,1,1,0.0454,0,0,1,0,0,0,0,0,0,0
82,25,32,4,2,1,1,1,3,8,0.1021,1,0,1,0,1,0,2,0,3,1
76,19,34,2,2,0,0,1,0,14,0.1795,0,0,0,0,0,1,2,0,2,1
70,21,41,2,1,0,0,1,2,2,0.0262,1,0,0,0,1,0,5,0,1,1
22,14,3,1,1,0,0,0,0,1,0.0349,0,0,0,0,0,0,0,0,1,0
53,21,7,2,0,0,0,0,1,0,0.0,0,0,1,0,0,0,0,0,3,0
46,4,13,4,5,0,1,0,0,9,0.1942,2,0,1,0,0,0,3,0,1,1
32,23,16,1,0,0,0,0,1,1,0.0238,0,0,1,0,0,0,0,0,0,0
38,16,17,1,0,0,0,0,0,0,0.0,0,0,1,0,0,0,0,0,0,0
64,20,3,2,1,0,0,0,0,0,0.0043,0,0,1,0,0,0,0,0,0,0
41,20,0,2,0,0,0,0,0,0,0.0,1,0,1,0,0,0,0,0,2,0
71,32,37,4,1,0,0,0,0,6,0.087,2,1,1,1,0,0,1,0,2,1
38,17,17,2,0,0,0,0,0,0,0.0,0,0,1,0,0,0,0,0,0,0
41,15,1,1,0,0,0,0,1,0,0.0049,0,0,0,0,0,0,0,0,0,0
43,28,15,3,4,0,0,0,0,5,0.127,1,0,0,0,0,1,2,0,0,1
55,25,32,5,7,0,0,1,0,3,0.0624,2,0,1,0,0,0,1,0,2,1
36,16,12,2,0,0,0,0,2,0,0.0,1,0,1,0,0,0,0,0,1,0
39,12,20,1,0,0,0,0,0,0,0.0,0,0,1,0,0,0,1,0,1,0
45,18,0,1,0,0,0,0,0,0,0.0,0,0,1,0,0,0,0,0,1,0
27,8,5,3,0,0,0,0,0,1,0.0344,0,0,1,0,0,0,0,0,1,0
32,19,6,2,1,0,0,0,0,0,0.0044,0,0,1,0,0,1,0,0,2,0
85,28,14,2,3,0,1,1,1,11,0.1295,0,0,1,1,0,0,5,0,0,1
26,13,5,2,0,0,0,0,0,0,0.0,1,0,1,0,0,0,1,0,0,0
59,18,37,2,3,0,1,0,0,0,0.0,2,1,0,0,0,0,4,1,4,1
30,10,31,3,1,0,0,0,0,2,0.0598,1,0,1,0,0,0,0,0,0,0
32,15,6,2,1,0,0,0,1,1,0.0452,0,0,1,0,0,0,0,0,0,0
19,25,17,3,0,0,0,0,1,0,0.0043,0,0,1,0,0,0,0,0,2,0
65,16,18,2,5,0,0,0,2,13,0.2083,2,0,0,0,0,0,1,0,4,1
78,8,33,2,0,0,0,0,0,17,0.2135,3,0,1,0,0,0,1,0,2,1
9,17,14,3,1,0,0,0,0,0,0.0182,1,0,1,0,0,0,0,0,1,0
20,15,5,1,0,0,0,0,1,2,0.0815,1,0,1,0,0,0,0,0,1,0
37,17,24,2,0,0,0,0,2,1,0.036,0,0,1,0,0,0,0,0,1,0
16,15,17,1,0,0,0,0,1,0,0.0213,0,0,1,0,0,0,0,0,1,0
86,24,57,4,6,1,1,0,1,16,0.182,0,0,1,0,1,0,1,1,0,1
14,12,4,2,0,0,0,0,0,0,0.0283,0,0,1,0,0,0,0,0,1,0
48,16,15,1,0,0,1,0,0,1,0.0202,2,0,1,0,0,0,0,0,1,0
92,15,28,2,1,0,1,0,2,5,0.0592,2,1,1,0,1,0,2,1,2,1
45,22,12,1,1,0,0,0,0,3,0.069,0,0,1,0,0,0,0,0,0,0
39,25,0,3,1,0,3,0,0,0,0.0112,2,0,1,0,0,0,2,1,2,1
21,17,5,1,0,0,0,0,0,1,0.0279,1,0,1,0,0,1,0,0,1,0
39,12,13,2,0,0,1,0,1,0,0.0069,0,0,1,0,0,0,0,0,1,0
24,13,5,2,0,0,0,0,0,1,0.0519,0,0,1,0,0,0,0,0,2,0
73,8,27,2,3,0,0,0,1,9,0.1196,1,1,1,0,0,0,2,0,2,1
86,17,29,3,4,0,2,0,0,10,0.1202,1,0,1,0,0,0,4,1,3,1
43,15,0,3,1,0,0,0,1,3,0.0602,0,0,1,0,0,0,0,0,3,0
16,12,7,3,1,0,0,0,1,0,0.0,0,0,0,0,0,0,0,0,0,0
16,20,10,2,1,0,0,0,1,0,0.0108,1,0,1,0,0,0,0,0,0,0
56,21,33,2,3,0,1,1,0,3,0.0487,0,0,1,0,0,1,0,0,0,1
41,36,38,2,6,0,0,1,0,2,0.0539,1,0,1,0,0,0,3,0,1,1
42,18,2,1,0,0,0,0,1,0,0.0105,0,0,1,0,0,0,0,0,0,0
6,18,6,2,0,0,0,0,1,0,0.0,1,0,1,0,0,0,0,0,1,0
24,10,17,2,1,0,0,0,0,2,0.0725,0,0,1,0,0,0,0,0,2,0
10,8,9,2,0,0,0,0,1,1,0.0586,0,0,1,0,0,0,0,0,1,0
56,19,25,4,2,0,0,1,1,1,0.0158,1,0,0,0,0,0,3,0,3,1
42,16,12,2,0,0,0,0,0,1,0.0215,1,0,1,0,0,0,0,0,0,0
66,16,47,5,2,0,1,0,1,0,0.0,2,0,0,0,0,0,4,1,4,1
66,28,25,4,1,0,0,0,1,8,0.1227,1,1,1,0,0,0,0,0,1,1
16,15,17,2,0,0,1,0,1,1,0.0418,0,0,1,0,0,0,0,0,2,0
118,26,57,3,1,0,0,1,1,13,0.1086,1,0,0,0,0,0,0,0,4,1
21,10,10,2,1,0,0,0,0,1,0.0328,0,0,1,0,0,0,0,0,4,0
28,22,17,2,1,0,0,0,0,1,0.0483,0,0,1,0,0,0,0,0,1,0
82,31,50,4,3,0,0,0,0,1,0.0131,0,0,1,0,0,0,4,0,4,1
23,14,13,2,0,0,0,0,0,1,0.0467,0,0,1,0,0,0,0,0,1,0
33,13,5,2,2,0,0,0,0,2,0.0561,0,0,1,0,0,0,0,0,1,0
25,11,16,1,1,0,0,0,0,1,0.0435,0,0,1,0,0,0,0,0,1,0
36,16,5,2,0,0,1,0,1,1,0.0357,0,0,0,0,0,0,0,0,0,0
85,26,15,4,1,0,1,0,1,12,0.1391,0,0,1,0,0,1,2,1,2,1
39,13,5,1,1,0,0,0,0,0,0.0104,0,0,1,0,1,0,0,0,2,0
47,23,56,4,3,1,1,0,0,8,0.1764,1,0,0,0,0,1,1,0,2,1
90,29,37,4,3,0,0,0,0,1,0.0132,0,0,1,0,0,1,4,0,0,1
83,20,32,3,3,0,0,1,0,0,0.0,2,0,1,0,0,0,1,0,2,1
14,10,9,1,1,0,0,0,0,0,0.0,0,0,1,0,0,0,0,0,1,0
65,23,23,4,2,0,1,0,1,11,0.1627,2,1,0,0,0,0,3,1,2,1
50,10,21,4,0,0,0,0,0,0,0.0,2,0,0,0,0,0,2,1,2,1
31,17,20,2,1,0,0,0,0,1,0.0174,0,0,1,0,0,0,0,0,0,0
63,24,36,4,4,0,0,2,0,11,0.1789,2,0,0,0,0,0,3,0,2,1
53,17,8,3,0,0,0,0,1,1,0.0225,1,0,1,0,0,0,0,0,0,0
54,24,11,2,2,0,0,0,2,7,0.127,2,0,1,0,0,0,1,0,1,1
100,26,24,2,6,0,0,0,3,12,0.1242,2,0,1,0,0,0,2,0,2,1
45,18,13,2,0,0,0,0,0,1,0.033,0,0,1,0,1,0,1,0,1,0
97,30,43,3,3,0,0,1,0,16,0.1652,0,0,1,0,0,0,1,1,1,1
38,21,1,1,0,0,0,1,0,0,0.0104,1,0,1,0,0,0,0,0,0,0
32,15,12,2,1,0,0,0,1,1,0.0262,0,0,1,0,0,0,0,0,1,0
72,15,40,1,2,0,0,0,3,12,0.1705,3,1,0,0,0,0,2,0,1,1
58,33,6,0,1,0,0,0,3,15,0.2615,2,0,0,1,0,1,2,1,2,1
66,11,9,2,0,0,0,0,0,0,0.0043,1,0,1,0,0,0,0,0,0,0
93,24,24,2,2,0,0,0,1,0,0.0,2,0,1,0,0,0,1,1,0,1
38,10,13,3,0,0,0,0,0,2,0.0527,0,0,1,0,0,0,0,0,0,0
33,17,0,1,0,0,0,0,0,1,0.0348,1,0,1,0,0,0,0,0,1,0
83,18,20,1,2,0,1,1,0,8,0.0984,1,1,0,0,0,0,2,0,5,1
14,19,15,1,0,0,0,0,1,0,0.0015,1,0,0,0,0,0,0,0,2,0
33,19,11,1,0,0,0,1,1,1,0.0312,0,0,0,0,0,0,0,0,0,0
91,8,27,4,3,0,0,1,2,5,0.0543,2,0,0,0,0,0,0,1,2,1
34,16,7,1,0,0,0,0,0,0,0.0,1,0,1,0,0,0,0,0,1,0
79,26,23,4,2,0,0,0,2,0,0.0,2,0,0,0,0,0,0,0,2,1
21,21,11,2,0,0,0,0,0,0,0.0103,0,0,1,0,0,0,0,0,3,0
69,19,13,4,3,0,0,0,2,0,0.0,2,0,0,0,0,0,2,1,0,1
31,17,24,1,1,0,1,0,0,1,0.0324,0,0,1,0,0,0,0,0,0,0
42,11,3,2,0,0,0,0,0,0,0.0,1,0,1,0,0,0,1,0,1,0
42,19,4,2,1,0,0,0,0,2,0.0445,0,0,1,0,0,0,1,0,2,0
73,33,48,3,3,0,0,0,1,7,0.0914,1,0,0,0,0,0,3,1,1,1
36,19,7,3,0,0,0,0,0,1,0.0415,0,0,1,0,0,0,0,0,1,0
21,30,3,4,2,0,1,1,2,3,0.1661,1,0,0,0,0,0,1,1,3,1
100,22,23,4,3,0,0,0,4,24,0.2422,0,0,0,0,0,1,0,1,3,1
71,16,21,3,2,0,0,0,0,1,0.0133,2,1,1,0,0,1,6,0,2,1
19,14,27,2,1,0,0,0,0,1,0.0331,0,0,1,0,0,0,0,0,3,0
32,12,8,1,2,0,0,0,1,2,0.0489,0,0,1,0,0,0,1,0,1,0
44,21,7,4,1,0,0,0,3,4,0.0942,0,0,0,0,0,0,2,1,1,1
36,10,8,1,1,0,0,0,0,0,0.0,0,0,1,0,0,0,0,0,1,0
63,30,20,6,0,0,0,0,0,4,0.0617,3,0,1,0,0,1,2,0,2,1
51,22,33,5,2,0,0,0,2,11,0.2119,4,0,1,0,0,0,3,0,3,1
49,11,12,1,0,0,0,0,0,1,0.0171,0,0,1,0,0,0,0,1,1,0
23,14,7,3,3,0,0,0,0,0,0.0213,0,0,1,0,0,0,0,0,0,0
11,29,9,1,0,0,0,0,0,1,0.0686,1,0,0,0,0,0,0,0,0,0
50,18,14,5,0,0,1,1,1,11,0.2295,2,1,1,0,1,0,2,0,2,1
96,37,39,3,3,0,1,0,0,5,0.0481,4,0,0,0,0,0,2,1,2,1
47,16,0,2,0,0,0,0,0,0,0.0,0,0,1,0,0,0,2,0,0,0
39,14,7,2,1,0,0,0,0,1,0.0163,1,0,1,0,0,0,0,0,1,0
48,0,15,3,2,0,0,2,1,3,0.0567,3,0,0,0,0,1,1,0,4,1
30,13,3,2,0,0,0,0,0,1,0.0205,0,0,1,0,0,1,0,0,0,0
33,30,46,4,2,0,0,0,1,9,0.2667,2,1,0,0,0,0,2,1,4,1
42,9,13,1,0,0,0,0,0,0,0.0,0,0,0,0,0,0,1,0,0,0
32,12,12,3,1,0,0,0,0,0,0.0043,0,0,1,0,0,0,0,0,2,0
25,24,9,1,0,0,0,0,0,0,0.015,0,0,1,0,0,0,0,0,1,0
36,10,5,2,0,0,1,0,0,2,0.0689,0,0,1,0,0,0,1,0,0,0
36,16,0,2,1,0,0,0,1,1,0.0198,1,0,1,0,0,0,0,0,0,0
18,25,13,1,3,0,0,0,0,0,0.0126,0,0,1,0,0,0,0,0,1,0
47,39,48,1,2,0,2,1,3,11,0.2317,1,0,1,0,0,0,4,0,2,1
40,36,21,3,1,1,2,0,1,2,0.0402,1,0,0,0,0,0,3,0,2,1
94,27,32,5,1,0,2,1,1,20,0.2167,4,0,1,0,0,1,0,0,1,1
40,32,10,3,2,0,0,1,0,6,0.1452,1,0,0,0,1,0,0,0,2,1
30,14,0,1,0,0,0,0,0,1,0.0188,1,0,1,0,0,0,0,0,1,0
73,10,12,2,4,0,2,0,0,2,0.0284,1,1,0,0,0,0,1,1,4,1
30,6,11,2,0,0,0,0,0,1,0.0213,0,0,1,0,0,0,0,0,1,0
30,11,3,3,0,0,0,0,0,1,0.0439,0,0,1,0,0,0,0,0,0,0
63,24,28,1,1,0,1,0,0,7,0.1083,1,0,0,0,0,1,3,0,0,1
16,16,21,2,0,0,0,0,0,0,0.0,0,0,1,0,0,0,0,0,0,0
18,19,26,1,0,0,0,0,0,0,0.0,0,0,1,0,0,0,0,0,2,0
58,39,63,4,2,0,0,0,2,9,0.1491,0,0,0,0,0,1,3,0,4,1
47,22,25,2,0,0,0,0,0,2,0.0323,1,0,1,0,0,0,0,0,0,0
28,19,0,2,1,0,0,0,0,0,0.0,1,0,1,0,0,0,0,0,1,0
112,30,6,3,1,0,0,3,2,25,0.2208,1,0,0,0,0,0,0,0,4,1
62,28,26,2,2,1,0,1,1,4,0.0637,2,1,1,0,0,0,1,1,3,1
96,26,28,4,2,0,1,0,1,2,0.023,3,0,1,0,0,0,2,0,2,1
55,16,0,1,1,0,0,0,0,0,0.0,0,0,1,0,0,0,0,0,1,0
85,12,52,2,1,0,0,1,0,9,0.1047,1,0,0,0,0,0,2,0,1,1
84,20,12,3,1,0,1,0,1,12,0.138,0,0,1,0,0,0,4,0,2,1
33,12,6,1,1,0,0,0,0,1,0.0223,0,0,1,0,0,0,0,0,3,0
102,22,19,3,5,0,1,0,1,17,0.1672,1,0,1,0,0,0,1,1,2,1
10,8,22,2,0,0,0,0,0,0,0.0256,0,0,0,0,0,0,0,0,0,0
20,11,9,3,0,0,0,0,0,0,0.0188,1,0,1,0,1,0,0,0,1,0
61,23,34,2,1,1,0,0,3,9,0.1514,2,0,0,0,0,0,2,1,1,1
50,25,22,5,4,0,0,0,2,4,0.0747,1,0,1,0,0,0,2,0,1,1
124,18,38,1,3,0,1,1,0,7,0.0571,1,0,1,0,0,0,1,0,1,1
25,12,5,2,0,0,0,0,0,1,0.0517,1,0,1,0,0,0,0,0,1,0
115,32,36,4,4,0,1,0,2,17,0.1521,1,0,1,0,0,0,4,0,2,1
53,11,40,4,2,0,1,1,2,8,0.1465,3,0,0,0,0,0,0,0,1,1
19,13,7,1,1,0,0,0,1,1,0.0343,1,0,1,0,0,0,0,0,1,0
56,32,27,3,2,0,1,0,0,5,0.0938,2,0,0,0,0,0,1,0,2,1
19,18,11,2,1,0,0,0,1,0,0.0,0,0,0,0,1,0,0,0,1,0
68,35,26,2,3,1,0,0,1,5,0.0719,0,1,1,0,1,0,3,0,2,1
34,11,23,3,0,0,1,0,0,2,0.049,1,0,1,0,0,0,0,0,1,0
41,19,5,2,0,0,0,0,0,2,0.0579,0,0,1,0,0,0,0,0,1,0
76,23,35,4,3,0,1,0,1,9,0.1215,1,0,1,0,0,1,3,1,3,1
44,33,27,4,3,0,1,0,1,2,0.0368,0,0,0,0,0,0,0,0,1,1
70,10,32,4,2,0,1,0,1,6,0.0839,2,0,1,0,0,0,1,0,1,1
69,19,35,3,5,0,1,0,0,26,0.3815,1,0,0,0,0,0,2,0,2,1
15,12,13,1,0,0,0,0,1,1,0.0731,0,0,1,0,0,0,0,0,0,0
69,18,29,3,1,0,1,0,4,7,0.1011,0,1,1,0,0,0,3,0,2,1
72,13,40,2,1,0,1,0,4,10,0.1452,4,1,0,0,0,0,1,1,2,1
25,18,5,1,0,0,0,0,0,0,0.0,0,0,1,0,0,0,0,0,0,0
16,11,6,2,1,0,0,0,0,0,0.0014,0,0,1,0,0,1,0,0,1,0
23,19,11,2,0,0,0,0,2,0,0.019,0,0,1,0,0,0,0,0,0,0
55,33,16,2,4,0,0,0,2,12,0.2081,2,0,1,0,0,1,3,0,2,1
118,18,21,4,4,0,0,0,0,32,0.2691,0,0,1,0,0,0,6,0,2,1
84,24,19,6,1,0,1,0,1,13,0.1586,0,1,0,0,0,0,4,1,3,1
63,31,56,3,4,0,1,2,2,8,0.1303,3,0,1,0,0,0,3,0,1,1
36,22,38,4,3,0,0,1,1,3,0.0926,0,0,1,0,0,0,2,1,3,1
60,12,35,2,2,0,2,3,0,3,0.0508,1,0,0,0,0,0,2,0,1,1
28,17,7,2,2,0,0,0,1,2,0.0654,1,0,1,0,0,0,0,0,1,0
24,24,8,3,0,0,2,0,1,0,0.0,0,0,1,0,0,0,0,0,0,0
31,16,0,2,0,0,0,0,1,1,0.0459,0,1,1,0,0,0,0,1,1,0
25,20,5,2,1,0,0,0,1,0,0.0,0,0,1,0,0,0,0,0,4,0
83,7,32,4,0,0,1,0,1,5,0.0552,1,0,0,0,0,0,2,0,3,1
57,24,10,5,4,0,0,0,1,3,0.0565,0,1,1,0,0,0,2,0,1,1
53,22,34,2,2,0,2,0,1,6,0.1199,2,0,1,1,0,0,3,0,0,1
44,14,7,2,0,0,0,0,1,0,0.0014,1,0,1,0,0,0,0,0,1,0
62,11,9,3,0,0,0,0,1,2,0.0274,0,0,1,0,0,0,0,0,1,0
100,35,20,4,0,0,0,0,0,17,0.173,2,1,1,0,0,0,0,1,2,1
40,24,17,1,1,0,0,0,0,2,0.0492,0,0,1,0,0,0,0,0,0,0
43,4,1,2,1,1,1,0,0,7,0.1637,0,0,0,0,0,0,3,1,1,1
33,13,18,2,0,0,0,0,1,1,0.029,0,0,1,0,0,0,0,0,0,0
30,14,14,3,0,0,0,0,1,1,0.05,0,0,1,0,0,0,0,0,1,0
22,5,2,2,0,0,1,0,2,0,0.001,0,0,1,0,0,0,0,0,1,0
92,36,31,2,1,0,0,1,0,25,0.2716,3,0,1,0,0,1,0,0,1,1
45,29,17,0,1,0,0,0,0,3,0.058,0,0,1,0,0,1,0,0,1,0
21,16,6,2,0,0,0,0,0,1,0.03,0,0,1,0,0,1,0,0,0,0
51,27,33,1,2,0,0,0,1,0,0.0058,0,0,1,0,0,0,5,0,2,1
45,15,31,2,5,0,1,0,1,10,0.2159,3,0,0,0,0,0,1,0,1,1
75,18,29,4,3,0,0,1,0,4,0.0539,4,0,1,0,1,0,3,0,3,1
34,5,5,3,0,0,0,0,0,1,0.035,0,0,1,0,0,0,1,0,1,0
85,29,32,2,6,0,0,0,0,8,0.0884,3,0,1,1,1,1,0,1,1,1
44,36,17,3,2,0,0,2,2,9,0.2101,0,0,0,0,0,0,1,1,4,1
5,13,24,1,0,0,0,0,0,0,0.0229,0,0,1,0,0,0,0,0,0,0
63,9,4,1,3,0,0,3,1,6,0.0968,1,0,0,0,0,0,3,0,2,1
27,18,14,2,0,0,0,0,0,1,0.0254,0,0,1,0,0,0,0,0,0,0
102,17,32,1,3,0,1,0,0,19,0.191,2,0,1,0,0,0,4,1,2,1
72,18,23,2,3,0,1,0,2,5,0.0757,0,0,0,0,0,1,2,0,1,1
13,18,11,2,0,0,0,0,0,1,0.0413,0,0,1,0,0,0,0,0,2,0
53,33,20,1,2,0,1,0,1,1,0.0211,1,1,0,0,0,0,3,0,5,1
76,34,33,3,2,0,0,1,0,0,0.0,1,0,1,0,0,0,2,0,2,1
74,15,30,3,0,0,4,0,1,0,0.0,1,0,1,0,0,0,2,0,1,1
69,33,43,5,2,0,0,1,0,12,0.1764,3,1,0,0,0,0,2,0,3,1
44,26,11,1,0,0,0,0,0,0,0.0,0,0,1,0,0,0,0,0,0,0
33,14,3,1,0,0,0,0,0,1,0.0173,0,0,1,0,0,0,0,0,1,0
43,18,7,2,0,0,0,0,0,0,0.0001,2,0,1,0,0,0,0,0,1,0
4,10,10,2,2,0,0,0,0,0,0.0579,0,0,1,0,1,0,0,0,0,0
52,21,30,3,4,0,1,2,1,4,0.0821,4,0,0,0,0,0,1,1,1,1
97,21,11,2,3,0,0,0,1,10,0.1072,1,0,0,0,0,0,2,1,1,1
46,14,8,2,2,0,0,0,0,1,0.0163,0,0,1,0,0,0,0,0,0,0
48,14,3,3,0,0,0,0,0,1,0.0132,2,0,1,0,0,0,0,0,2,0
48,14,13,2,1,0,0,0,1,3,0.0562,1,0,1,0,0,0,0,0,1,0
21,8,3,1,0,0,0,0,0,2,0.0762,0,0,1,0,0,0,1,0,0,0
31,8,10,2,0,0,0,0,1,2,0.0646,0,0,0,0,0,0,0,0,2,0
94,21,19,4,2,0,2,1,0,19,0.1975,4,0,0,0,0,0,2,1,4,1
38,13,10,2,1,0,0,0,0,3,0.0902,1,0,1,0,0,0,0,0,0,0
52,36,12,2,3,0,0,2,1,15,0.2871,1,0,1,0,0,0,1,1,0,1
59,21,16,2,0,0,0,0,1,1,0.0129,0,0,1,0,0,0,0,0,0,0
23,15,0,1,0,0,0,0,0,0,0.0162,0,0,1,0,0,0,0,0,1,0
51,11,31,4,2,0,0,1,1,5,0.1016,0,0,1,0,0,1,2,1,3,1
45,16,7,2,0,0,0,0,0,1,0.0307,0,0,0,0,0,0,0,0,1,0
43,25,15,4,7,0,1,0,0,0,0.0,0,1,0,0,0,0,2,0,2,1
62,41,29,1,3,0,0,0,1,5,0.0767,1,0,0,0,0,0,1,0,2,1
22,29,21,4,2,1,0,0,1,4,0.2038,0,0,0,0,0,0,1,0,4,1
39,16,9,2,0,0,0,0,0,0,0.0,1,0,1,0,0,0,1,0,1,0
74,33,38,3,3,0,0,0,0,11,0.1512,3,0,0,0,0,0,2,1,3,1
38,19,16,2,1,0,0,0,0,1,0.0358,0,0,1,0,0,0,0,0,0,0
30,28,45,5,2,0,1,0,0,1,0.0488,0,0,0,0,0,0,1,1,0,1
78,27,21,2,2,0,0,1,0,18,0.2272,1,1,1,0,0,0,1,0,1,1
29,12,9,1,0,0,0,1,1,1,0.0324,3,0,1,0,0,0,0,0,0,0
27,12,30,2,0,0,0,0,0,0,0.0,0,0,1,0,0,0,1,0,1,0
23,14,11,2,1,0,0,0,1,1,0.0264,0,0,1,0,0,0,0,0,0,0
69,33,25,3,1,1,0,0,0,12,0.1807,2,0,1,1,0,0,0,0,0,1
33,18,11,3,0,0,0,0,1,1,0.0426,1,0,1,0,0,0,0,0,2,0
40,8,0,2,0,0,0,0,0,0,0.0058,0,0,1,0,0,0,0,0,0,0
43,23,21,1,1,0,0,0,0,0,0.0,0,0,1,0,0,0,0,0,0,0
42,26,40,4,2,0,2,2,5,4,0.106,2,0,1,0,0,0,3,1,6,1
68,21,8,2,4,0,2,2,1,11,0.1551,2,0,0,0,0,0,1,0,3,1
95,20,29,6,1,0,0,0,0,12,0.122,1,0,0,0,0,0,3,0,2,1
14,20,13,2,0,0,0,1,0,1,0.0663,1,0,1,0,0,0,0,0,2,0
38,19,15,2,1,0,0,0,0,1,0.0378,0,0,1,0,0,0,0,0,1,0
38,11,28,1,0,0,0,0,0,2,0.0552,0,0,1,0,0,0,0,0,0,0
32,17,6,2,0,0,0,0,0,0,0.0,1,0,0,0,0,0,0,0,1,0
66,23,25,3,0,0,0,2,2,8,0.1146,0,0,0,0,0,0,4,0,0,1
26,11,13,2,0,0,0,0,1,0,0.0,0,0,1,0,0,0,0,0,0,0
35,17,1,2,0,0,0,0,1,1,0.0194,0,0,0,0,0,0,0,0,1,0
84,17,33,4,3,1,1,3,0,9,0.1092,2,0,1,0,0,0,1,0,1,1
27,12,18,3,0,0,0,0,1,0,0.0,1,0,1,0,1,0,0,0,0,0
66,27,11,4,0,0,1,0,0,10,0.1591,1,0,0,0,0,0,3,1,1,1
32,10,2,2,0,0,0,0,0,1,0.0454,3,0,1,0,0,0,0,0,0,0
41,35,31,2,1,0,1,0,1,0,0.0,1,0,1,0,0,0,2,1,3,1
85,10,9,1,3,0,1,2,1,0,0.0009,0,0,1,0,0,1,2,0,1,1
24,15,5,2,0,0,0,0,0,2,0.0727,0,0,1,0,0,0,0,0,1,0
34,11,18,2,0,0,1,0,0,1,0.0322,0,0,1,0,0,0,0,0,1,0
30,8,17,1,1,0,0,0,0,0,0.0,1,0,1,0,0,0,0,0,1,0
72,21,24,3,4,0,2,0,0,11,0.1468,3,0,0,0,1,0,3,1,0,1
40,36,5,3,7,1,0,0,0,10,0.2494,1,0,0,1,0,0,1,0,2,1
47,26,26,2,2,0,1,0,3,2,0.0372,3,1,0,0,1,0,1,1,2,1
90,17,26,2,2,0,0,0,0,8,0.0836,2,0,0,0,0,0,1,0,1,1
80,36,18,2,3,0,1,0,0,16,0.2049,2,0,0,0,0,0,3,1,5,1
32,17,12,2,0,0,1,0,0,0,0.0039,0,0,1,0,0,0,0,0,2,0
94,9,38,4,2,0,2,0,1,7,0.0722,2,0,0,0,0,0,1,1,2,1
46,15,29,4,4,0,0,1,1,13,0.2893,1,0,1,0,0,0,3,1,1,1
13,17,25,1,0,0,0,1,0,0,0.0385,1,0,1,0,0,0,0,0,0,0
16,19,5,1,0,0,0,0,2,0,0.0138,0,0,1,0,0,0,0,0,3,0
62,25,10,2,2,0,0,0,1,5,0.0823,0,0,1,0,0,0,0,0,1,1
32,14,16,2,2,0,1,0,0,0,0.0003,0,0,1,0,0,0,0,0,0,0
64,9,27,1,2,0,2,1,1,7,0.1052,6,0,0,0,0,1,4,0,2,1
57,14,26,2,0,0,0,0,0,4,0.0675,1,0,1,0,0,0,0,0,0,0
31,12,12,3,0,0,1,0,0,1,0.0224,0,0,1,0,0,0,0,0,2,0
21,17,3,2,1,0,0,0,0,1,0.065,1,0,0,0,0,0,0,0,1,0
8,12,10,1,0,0,1,0,0,0,0.0392,0,0,1,0,0,0,0,0,1,0
69,20,65,2,0,1,0,2,2,11,0.1619,1,0,0,0,0,0,2,0,1,1
29,20,17,1,0,0,0,0,0,1,0.0412,0,0,1,0,0,0,0,0,0,0
30,12,2,3,1,0,0,0,1,0,0.0,1,0,1,0,0,0,1,0,0,0
82,16,45,3,2,0,0,1,1,5,0.0655,3,0,1,0,0,0,5,0,0,1
56,16,11,2,4,0,0,0,0,0,0.0,0,0,1,0,0,0,0,0,0,0
37,6,12,1,1,0,0,0,0,0,0.0034,0,0,1,0,0,0,0,0,0,0
84,26,57,5,2,0,0,0,2,5,0.0542,4,1,0,0,0,0,3,0,2,1
42,24,18,2,2,0,0,1,0,7,0.1649,2,0,0,0,0,1,1,1,4,1
41,9,17,2,0,0,0,0,0,2,0.0522,1,0,1,0,0,0,0,0,1,0
96,10,42,3,1,0,0,0,1,10,0.1064,1,0,0,0,0,0,0,0,2,1
32,32,3,2,4,1,1,3,1,6,0.1773,3,1,1,1,0,0,2,0,1,1
42,19,1,3,1,0,0,0,0,1,0.0359,1,0,1,0,0,0,0,0,0,0
42,23,6,2,3,0,0,0,1,7,0.1673,1,1,1,0,0,0,3,0,2,1
69,11,64,2,1,1,0,2,0,20,0.2855,0,0,0,0,0,0,1,0,5,1
42,30,39,3,6,0,0,1,3,5,0.1159,1,0,1,0,0,0,0,1,4,1
34,17,1,1,0,0,0,0,0,1,0.0228,1,0,0,0,0,1,0,0,0,0
40,12,22,2,0,0,0,0,0,0,0.0,2,0,1,0,1,0,0,0,1,0
37,17,18,2,0,0,1,0,0,0,0.0,0,0,1,0,0,0,0,0,0,0
58,36,38,4,3,0,0,1,0,13,0.2214,1,0,1,0,0,1,2,1,0,1
48,21,12,3,0,0,0,0,0,0,0.0,0,0,0,0,0,0,0,0,3,0
66,13,78,3,1,0,0,0,1,5,0.0805,3,1,0,0,0,0,1,1,1,1
61,16,36,2,2,0,1,0,0,5,0.0885,0,1,1,0,0,0,3,1,2,1
61,20,22,3,1,1,0,0,0,2,0.0298,0,1,1,0,1,1,1,1,5,1
32,9,0,2,1,0,0,0,1,0,0.0131,3,0,1,0,0,0,0,0,1,0
53,39,18,5,3,1,0,0,0,4,0.069,3,1,1,0,0,0,2,1,2,1
80,26,32,3,1,0,1,0,2,5,0.0646,0,0,0,0,0,0,1,1,1,1
68,33,15,1,5,0,2,0,0,8,0.1152,2,1,0,0,0,0,1,0,1,1
107,25,57,5,4,1,1,1,1,22,0.2092,2,0,0,0,0,1,0,1,1,1
111,30,17,3,0,0,1,1,0,13,0.122,5,1,1,0,0,1,2,0,1,1
63,28,21,4,2,0,0,1,4,11,0.1736,1,1,0,0,0,0,2,1,1,1
101,18,29,2,1,0,1,0,0,17,0.1702,4,0,0,0,0,0,1,0,3,1
49,19,30,3,3,0,0,1,1,1,0.0196,1,0,0,0,0,0,1,1,1,1
80,10,0,2,3,0,0,1,1,18,0.2201,1,0,0,0,0,0,3,0,0,1
53,29,29,2,1,0,1,0,2,20,0.3702,0,0,0,0,0,0,1,1,0,1
100,37,40,4,1,0,1,1,1,14,0.1394,6,0,0,0,0,0,3,1,1,1
44,6,8,2,1,0,0,0,1,2,0.0355,0,0,0,0,0,0,0,0,0,0
17,19,14,1,0,0,0,0,0,1,0.037,0,0,1,0,0,1,0,0,0,0
64,17,45,4,0,0,0,0,0,5,0.0817,2,0,1,0,0,0,0,0,4,1
35,12,17,2,0,0,0,0,0,0,0.0,0,0,1,0,0,0,0,0,1,0
42,10,14,2,0,0,0,0,0,2,0.0447,2,0,1,0,0,0,0,0,0,0
23,16,15,2,0,0,0,0,0,1,0.0306,0,0,1,0,0,0,0,0,2,0
19,9,11,2,0,0,0,0,1,1,0.0327,0,0,1,0,0,0,0,0,1,0
87,32,10,5,2,0,1,1,2,28,0.3225,0,0,1,0,0,0,2,1,5,1
49,14,4,2,0,0,0,0,0,0,0.0,0,0,1,0,0,0,0,1,0,0
37,19,15,2,1,0,0,0,1,1,0.0238,0,0,1,0,0,0,0,0,1,0
31,16,4,1,0,0,0,0,0,0,0.0157,1,0,1,0,0,0,0,0,2,0
10,12,6,1,0,0,0,0,1,0,0.021,0,0,1,0,0,0,0,0,2,0
25,10,16,1,1,0,0,0,0,1,0.0324,0,0,1,0,0,0,0,0,1,0
31,19,14,2,0,0,0,0,0,1,0.0453,0,0,1,0,0,0,0,0,2,0
48,14,34,2,3,1,1,1,1,3,0.0594,0,0,1,0,1,0,0,0,1,1
28,23,18,2,1,0,0,0,1,0,0.0022,0,0,1,0,0,0,2,0,0,0
63,17,11,3,3,0,2,0,2,4,0.0672,3,0,0,0,1,0,1,0,1,1
118,30,26,2,3,0,1,1,0,0,0.0,1,0,1,0,0,0,2,0,0,1
39,16,8,2,3,0,0,0,0,0,0.0,0,0,0,0,0,0,0,0,0,0
16,11,11,2,0,0,0,0,0,0,0.0052,1,0,1,0,1,0,0,0,0,0
120,32,8,4,4,0,0,2,1,13,0.106,1,0,0,0,0,0,2,1,5,1
51,17,26,3,1,0,2,1,0,6,0.1268,2,0,1,0,0,0,4,1,0,1
22,17,2,2,0,0,0,0,1,2,0.0771,0,0,1,0,0,0,0,0,0,0
26,20,6,3,1,0,0,0,0,0,0.0,1,0,1,0,0,0,0,0,1,0
91,37,17,4,2,0,0,0,0,10,0.1116,1,0,1,0,1,0,5,1,3,1
90,27,17,3,2,0,1,0,1,18,0.2033,1,0,0,0,0,0,1,0,4,1
78,28,47,2,2,0,0,2,2,8,0.1086,2,0,0,1,0,0,0,1,5,1
83,26,11,2,1,0,1,0,1,12,0.1448,0,0,1,0,0,0,1,0,1,1
16,19,13,6,5,0,0,1,0,3,0.2215,2,0,0,0,0,0,2,0,1,1
94,35,30,5,4,0,0,0,2,16,0.1704,2,0,0,0,0,0,2,1,1,1
28,8,14,0,0,0,0,1,0,0,0.0132,0,0,1,0,0,0,0,0,0,0
44,21,31,3,2,0,1,0,2,5,0.1021,2,0,1,0,0,0,2,1,2,1
64,37,45,3,3,0,0,1,0,11,0.1692,1,1,0,0,0,0,3,0,1,1
59,26,40,4,1,0,0,0,2,6,0.0952,0,0,0,0,0,0,4,1,1,1
63,24,39,3,1,0,1,3,0,12,0.1881,5,0,0,0,0,1,2,0,5,1
49,19,27,2,2,0,0,0,2,9,0.1855,4,1,0,0,1,0,1,1,4,1
22,22,53,3,3,0,1,0,1,1,0.0466,0,0,1,1,0,0,3,1,3,1
69,19,26,1,2,0,2,1,2,6,0.0797,2,0,0,1,0,0,4,1,1,1
48,20,25,5,2,0,2,3,0,7,0.1356,3,0,0,0,0,0,2,1,2,1
26,18,3,2,0,0,0,0,0,1,0.0541,0,0,1,0,0,0,0,0,0,0
21,29,31,1,4,1,0,0,2,1,0.0465,3,0,0,0,0,1,3,1,0,1
60,18,12,2,0,0,0,0,1,1,0.0156,0,0,1,0,0,0,0,0,0,0
95,26,16,3,1,0,1,1,0,0,0.0,1,0,1,0,1,1,2,1,1,1
55,21,33,4,2,0,2,2,1,2,0.0363,2,0,1,0,0,0,2,1,0,1
56,12,8,0,0,0,0,0,1,1,0.0229,2,0,1,0,0,1,1,0,1,0
51,11,5,1,0,0,0,0,1,0,0.0,1,0,1,0,0,0,0,0,0,0
41,18,9,1,0,0,0,0,1,1,0.0241,0,0,1,0,0,0,0,0,1,0
26,15,17,2,0,0,0,0,0,0,0.0037,0,0,1,0,0,0,0,0,1,0
44,22,28,3,0,0,0,0,1,0,0.0,1,0,1,0,0,0,1,0,1,0
78,24,19,3,2,0,1,1,1,1,0.0078,1,0,0,0,0,0,3,0,2,1
61,15,36,5,2,0,1,0,2,10,0.1564,1,1,0,0,0,1,3,1,2,1
25,26,0,1,0,0,0,0,0,1,0.0363,0,0,1,0,0,0,0,0,0,0
29,11,14,1,0,0,0,0,0,2,0.0621,1,0,1,0,0,0,0,1,0,0
42,24,41,5,0,0,1,0,2,9,0.2169,0,1,1,0,0,0,0,0,2,1
97,29,37,2,3,0,2,1,1,18,0.1877,0,0,1,0,1,0,3,1,1,1
58,19,39,3,2,0,1,2,0,17,0.2962,1,0,1,0,1,1,3,0,0,1
16,12,0,2,0,0,0,0,0,1,0.0663,1,0,1,0,0,0,0,0,0,0
67,22,62,4,3,1,0,0,0,5,0.0737,0,0,1,0,0,0,3,0,2,1
69,20,23,5,2,0,0,1,0,0,0.0,0,0,0,0,0,0,2,0,2,1
95,42,40,2,3,0,0,1,0,16,0.1658,2,0,0,0,0,0,4,1,1,1
36,22,17,1,0,0,1,0,0,1,0.0411,0,0,1,0,0,0,0,0,0,0
79,18,27,1,1,0,2,0,1,1,0.0096,3,0,0,0,0,0,4,0,1,1
23,13,20,2,1,0,0,0,0,1,0.051,1,0,1,0,0,0,0,0,0,0
20,23,2,2,0,0,0,0,0,0,0.0,0,0,1,0,0,0,0,0,1,0
22,11,8,3,0,0,0,0,1,1,0.048,1,0,1,0,0,0,0,0,1,0
29,12,0,1,0,0,0,0,0,0,0.0159,0,0,1,0,0,0,0,0,4,0
93,13,16,4,2,0,0,2,0,0,0.0,1,0,1,0,1,0,1,1,1,1
33,17,19,0,0,0,0,0,0,0,0.0,2,0,1,0,0,0,0,0,0,0
82,24,0,3,2,0,1,1,4,5,0.0598,1,0,0,0,0,0,0,1,2,1
75,12,20,2,3,0,0,0,1,10,0.1314,2,0,1,1,0,0,0,0,3,1
49,9,24,6,2,0,4,0,2,11,0.2185,1,0,0,0,1,0,3,0,0,1
116,27,20,4,0,0,1,0,0,17,0.1451,1,1,0,0,1,0,4,0,2,1
31,17,19,2,1,0,0,0,0,1,0.0429,0,0,1,0,0,0,0,1,0,0
138,25,42,6,1,0,1,0,0,0,0.0,4,0,1,0,1,0,1,0,2,1
24,19,14,2,0,0,0,0,0,0,0.0019,0,0,1,0,0,0,0,0,0,0
5,12,7,0,0,0,0,0,0,0,0.0207,0,0,1,0,0,0,0,0,2,0
9,17,28,1,4,0,1,1,1,1,0.115,1,0,0,0,1,0,2,0,2,1
36,17,0,1,0,0,1,0,0,2,0.059,0,0,1,0,0,0,0,0,0,0
21,10,1,2,0,0,0,0,1,0,0.0,1,0,1,0,0,0,0,0,2,0
99,17,24,1,3,0,0,0,2,28,0.287,1,0,0,0,0,0,2,1,2,1
56,33,32,2,2,1,0,0,0,0,0.0,4,0,1,0,0,1,1,1,1,1
52,35,55,2,0,0,0,0,1,12,0.2281,2,0,1,0,0,0,2,0,3,1
28,11,0,1,2,0,1,0,0,2,0.0812,0,0,1,0,0,0,0,0,0,0
77,27,14,6,3,0,2,0,1,0,0.0,2,0,0,0,0,0,1,1,1,1
29,18,5,2,0,0,0,0,0,2,0.0528,0,0,1,0,0,0,0,0,0,0
100,26,33,3,0,0,0,0,1,4,0.0439,0,0,0,0,0,1,1,0,0,1
48,16,11,1,0,0,0,0,0,4,0.0894,0,0,1,0,0,0,0,0,0,0
107,22,21,4,3,0,0,0,3,20,0.1894,1,0,0,0,0,0,1,1,2,1
75,16,13,6,0,0,1,0,0,25,0.3379,0,0,0,0,1,0,2,0,1,1
33,12,4,1,2,0,0,0,0,1,0.0337,0,0,1,0,0,0,0,0,1,0
103,38,17,6,3,0,0,0,1,10,0.1015,0,1,0,0,1,1,3,0,2,1
49,21,40,3,3,0,0,2,0,4,0.083,0,0,1,0,0,0,1,0,2,1
33,7,17,1,1,0,0,0,1,0,0.0146,0,0,1,0,0,0,0,1,1,0
59,23,48,4,2,0,1,0,0,9,0.1431,1,0,1,0,0,0,0,0,2,1
15,20,43,3,2,0,2,2,0,3,0.2322,4,1,0,0,0,0,2,0,4,1
31,13,3,1,0,0,0,0,1,1,0.0193,1,0,1,0,0,0,1,0,2,0
38,13,17,2,0,0,0,0,0,1,0.0338,1,0,1,0,0,0,1,0,1,0
31,11,7,1,0,0,0,0,0,1,0.028,1,0,0,0,0,0,0,0,0,0
34,20,20,1,1,0,0,0,0,1,0.04,0,0,1,0,0,0,1,0,0,0
17,15,1,3,0,0,0,0,0,0,0.0298,0,0,1,0,0,0,0,0,0,0
53,35,51,4,0,0,0,0,1,8,0.1566,0,1,0,0,0,0,1,0,1,1
63,26,32,1,3,0,0,0,3,5,0.0724,1,0,1,0,0,0,0,1,2,1
40,17,16,1,0,0,0,0,0,2,0.0532,0,0,1,0,0,0,0,0,2,0
24,21,11,1,0,0,0,0,0,0,0.0121,3,0,1,0,0,0,0,0,1,0
32,17,10,1,0,0,0,1,1,0,0.0056,0,0,1,0,0,0,0,0,0,0
37,20,7,2,0,0,0,0,0,1,0.0155,0,0,1,0,0,0,1,0,0,0
52,30,0,2,1,0,0,0,0,9,0.1632,2,1,1,0,0,1,4,1,3,1
51,10,12,0,2,0,0,0,1,1,0.0209,0,0,0,0,0,0,0,1,1,0
43,32,7,2,0,0,0,0,1,0,0.0,0,0,1,0,0,0,0,0,2,0
5,27,36,5,3,0,0,1,0,0,0.0661,0,1,1,0,0,1,4,0,3,1
56,38,9,3,1,0,0,0,0,3,0.0468,1,0,0,1,1,1,1,0,3,1
26,17,15,1,0,0,0,0,0,0,0.0145,0,0,1,0,0,0,0,0,0,0
98,7,34,5,4,0,1,0,3,21,0.2185,1,0,1,0,0,0,1,1,1,1
54,14,15,2,0,0,0,0,1,1,0.0184,1,0,1,0,0,0,1,0,0,0
76,21,19,0,2,0,0,0,1,10,0.1333,1,0,1,1,1,0,1,1,3,1
78,16,26,3,1,0,1,0,1,13,0.1648,0,0,1,0,0,0,3,1,1,1
50,26,31,1,3,1,3,0,0,10,0.2011,1,0,0,0,0,1,2,0,0,1
66,36,29,1,3,0,0,0,1,2,0.0369,2,1,0,0,0,0,5,0,4,1
64,25,31,5,2,0,1,0,0,10,0.1567,0,0,0,0,0,0,1,0,0,1
71,17,20,3,3,0,1,1,1,0,0.0,0,0,1,0,0,1,2,0,1,1
11,25,9,2,0,0,2,0,1,0,0.041,1,0,1,0,0,0,0,0,0,0
78,42,31,3,3,0,0,1,4,14,0.1761,0,0,1,0,0,0,1,1,4,1
66,28,50,3,2,0,0,0,0,6,0.0905,0,0,0,0,0,1,4,0,5,1
81,16,40,0,1,0,0,0,1,19,0.2295,1,1,1,0,0,0,1,0,4,1
21,13,4,2,0,0,0,1,0,0,0.0,0,0,1,0,0,0,0,0,0,0
29,21,9,2,1,0,0,1,0,0,0.001,1,0,1,0,0,0,0,0,1,0
67,32,43,1,2,1,0,0,1,0,0.0,1,1,1,0,0,0,2,1,0,1
95,24,23,6,4,0,0,0,0,9,0.0954,0,0,0,0,0,1,2,0,5,1
103,20,4,2,1,0,0,0,1,4,0.0425,0,0,0,0,1,0,3,0,1,1
27,11,13,2,0,0,0,0,0,1,0.0423,1,0,1,0,0,0,0,0,0,0
91,35,36,6,5,0,0,0,2,6,0.0651,0,0,1,0,0,0,3,0,4,1
66,29,6,4,2,0,3,1,0,0,0.0,2,0,0,0,0,0,2,0,3,1
151,4,20,4,2,0,3,1,0,30,0.1982,1,0,1,0,0,0,3,0,1,1
34,7,14,2,0,0,0,1,0,2,0.056,0,0,1,0,0,0,0,1,1,0
48,28,41,4,5,0,1,1,0,5,0.1115,0,0,0,0,0,0,4,1,2,1
35,14,4,2,0,0,0,0,0,1,0.0197,0,0,1,0,0,0,1,0,2,0
15,15,0,3,0,0,0,1,1,1,0.0618,0,0,1,0,0,0,0,0,0,0
30,8,17,1,0,0,1,0,0,0,0.0042,0,0,1,0,0,0,0,0,0,0
25,13,18,3,0,0,0,0,0,1,0.0323,0,0,1,0,0,0,0,0,0,0
80,21,3,1,3,0,0,1,0,8,0.0942,1,0,1,0,1,0,0,0,2,1
57,16,6,1,0,0,0,0,0,2,0.043,2,0,1,0,0,0,0,0,0,0
44,10,1,1,0,0,0,0,0,2,0.0414,0,0,1,0,0,0,0,0,2,0
46,33,10,2,1,0,0,0,0,7,0.1426,0,0,1,0,0,0,1,0,2,1
83,23,53,3,4,0,1,0,0,23,0.2815,1,0,0,0,0,0,2,0,3,1
41,12,7,2,1,0,0,0,0,1,0.0256,1,0,1,0,0,0,0,0,1,0
24,18,16,2,1,0,0,0,0,0,0.0086,2,0,1,0,0,0,0,0,0,0
18,21,52,3,0,1,0,1,3,4,0.2063,1,0,0,0,0,0,2,0,1,1
66,19,30,1,2,0,0,0,3,15,0.227,0,0,0,0,0,1,3,1,3,1
59,21,50,3,1,0,0,1,1,3,0.0519,2,0,1,0,0,0,2,1,1,1
83,26,36,4,1,1,1,0,2,0,0.0,0,1,1,0,1,0,0,0,1,1
43,21,12,2,0,0,0,0,0,3,0.0703,0,0,1,0,0,0,0,0,1,0
54,22,15,3,3,0,1,1,2,0,0.0,0,1,0,0,0,0,0,0,3,1
52,18,4,2,2,0,0,0,0,1,0.0109,0,0,1,0,0,0,0,0,0,0
25,18,5,2,0,0,0,0,1,0,0.0,0,0,0,0,0,0,0,1,2,0
48,15,0,3,1,0,0,0,0,1,0.0284,1,0,1,0,0,0,0,0,3,0
39,8,16,1,1,0,0,0,1,0,0.0,0,0,1,0,0,0,0,0,0,0
33,12,4,2,0,0,0,0,1,0,0.0,1,0,0,0,0,0,0,0,1,0
44,12,14,3,0,0,0,0,1,1,0.0212,0,0,1,0,0,1,0,0,0,0
38,18,32,2,2,0,1,0,1,2,0.0644,1,0,1,0,0,0,0,0,0,0
22,14,13,3,1,0,0,0,0,0,0.0026,0,0,1,0,0,0,1,0,5,0
24,18,17,2,1,0,0,0,1,3,0.1062,0,0,0,0,0,0,1,0,0,1
27,8,16,1,0,0,0,0,0,0,0.0,0,0,1,0,0,0,0,0,0,0
33,12,13,3,0,0,1,1,1,0,0.0117,1,0,1,0,0,0,1,1,0,0
44,12,8,3,0,0,0,0,1,0,0.0011,0,0,1,0,1,0,0,0,0,0
32,21,8,3,1,0,0,0,0,3,0.0945,0,0,1,0,0,0,0,0,0,0
35,9,6,2,0,0,0,0,0,0,0.0132,0,0,1,0,0,1,0,0,2,0
97,39,49,0,3,0,0,1,2,32,0.3255,0,0,0,0,0,0,2,0,3,1
82,30,50,3,3,0,1,0,0,0,0.0,4,0,0,0,0,0,3,1,1,1
60,19,23,3,2,1,2,1,1,7,0.1188,2,0,1,0,0,0,1,0,1,1
26,8,18,4,2,0,1,1,0,2,0.0874,1,0,0,0,0,0,0,0,3,1
93,14,21,6,3,0,2,0,0,12,0.1276,6,0,0,0,1,0,2,0,0,1
20,14,0,2,0,0,0,0,1,1,0.0281,0,0,0,0,0,0,0,1,1,0
47,20,18,1,0,0,0,0,0,0,0.0,0,0,1,0,0,0,0,0,0,0
25,20,7,1,0,0,1,0,0,1,0.0402,2,0,1,0,0,0,0,0,1,0
104,24,35,4,1,0,0,0,0,22,0.2112,1,0,1,0,0,0,2,0,0,1
50,22,27,4,2,0,1,0,1,13,0.2524,3,0,1,0,0,0,1,0,1,1
34,14,9,2,1,0,0,0,0,1,0.0228,1,0,1,0,0,0,0,0,2,0
44,20,19,1,0,0,0,0,0,2,0.0395,0,0,1,0,0,1,1,0,2,0
30,10,0,2,1,0,0,0,0,0,0.0,1,0,1,0,0,0,1,0,0,0
17,23,3,3,0,0,0,0,1,0,0.0,0,0,1,0,0,0,0,0,1,0
23,12,4,1,0,0,0,0,0,0,0.0,2,0,1,0,0,0,0,0,1,0
65,34,54,6,0,0,0,0,0,7,0.1046,2,0,0,0,0,1,1,0,4,1
35,15,5,1,1,0,0,0,0,0,0.0,3,0,1,0,0,0,0,0,0,0
41,13,10,4,1,0,0,0,0,0,0.0,1,0,1,0,0,0,0,0,1,0
77,29,23,1,0,0,0,0,3,6,0.0717,2,0,1,0,1,1,1,0,2,1
65,13,0,3,7,0,0,2,0,16,0.2417,2,0,1,0,0,0,2,1,5,1
68,23,28,1,6,0,1,1,0,13,0.1901,1,0,0,0,0,0,2,0,1,1
23,17,11,1,0,0,0,0,0,1,0.0455,1,0,1,0,0,0,0,0,1,0
34,26,13,1,2,0,0,0,0,1,0.0308,0,0,0,0,0,0,0,0,2,0
22,17,0,1,3,0,1,0,0,0,0.0193,1,0,1,0,0,0,0,0,0,0
41,19,1,2,0,0,0,0,0,1,0.0338,0,0,1,0,1,0,0,0,1,0
29,20,10,1,0,0,0,1,1,0,0.0,0,0,1,0,0,0,1,0,1,0
32,23,21,2,0,0,0,1,0,2,0.0665,0,0,1,0,0,0,0,0,1,0
37,14,14,2,0,0,0,0,0,0,0.012,1,0,1,0,1,0,0,0,1,0
20,23,18,1,0,0,0,0,0,0,0.0,0,0,0,0,0,0,0,0,0,0
18,22,8,1,0,0,0,0,0,0,0.0165,1,0,1,0,0,0,1,1,0,0
70,34,28,5,1,0,0,0,0,10,0.1451,0,0,0,0,0,1,1,1,3,1
36,6,13,1,0,0,0,0,0,2,0.065,1,0,1,0,0,0,0,0,1,0
14,18,21,1,0,0,0,0,0,1,0.0387,0,0,1,0,0,0,0,0,1,0
78,17,29,3,3,1,3,0,0,16,0.206,3,1,1,0,0,0,3,0,4,1
68,22,29,3,0,0,2,1,2,12,0.1775,2,0,0,0,0,0,1,1,1,1
32,22,0,4,0,0,0,0,0,0,0.004,0,0,1,0,0,0,1,0,3,1
16,10,12,2,1,0,0,0,1,1,0.0324,1,0,0,0,0,0,0,0,1,0
25,16,0,2,0,0,0,0,2,3,0.1,2,0,1,0,0,0,0,0,0,0
45,13,22,1,0,0,1,0,0,0,0.0024,0,0,1,0,0,0,0,0,0,0
94,32,62,4,4,0,0,0,0,3,0.0318,2,0,1,0,0,0,2,0,0,1
65,32,16,4,1,0,0,0,0,10,0.1519,2,0,0,0,0,0,1,0,3,1
8,12,8,2,1,0,0,0,0,0,0.0078,0,0,0,0,0,0,0,0,0,0
42,17,0,1,0,0,0,0,0,3,0.0828,1,0,1,0,0,0,0,0,0,0
41,19,1,2,1,0,0,0,0,1,0.0292,1,0,1,0,0,0,0,0,0,0
17,8,0,2,1,0,0,0,0,0,0.0,0,0,1,1,0,0,1,0,0,0
57,19,12,1,0,0,0,0,0,2,0.0372,0,0,1,0,0,0,0,0,1,0
41,25,27,2,1,0,1,0,0,0,0.0,0,0,1,0,0,0,1,1,2,1
77,52,33,6,2,0,1,1,2,17,0.2228,2,0,1,0,0,0,1,1,1,1
112,36,28,3,4,0,0,1,1,11,0.1005,0,0,1,0,0,0,3,0,2,1
43,12,0,1,0,0,0,0,0,1,0.0163,0,0,0,0,0,0,0,0,1,0
39,9,16,2,1,0,0,0,1,1,0.0189,1,0,0,0,0,0,0,0,0,0
30,12,8,3,2,0,0,0,0,1,0.0274,0,0,1,0,0,0,0,0,0,0
40,12,0,2,1,0,0,0,1,0,0.0005,0,0,1,0,0,0,0,0,2,0
41,9,9,1,0,0,0,0,1,1,0.0312,1,0,1,0,0,0,2,0,0,0
93,34,26,2,2,0,0,2,0,9,0.1018,3,0,0,0,0,0,2,1,1,1
33,16,20,2,1,0,0,0,0,2,0.0714,0,0,1,0,0,0,1,0,2,0
19,16,9,2,0,0,0,0,0,1,0.0398,1,0,1,1,0,0,0,0,0,0
107,27,27,5,4,0,0,1,1,22,0.204,0,0,0,0,0,0,0,0,2,1
31,12,15,1,0,0,0,1,0,2,0.0493,0,0,0,0,0,0,0,1,1,0
69,20,44,3,3,1,1,0,0,5,0.0734,3,0,1,0,0,0,6,1,0,1
30,16,0,2,0,0,0,0,0,2,0.0743,0,0,1,0,0,0,0,0,2,0
72,28,27,4,2,0,1,1,1,0,0.0038,0,0,0,0,0,0,2,1,3,1
104,35,48,1,1,0,1,0,2,20,0.1955,4,0,0,0,0,1,1,0,4,1
19,20,21,2,0,0,0,0,0,0,0.0133,0,0,1,0,0,0,1,0,1,0
49,17,21,1,2,0,0,1,3,0,0.0,2,0,0,0,0,0,3,0,2,1
27,12,0,3,0,0,0,0,0,0,0.0169,0,0,0,0,0,0,0,0,1,0
55,18,30,2,2,0,0,1,1,8,0.1461,1,0,1,0,0,0,0,1,3,1
75,18,28,3,1,0,0,1,2,0,0.0,2,0,1,0,0,0,3,0,1,1
41,14,5,1,0,0,0,0,0,0,0.0068,1,0,1,0,0,0,1,0,2,0
74,41,27,6,0,0,1,3,0,0,0.0,1,0,1,0,0,0,4,0,1,1
67,29,38,5,4,0,1,1,0,15,0.22,1,0,1,0,0,0,0,0,0,1
32,13,24,1,0,0,0,0,0,1,0.0337,0,0,1,0,0,0,0,0,0,0
33,18,11,1,0,0,0,0,0,1,0.0277,1,0,1,0,0,0,1,0,0,0
28,13,11,3,1,0,0,0,0,2,0.0748,0,0,1,0,0,0,0,0,0,0
6,12,16,1,2,0,0,0,0,0,0.0,1,0,1,0,0,0,0,0,1,0
30,13,0,2,0,0,0,0,0,1,0.0347,0,0,1,0,0,0,0,0,0,0
142,4,20,4,3,0,1,1,1,8,0.0581,0,0,1,0,0,1,1,1,0,1
30,14,15,2,0,0,0,0,1,0,0.0,0,0,1,0,0,0,0,0,0,0
39,43,56,1,2,0,0,0,1,6,0.1517,2,0,0,0,0,0,1,0,1,1
79,10,44,5,0,1,1,0,1,18,0.231,1,0,1,0,0,0,2,0,1,1
82,34,34,3,0,0,0,0,1,7,0.0821,1,0,1,0,0,0,3,0,3,1
67,30,15,3,0,0,0,1,2,9,0.1355,1,0,1,0,1,0,1,0,1,1
20,13,1,2,0,0,0,0,1,1,0.0599,0,0,1,0,0,0,2,0,0,0
69,21,30,3,2,0,1,1,1,3,0.0437,1,0,1,0,0,0,3,0,4,1
23,23,24,2,1,0,0,0,0,1,0.0236,2,0,1,0,0,0,0,0,0,0
44,17,0,2,0,0,0,0,0,1,0.0242,0,0,1,0,0,0,0,0,0,0
7,0,14,2,0,0,2,0,0,0,0.0,0,0,1,0,0,0,1,0,2,0
14,26,12,1,3,0,0,0,0,1,0.0556,0,0,1,0,0,0,0,0,2,0
24,9,14,2,0,0,0,0,0,1,0.0323,1,0,1,0,0,0,0,0,2,0
82,44,50,5,1,1,0,0,1,8,0.0916,1,0,1,0,0,0,2,1,3,1
73,28,48,2,1,0,0,0,0,3,0.0453,1,0,0,0,0,0,2,1,1,1
52,21,17,5,3,0,0,1,0,15,0.2897,2,1,1,0,0,0,2,0,0,1
102,19,35,4,0,1,0,0,1,21,0.2087,0,0,0,0,0,1,2,0,1,1
18,10,8,2,0,0,0,0,0,1,0.0485,1,0,1,0,0,0,1,0,1,0
23,19,10,1,1,0,0,0,0,2,0.0658,1,0,1,0,0,0,0,0,2,0
13,27,38,3,2,0,3,0,0,1,0.0595,2,0,1,0,0,0,0,0,2,1
35,16,9,2,1,0,0,0,0,1,0.0418,0,0,1,0,0,0,0,0,1,0
67,21,16,5,1,0,0,1,0,4,0.054,1,0,1,0,0,1,2,0,2,1
45,14,16,1,0,0,1,0,1,0,0.0,0,0,0,0,0,0,1,0,1,0
41,17,10,1,0,0,0,1,0,0,0.0,1,0,1,0,0,0,0,0,0,0
41,14,0,1,0,0,0,0,0,4,0.1071,0,0,1,0,0,0,0,0,1,0
15,13,24,2,0,0,0,0,0,1,0.0365,0,0,1,0,0,0,0,0,1,0
16,17,19,4,0,0,1,0,2,0,0.0015,0,0,1,0,0,0,1,0,2,0
69,29,28,5,2,0,1,1,1,18,0.2582,2,0,0,0,0,0,1,0,1,1
68,18,13,2,1,0,1,0,0,0,0.0,0,0,1,0,0,0,0,0,0,0
32,14,3,2,2,0,0,0,0,1,0.0386,1,0,1,0,0,0,0,0,0,0
32,27,9,2,0,0,0,0,0,2,0.0536,0,0,1,0,0,0,0,0,0,0
16,30,0,2,2,0,0,1,0,1,0.06,1,0,0,0,0,1,1,0,1,1
33,17,0,1,0,0,0,0,0,0,0.0,1,0,1,0,0,0,0,0,1,0
32,13,26,2,0,0,1,0,1,0,0.0,0,0,1,0,0,1,0,0,0,0
28,18,6,2,0,0,0,0,0,0,0.0,0,0,1,0,0,0,0,0,0,0
37,6,0,2,2,0,0,0,2,0,0.0,0,0,1,0,0,0,0,0,2,0
7,23,10,2,1,0,0,0,0,0,0.0457,0,0,1,0,0,0,1,0,1,0
48,36,31,0,0,0,0,0,2,13,0.2728,1,0,1,0,0,0,3,1,4,1
28,22,4,1,1,0,0,0,0,0,0.0168,1,0,1,0,0,0,0,0,0,0
69,20,54,3,1,0,1,0,2,0,0.0,1,0,1,0,0,1,1,1,1,1
70,26,19,3,2,0,0,0,2,10,0.1489,2,0,1,0,0,0,1,0,2,1
41,18,16,1,1,0,1,0,0,2,0.0542,1,0,1,0,0,0,0,0,0,0
25,13,19,1,0,0,0,0,1,1,0.0304,1,0,1,0,0,0,0,0,2,0
82,18,17,5,4,0,0,1,2,12,0.1509,1,0,1,0,1,0,2,0,2,1
101,17,2,4,2,1,0,0,1,0,0.0,2,0,0,0,1,0,0,0,2,1
28,16,7,2,1,0,1,0,3,0,0.0,0,0,1,0,0,0,0,0,0,0
49,9,0,2,0,0,0,0,0,1,0.0204,0,0,1,0,0,0,0,0,0,0
47,8,8,3,0,0,0,0,0,2,0.0518,1,0,1,0,0,0,0,0,0,0
31,43,55,2,5,0,0,0,2,2,0.069,2,0,0,0,1,0,2,0,0,1
39,10,10,2,0,0,1,0,0,3,0.0765,0,0,1,0,0,0,0,0,0,0
31,15,15,1,0,0,0,0,0,1,0.0171,0,0,1,0,0,0,0,0,0,0
47,13,0,3,0,0,0,1,0,10,0.209,1,0,1,1,0,0,1,0,1,1
45,28,4,2,2,0,0,0,1,8,0.183,6,1,0,0,0,0,2,0,1,1
42,16,22,2,0,0,0,0,0,1,0.0279,0,0,1,0,1,0,0,0,1,0
43,15,0,1,0,0,0,0,0,2,0.0401,0,0,0,0,0,0,0,0,1,0
73,14,47,6,4,0,0,0,0,14,0.1874,2,1,1,0,0,0,4,1,0,1
50,14,1,3,0,0,0,0,0,0,0.0,0,0,1,0,0,0,0,0,0,0
53,17,36,5,2,0,1,0,2,8,0.1426,0,0,1,0,0,0,1,0,2,1
41,11,4,2,1,0,0,0,0,2,0.0574,1,0,1,0,0,0,0,0,1,0
94,13,20,3,3,0,1,0,0,9,0.0938,1,0,1,1,0,0,3,0,1,1
41,18,14,1,0,0,0,0,1,2,0.0434,0,0,0,0,0,0,0,0,1,0
10,14,17,1,0,0,0,0,0,0,0.0288,0,0,1,0,0,0,0,0,1,0
43,12,9,2,0,0,0,0,0,5,0.1135,0,0,1,0,0,0,0,0,0,0
39,18,7,2,0,0,0,0,0,0,0.0031,0,0,1,0,0,0,0,0,1,0
22,6,18,2,0,0,0,0,0,0,0.0021,1,0,1,0,0,0,0,0,1,0
63,22,19,2,1,0,2,0,1,10,0.1636,2,0,0,0,0,0,3,1,2,1
65,24,43,5,0,0,0,0,1,13,0.2001,2,0,1,0,0,0,1,0,1,1
34,16,20,0,0,0,0,0,1,1,0.0272,1,0,1,0,0,0,0,0,0,0
61,26,23,5,2,0,0,2,2,6,0.1036,1,0,1,0,0,0,2,0,1,1
86,24,38,6,1,0,0,1,1,6,0.0731,1,0,1,0,0,0,1,1,2,1
19,24,0,2,0,0,0,0,0,0,0.0,0,0,1,0,0,0,0,0,2,0
42,11,16,1,0,0,0,0,0,2,0.0492,0,0,1,0,0,0,0,0,0,0
33,18,17,1,0,0,0,0,0,1,0.0255,0,0,1,0,0,1,0,0,0,0
42,11,34,5,2,0,0,0,1,4,0.0872,1,0,1,0,0,0,4,1,1,1
35,20,0,2,1,0,1,0,0,0,0.0,0,0,1,0,0,0,0,0,0,0
63,10,42,3,3,0,1,1,3,6,0.0876,2,0,0,0,0,0,1,0,3,1
90,23,30,4,4,0,1,0,1,5,0.0561,1,0,0,0,0,1,4,0,2,1
43,13,2,2,0,0,1,0,0,2,0.0449,1,0,1,0,0,0,0,1,2,0
81,19,7,6,1,0,0,1,0,5,0.0656,1,0,1,0,0,0,0,1,1,1
62,14,0,1,0,0,0,1,1,3,0.0516,1,0,1,0,0,0,0,0,0,0
35,2,10,2,0,0,0,0,2,1,0.0215,1,0,1,0,0,0,0,0,2,0
47,17,6,3,0,0,0,0,1,3,0.0587,0,0,1,0,0,0,1,0,2,0
96,27,22,2,2,0,0,0,0,14,0.1447,3,0,0,0,0,0,2,0,3,1
73,11,39,4,0,0,2,0,0,12,0.1694,0,0,0,0,1,0,1,1,1,1
20,18,3,1,1,0,0,0,0,1,0.0383,0,0,1,0,0,0,2,0,1,0
38,19,0,2,0,0,0,0,0,1,0.0312,1,0,1,0,0,0,0,0,0,0
53,18,0,3,1,0,0,0,0,0,0.0075,0,0,1,0,1,0,0,0,2,0
58,34,19,4,4,0,1,1,2,16,0.2743,2,1,1,0,0,0,1,0,4,1
9,15,9,2,0,0,0,0,0,0,0.0,0,0,1,0,0,0,0,0,2,0
39,23,30,4,3,0,0,1,1,9,0.2264,0,0,1,0,0,0,0,0,3,1
65,26,25,6,2,0,0,0,0,9,0.1404,2,0,0,0,0,0,0,0,2,1
37,8,1,3,0,0,0,0,0,0,0.0,0,0,1,0,0,0,0,0,0,0
61,19,10,2,1,0,0,0,1,0,0.0,0,0,1,0,0,0,0,0,2,0
59,20,40,5,4,1,0,0,0,3,0.0429,1,0,0,0,0,0,1,0,2,1
49,32,9,5,4,0,0,1,2,6,0.1225,3,0,1,0,1,0,1,0,3,1
87,28,35,3,5,0,1,1,0,22,0.2466,2,0,1,0,0,0,3,0,1,1
74,15,12,5,2,0,2,1,2,5,0.0667,2,0,1,0,0,1,0,1,0,1
72,14,32,4,1,0,0,0,0,11,0.1566,1,0,0,0,0,0,4,0,4,1
34,13,28,2,0,0,0,0,0,0,0.0,1,0,1,0,0,0,0,0,0,0
29,10,13,1,0,0,0,0,0,0,0.0102,0,0,1,0,0,0,0,0,0,0
80,23,1,2,5,0,1,0,1,12,0.1434,1,0,1,0,0,0,3,0,3,1
107,20,19,2,1,0,1,4,1,19,0.1776,1,0,1,0,0,1,2,0,2,1
17,20,7,2,0,0,0,0,0,0,0.0066,0,0,1,0,0,0,0,0,0,0
93,30,22,4,7,0,0,0,1,24,0.2618,2,0,1,0,1,0,1,0,2,1
130,12,15,2,0,0,0,1,1,12,0.0888,0,0,1,0,0,0,5,0,1,1
79,23,30,5,1,0,2,1,0,8,0.1068,2,0,1,0,0,0,0,1,1,1
20,20,9,2,2,0,0,0,0,1,0.0563,0,0,1,0,1,0,0,0,0,0
16,14,2,3,0,0,0,0,0,0,0.0032,0,0,1,0,0,0,0,0,0,0
26,8,14,2,1,0,0,0,1,0,0.0,0,0,1,0,0,0,0,0,2,0
17,10,21,3,0,0,0,0,0,0,0.0,0,0,1,0,0,0,0,0,0,0
18,14,9,1,0,0,0,0,0,0,0.0,0,0,1,0,0,0,0,1,0,0
82,14,39,1,2,0,0,0,3,3,0.042,2,0,0,0,0,0,3,1,1,1
91,21,22,3,1,0,0,0,1,13,0.1419,0,0,0,0,0,0,0,0,1,1
39,19,6,2,0,0,0,0,1,0,0.0043,0,0,1,0,0,0,0,0,0,0
36,28,6,2,0,0,0,0,0,0,0.0,0,0,1,0,0,0,0,0,2,0
33,11,13,2,0,0,0,0,1,1,0.0432,1,0,1,0,0,0,0,0,1,0
21,26,4,2,2,0,0,1,1,2,0.0844,1,0,0,0,0,0,1,0,3,1
54,17,32,4,1,1,1,1,0,1,0.0141,1,0,0,0,1,0,3,1,3,1
21,23,11,0,0,0,0,0,1,0,0.0066,0,0,1,0,0,0,0,1,1,0
81,28,12,2,2,0,1,0,0,16,0.1989,2,0,1,0,0,0,0,0,2,1
63,30,17,4,3,0,1,0,3,12,0.1855,0,1,1,0,0,0,4,1,1,1
84,22,46,0,3,0,1,0,4,13,0.1516,0,0,1,0,0,0,0,0,0,1
32,29,25,2,1,0,2,0,3,4,0.1323,0,0,0,0,0,0,0,0,1,1
36,20,0,2,0,0,0,0,0,2,0.0457,0,0,1,0,0,0,0,0,1,0
54,15,32,5,4,0,1,1,1,4,0.074,3,0,0,1,0,1,0,0,3,1
5,16,16,2,1,0,1,0,1,0,0.0,0,0,1,0,0,0,1,0,1,0
59,32,18,5,3,0,0,0,0,0,0.0,3,1,0,0,0,0,0,1,2,1
46,23,7,2,0,0,0,0,0,1,0.0287,0,0,1,0,0,0,0,0,2,0
11,12,21,1,0,0,0,0,0,1,0.0655,0,0,1,0,0,0,0,0,0,0
127,12,25,0,2,0,1,0,1,8,0.0667,1,0,0,0,0,0,0,0,1,1
52,36,41,3,3,0,0,0,1,4,0.0845,2,1,0,0,0,0,2,0,2,1
28,16,9,2,0,0,0,0,0,1,0.0269,0,0,1,0,0,0,1,0,2,0
54,26,52,5,1,0,0,0,1,4,0.0744,3,0,1,0,0,1,0,1,3,1
35,14,1,1,0,0,0,0,0,0,0.0033,1,0,1,0,0,1,1,0,1,0
19,30,17,3,2,0,1,1,1,1,0.0379,1,0,0,0,0,1,2,1,2,1
67,12,19,1,1,0,1,1,0,9,0.1299,3,1,1,0,0,1,1,0,2,1
38,18,42,1,2,0,1,0,1,3,0.0842,1,0,0,0,0,0,1,0,3,1
92,21,17,1,1,1,1,0,1,27,0.2893,0,0,0,0,0,0,1,0,2,1
77,34,22,0,3,0,0,1,1,0,0.0,2,0,1,0,1,0,2,0,1,1
45,13,14,3,0,0,0,0,0,2,0.035,0,0,1,0,0,0,1,0,0,0
54,12,14,1,0,0,0,0,0,0,0.0,0,0,1,0,0,0,0,0,0,0
86,29,35,3,2,0,0,1,2,15,0.1724,1,0,1,0,0,0,1,0,3,1
43,32,6,2,1,0,0,0,1,0,0.0025,0,0,0,0,0,1,0,0,0,0
54,22,43,2,2,0,1,3,1,10,0.1879,1,0,1,0,0,0,2,1,4,1
68,13,34,6,3,0,0,1,1,5,0.0793,3,0,0,0,0,0,1,0,2,1
54,18,42,3,2,0,0,0,0,8,0.1573,0,0,1,0,0,1,0,1,2,1
85,26,32,5,3,0,0,1,2,11,0.1251,3,1,0,0,0,0,4,0,1,1
104,36,24,3,1,0,0,0,0,13,0.1281,3,0,1,0,0,0,1,0,2,1
27,14,5,1,1,0,0,0,0,1,0.0423,1,0,1,0,0,0,0,0,0,0
48,13,13,2,0,0,0,0,0,2,0.039,1,0,1,0,0,0,0,0,1,0
58,17,12,2,0,0,0,0,0,0,0.0,0,0,1,0,0,0,0,1,2,0
42,8,12,1,1,0,0,0,0,3,0.0635,0,0,1,0,0,0,0,0,0,0
103,21,48,3,1,0,0,0,3,13,0.1231,1,0,1,0,1,0,2,0,0,1
19,22,15,1,0,0,1,0,0,0,0.0,0,0,1,0,1,0,0,0,0,0
54,34,9,2,2,0,0,1,2,4,0.0669,1,0,0,0,0,1,2,0,4,1
27,7,10,3,1,0,0,0,0,0,0.0,1,0,1,0,0,0,0,0,0,0
33,13,26,3,0,0,0,0,0,0,0.0065,0,0,1,0,0,0,0,0,1,0
46,22,30,5,2,0,0,0,0,14,0.3088,3,0,0,0,1,0,1,0,3,1
73,22,1,2,4,0,1,1,3,7,0.1,1,0,1,0,0,0,2,1,2,1
21,14,5,2,0,0,0,0,0,0,0.0064,1,0,0,0,0,0,0,0,0,0
55,30,34,4,1,0,0,0,0,2,0.0386,1,0,1,0,0,1,1,0,1,1
74,31,52,3,1,0,1,0,1,9,0.1156,0,1,0,0,0,0,1,1,0,1
85,22,37,6,2,0,0,0,1,8,0.09,1,1,0,0,0,0,2,1,1,1
25,7,33,2,0,0,0,1,1,0,0.0,0,0,1,0,0,0,0,0,0,0
26,18,1,1,2,0,0,0,0,1,0.0435,0,0,1,0,0,0,0,0,1,0
54,11,13,0,0,0,0,0,1,4,0.0703,1,0,1,0,0,0,0,0,1,0
115,14,31,5,5,0,0,0,1,5,0.0476,0,1,0,1,1,1,2,0,1,1
27,18,13,2,0,0,0,0,0,1,0.0191,1,0,1,0,0,0,0,0,1,0
21,17,15,2,0,0,0,0,0,2,0.0772,2,0,1,0,0,0,0,0,0,0
12,18,20,2,0,0,0,0,0,0,0.0,1,0,1,0,0,0,0,0,0,0
14,13,16,2,0,0,0,0,0,0,0.0,0,0,1,0,0,0,0,0,1,0
101,13,59,2,1,0,0,0,1,27,0.2651,1,0,1,0,0,0,0,0,2,1
31,6,15,2,3,0,0,0,0,1,0.0463,0,0,0,0,0,0,0,0,1,0
27,22,14,1,0,0,0,0,1,0,0.0,1,0,1,0,0,0,0,1,1,0
22,30,34,4,2,0,0,0,1,3,0.1226,3,0,0,0,0,0,2,0,0,1
63,28,9,4,3,0,0,0,1,0,0.0,3,0,1,0,0,0,1,0,2,1
46,15,22,2,0,0,0,0,0,0,0.0,0,0,1,0,0,0,0,0,0,0
43,13,18,3,0,0,0,0,0,0,0.0,1,0,1,0,0,0,0,0,0,0
44,13,21,2,0,0,1,0,0,3,0.0567,0,0,1,0,0,0,0,0,0,0
34,14,1,3,0,0,0,0,0,0,0.0007,0,0,1,0,0,1,0,0,0,0
44,13,18,3,0,0,0,0,2,2,0.0428,1,0,1,0,0,0,0,0,1,0
51,27,54,2,1,0,1,0,0,3,0.0652,3,0,0,0,0,0,3,0,3,1
81,33,14,4,3,0,1,0,0,19,0.2332,1,0,0,0,1,1,1,0,2,1
71,27,47,1,0,1,0,0,1,4,0.058,1,0,0,0,0,1,2,0,3,1
88,34,19,1,3,0,1,1,0,10,0.1157,2,0,1,0,0,0,2,0,5,1
15,8,9,2,0,1,0,0,0,0,0.0,0,0,1,0,0,0,0,0,1,0
82,8,23,3,0,0,0,1,0,13,0.1599,1,1,0,0,0,1,1,0,1,1
41,22,5,2,0,0,0,0,0,1,0.0257,1,0,1,0,0,0,0,0,1,0
53,17,21,4,3,0,2,1,1,3,0.0553,1,0,0,0,0,0,3,0,0,1
40,17,15,2,2,0,0,0,0,0,0.0,0,0,1,0,0,0,0,0,0,0
29,28,16,4,3,1,0,0,5,2,0.081,3,0,0,0,0,0,3,0,1,1
54,4,10,3,3,0,0,1,0,4,0.0773,0,0,1,0,0,0,5,0,2,1
32,17,14,2,0,0,0,0,0,2,0.0617,0,0,1,0,0,0,0,0,1,0
54,0,11,4,0,0,0,0,2,1,0.0275,0,0,0,0,0,0,0,0,1,0
50,24,14,1,1,0,0,1,1,6,0.1207,0,1,1,0,0,0,2,1,3,1
16,8,6,1,0,0,1,0,0,0,0.0,1,0,1,0,0,0,0,0,1,0
50,19,5,2,0,0,0,0,0,1,0.0131,0,0,1,0,0,0,0,0,2,0
95,14,23,4,3,0,2,1,0,18,0.1901,1,1,1,0,0,0,1,1,4,1
33,13,15,1,0,0,0,0,0,1,0.0299,0,0,1,0,0,0,0,0,1,0
36,14,13,2,1,0,0,0,0,1,0.0139,1,0,1,0,0,0,0,0,1,0
0,32,34,3,3,0,0,0,1,0,0.0493,0,0,0,0,0,1,3,1,2,1
84,20,27,4,4,0,0,0,1,16,0.1907,0,0,1,0,0,0,5,0,2,1
101,31,21,2,3,0,2,2,3,2,0.0226,1,1,0,0,0,0,1,1,3,1
51,33,32,3,4,0,2,1,1,2,0.0484,0,0,0,0,0,1,1,0,1,1
94,22,7,3,0,1,0,2,0,16,0.1719,3,0,0,0,1,0,1,0,2,1
52,17,27,2,0,0,0,0,0,10,0.1919,3,0,1,0,1,0,1,1,3,1
111,14,19,7,0,0,0,0,0,25,0.2224,1,0,0,0,1,0,3,1,1,1
41,16,9,2,0,0,0,0,0,0,0.0,0,0,1,0,0,0,1,0,2,0
36,25,20,3,0,0,0,0,0,3,0.097,0,0,1,0,0,0,1,1,2,1
56,21,60,2,1,0,0,0,0,4,0.072,0,0,1,0,0,1,4,1,3,1
83,21,34,1,2,0,0,0,2,2,0.0277,3,0,1,0,1,1,2,0,5,1
38,13,18,2,2,0,0,0,0,0,0.0,0,0,1,0,0,0,1,0,1,0
82,20,44,4,1,0,0,2,1,0,0.0,0,0,1,0,1,1,1,0,0,1
118,31,21,5,1,0,0,0,1,7,0.0606,4,1,1,0,0,0,2,0,2,1
75,5,21,2,1,1,1,1,1,11,0.1431,0,0,1,0,0,0,0,0,2,1
60,20,7,1,0,0,1,0,0,3,0.055,0,0,1,0,0,0,0,0,0,0
43,15,0,3,0,0,0,0,1,0,0.0,0,0,1,0,0,0,0,0,1,0
97,26,33,4,5,0,2,0,0,11,0.1094,2,0,0,1,0,0,2,0,3,1
16,9,7,1,2,0,0,0,0,0,0.0134,0,0,1,0,0,0,0,0,2,0
33,12,17,1,0,0,1,0,0,0,0.0,0,0,1,0,0,0,0,0,1,0
38,7,10,1,0,0,0,0,1,0,0.0117,0,0,1,0,0,0,0,0,2,0
60,33,20,2,2,0,0,0,1,8,0.1393,1,0,1,0,0,0,5,0,4,1
40,10,9,1,0,0,0,0,0,0,0.0,0,0,1,0,0,0,0,0,0,0
36,25,16,3,2,0,0,1,1,5,0.1488,3,0,1,0,0,0,6,0,2,1
46,17,39,1,4,0,0,0,1,8,0.1755,1,0,0,0,0,1,1,1,2,1
62,39,12,3,3,0,3,0,2,6,0.0947,2,0,1,0,0,1,1,0,4,1
21,18,28,1,0,0,0,0,0,1,0.0655,1,0,0,0,0,0,0,0,1,0
27,28,3,2,0,0,0,0,0,1,0.039,0,0,1,0,0,0,0,0,0,0
43,34,37,2,1,0,2,1,1,12,0.2724,2,0,1,0,0,0,1,1,3,1
29,12,6,3,0,0,0,0,0,1,0.0407,0,0,1,0,0,0,0,0,0,0
39,15,35,2,0,0,0,0,0,1,0.031,1,0,0,0,0,0,0,0,0,0
74,20,39,3,1,0,3,1,0,12,0.1644,2,0,1,0,0,0,1,0,0,1
26,22,8,2,2,0,1,0,1,1,0.0212,0,0,1,0,0,0,0,0,1,0
39,15,0,2,0,0,0,0,0,0,0.0,1,0,0,0,0,0,0,0,3,0
64,36,21,3,1,0,2,0,0,9,0.1452,2,0,1,0,0,0,3,1,1,1
39,13,26,2,0,0,0,0,2,0,0.0,0,0,1,0,0,0,0,0,2,0
66,38,18,1,1,0,2,1,1,0,0.0,2,0,1,0,0,0,1,1,1,1
46,16,18,2,0,0,1,0,0,0,0.0,0,0,1,0,0,0,0,0,0,0
56,23,28,2,3,0,0,1,2,12,0.2201,2,0,0,0,0,0,1,0,4,1
54,17,6,2,0,0,0,0,0,2,0.0437,0,0,1,0,0,0,0,0,2,0
85,14,45,3,2,0,1,0,2,0,0.0,3,0,0,0,0,0,0,1,1,1
84,36,42,3,3,0,1,1,2,14,0.1711,0,0,1,1,0,0,3,0,3,1
26,16,12,2,0,0,0,0,0,2,0.078,0,0,1,0,0,0,1,1,0,0
42,26,22,3,3,0,2,1,3,11,0.2642,2,0,0,0,1,0,0,0,1,1
40,2,2,2,0,1,0,0,0,0,0.0,1,0,1,0,0,0,0,0,0,0
31,6,5,4,0,0,0,0,0,2,0.0505,0,0,1,0,0,0,0,0,1,0
37,15,8,2,0,0,0,0,0,3,0.0738,1,0,0,0,0,0,0,0,2,0
26,10,52,5,2,0,1,0,0,5,0.1812,0,0,1,0,0,0,5,1,2,1
48,29,25,2,4,0,0,1,0,4,0.0727,5,0,1,0,0,0,1,0,2,1
37,21,19,2,1,0,0,0,0,0,0.0,0,0,1,0,0,0,1,0,0,0
46,19,26,3,5,0,0,1,3,6,0.1268,1,0,0,0,0,0,3,0,1,1
104,28,13,6,4,0,1,0,2,16,0.152,2,0,1,0,0,1,0,1,1,1
22,19,20,1,0,0,0,0,0,0,0.022,1,0,1,0,0,0,0,0,2,0
76,23,15,6,2,0,0,0,1,13,0.1651,1,0,1,1,0,0,2,1,2,1
66,19,29,5,2,0,0,1,2,4,0.056,2,0,1,0,0,0,2,0,1,1
30,9,12,2,0,0,1,1,0,1,0.0401,0,0,1,0,0,0,0,0,2,0
84,43,45,1,1,0,0,0,1,6,0.0748,3,0,0,0,0,1,2,0,2,1
33,15,7,1,2,0,0,0,1,0,0.0,0,0,0,0,0,0,0,0,1,0
34,1,7,3,0,0,0,0,0,0,0.0,0,0,1,0,0,0,0,0,1,0
48,21,10,2,2,0,0,0,0,0,0.0086,1,0,1,0,0,0,0,0,2,0
25,11,18,2,0,0,0,0,0,0,0.0,0,0,1,0,0,0,0,0,2,0
24,10,9,2,0,0,0,0,1,2,0.0707,1,0,1,0,0,0,0,0,0,0
60,32,11,0,5,0,3,0,1,5,0.091,1,0,0,0,0,0,1,0,1,1
62,29,2,4,3,0,1,0,1,7,0.114,0,0,1,0,0,0,4,1,0,1
113,14,31,4,3,0,0,0,1,19,0.1705,2,0,0,0,0,0,2,0,1,1
34,16,3,1,1,0,0,1,1,1,0.0169,1,0,1,0,0,0,2,1,2,1
71,29,23,3,3,0,0,0,0,7,0.1016,2,0,0,0,0,0,3,0,4,1
23,17,17,3,0,0,0,0,2,0,0.0158,1,0,1,0,0,0,0,0,3,0
77,19,13,4,4,0,2,0,2,0,0.0,1,1,0,0,1,0,2,0,2,1
33,9,23,0,1,0,0,0,0,0,0.0,2,0,1,0,0,0,0,0,0,0
24,9,22,2,0,0,0,0,0,0,0.0136,0,0,1,0,0,0,1,0,0,0
72,29,27,2,1,0,1,0,2,20,0.2738,3,1,1,1,0,0,0,1,1,1
15,13,23,1,1,0,0,0,1,0,0.03,2,0,1,0,0,0,0,0,1,0
33,21,12,3,0,0,0,0,0,1,0.0292,1,0,1,0,0,0,0,0,0,0
75,12,23,3,3,0,0,1,0,4,0.0512,1,0,0,0,0,0,1,0,4,1
23,20,0,2,0,0,0,0,0,2,0.0741,1,0,0,0,0,0,1,0,0,0
78,20,21,1,3,0,0,0,1,11,0.1429,1,0,0,0,0,0,2,0,1,1
38,6,7,3,1,0,0,1,1,0,0.0,0,0,1,0,0,0,0,0,0,0
46,18,11,2,0,0,0,0,1,1,0.0206,0,0,1,0,0,0,0,0,1,0
88,21,42,3,1,0,1,0,2,20,0.2279,3,1,1,0,0,0,0,1,2,1
29,29,12,2,0,0,0,0,0,0,0.01,1,0,1,0,0,0,0,0,2,0
11,13,16,2,1,0,0,0,1,0,0.015,0,0,1,0,0,0,1,0,0,0
56,12,9,1,0,0,0,0,0,2,0.0271,0,0,1,0,0,1,0,0,0,0
29,26,27,3,3,0,1,1,3,3,0.094,3,0,1,0,0,0,3,1,3,1
31,17,13,2,0,0,0,0,0,1,0.0275,0,0,1,0,0,0,1,0,1,0
37,7,13,1,0,0,1,0,0,0,0.0,0,0,1,0,0,0,0,0,0,0
59,31,7,2,2,0,0,0,1,14,0.232,1,0,1,0,0,1,1,1,1,1
41,7,10,1,1,0,0,0,0,0,0.0061,0,0,1,0,0,0,0,0,0,0
47,30,33,4,4,0,0,0,1,11,0.2316,1,0,0,0,0,1,1,1,2,1
100,33,29,4,1,0,0,0,1,24,0.2348,1,0,0,0,0,0,2,0,2,1
29,15,6,1,0,0,0,0,0,1,0.0216,0,0,1,0,0,0,1,0,0,0
35,6,15,1,1,0,0,0,0,0,0.0037,1,0,1,0,0,0,0,0,0,0
23,22,3,2,1,0,0,0,0,0,0.0045,1,0,1,0,0,0,0,0,0,0
86,31,39,4,1,0,0,0,1,24,0.282,1,0,0,0,0,0,1,0,3,1
43,21,11,3,0,0,0,0,0,1,0.0134,0,0,1,0,0,0,0,0,2,0
30,14,9,2,1,0,1,0,1,0,0.0,0,0,1,0,0,0,0,0,1,0
113,34,36,4,2,0,1,2,0,14,0.1229,0,0,0,0,0,0,3,0,2,1
122,34,10,4,4,0,1,1,5,16,0.1282,0,0,0,0,0,0,0,1,3,1
36,14,12,3,2,0,0,0,1,1,0.0353,0,0,1,0,0,0,0,0,0,0
57,27,30,4,1,0,2,0,0,7,0.1183,0,1,0,0,0,1,3,0,2,1
67,30,23,4,2,0,2,2,2,4,0.0588,1,0,0,0,0,0,2,0,3,1
47,27,30,3,1,0,0,1,1,5,0.1074,1,0,0,0,0,0,1,1,3,1
42,15,5,1,0,0,0,0,0,3,0.0803,1,0,1,0,0,0,0,0,1,0
42,14,0,1,1,0,0,0,0,1,0.0326,1,0,1,0,1,0,0,0,0,0
37,15,16,2,0,0,0,0,0,0,0.0,0,0,1,0,0,0,0,0,1,0
18,8,19,2,1,0,0,0,1,0,0.0,1,0,1,0,0,0,1,0,0,0
71,30,29,6,2,0,1,0,1,14,0.1937,2,0,0,0,0,0,3,0,0,1
11,31,18,4,1,0,0,0,0,1,0.0625,1,1,1,0,0,0,1,1,0,1
48,20,16,4,3,0,1,0,1,6,0.1175,0,1,0,0,0,0,1,0,2,1
69,30,22,5,0,0,0,0,2,3,0.0405,4,0,1,0,1,0,1,0,0,1
54,24,5,0,0,0,0,0,1,3,0.0552,0,0,1,0,0,0,0,0,1,0
69,27,29,3,1,0,0,0,2,13,0.1811,0,0,0,0,1,0,0,1,3,1
18,20,11,2,1,0,1,0,0,0,0.0033,0,0,1,0,0,0,0,0,0,0
40,32,18,4,1,0,0,0,0,4,0.0981,1,0,1,0,0,1,3,0,1,1
47,12,13,3,0,0,0,0,0,1,0.0162,0,0,1,0,0,0,0,0,0,0
81,16,19,3,3,0,1,0,1,5,0.0634,2,0,0,0,0,1,2,0,1,1
67,32,62,3,3,0,0,0,0,9,0.1294,4,1,0,0,0,0,2,1,2,1
29,13,2,1,0,0,0,0,0,0,0.0,1,0,1,0,0,0,0,0,2,0
77,20,56,6,3,0,0,0,1,0,0.0,4,0,0,0,0,0,1,1,3,1
51,11,13,2,0,0,0,0,2,2,0.0366,0,0,1,0,0,0,0,0,2,0
32,8,24,3,0,0,0,0,0,0,0.0054,1,0,1,0,0,0,0,0,1,0
31,16,7,2,0,0,0,0,2,0,0.0142,0,0,1,0,0,0,0,0,1,0
67,17,3,4,6,0,1,1,0,10,0.1504,1,0,1,0,0,0,1,1,0,1
47,11,24,3,1,0,0,0,1,0,0.0,3,0,1,0,0,0,1,1,1,1
36,15,11,2,0,0,0,0,0,2,0.0653,1,0,0,0,0,0,0,0,1,0
20,15,14,2,0,0,0,0,0,1,0.0394,0,0,1,0,0,0,0,0,2,0
65,26,21,2,3,0,0,0,2,5,0.085,1,0,1,0,0,0,3,1,6,1
55,16,4,1,1,0,0,0,0,0,0.0,0,0,1,0,0,0,0,0,0,0
84,17,35,2,2,0,1,1,0,5,0.0555,2,0,0,0,0,0,7,0,1,1
81,14,2,3,3,0,1,2,1,18,0.2198,1,1,1,0,0,1,2,0,2,1
27,15,14,3,2,0,0,1,0,1,0.0369,0,0,1,0,0,0,0,0,0,0
62,21,29,3,4,1,0,1,1,6,0.103,1,0,1,1,0,1,3,1,2,1
46,9,21,2,1,0,0,0,0,4,0.077,0,0,1,0,0,0,0,0,0,0
77,25,69,5,5,0,1,0,0,10,0.1338,1,0,1,0,0,0,2,0,0,1
39,16,21,2,0,0,0,0,0,0,0.0,0,0,1,0,0,0,0,0,0,0
17,15,6,2,1,0,0,0,0,1,0.0717,1,0,1,0,0,0,1,0,0,0
74,25,27,5,0,0,1,0,1,0,0.0,2,0,0,0,0,1,3,1,0,1
49,22,0,5,2,0,2,1,0,1,0.0245,2,0,1,0,0,0,1,0,0,1
52,15,0,1,4,0,0,0,3,3,0.0536,0,0,0,0,0,0,2,0,2,1
65,16,21,2,0,0,1,0,0,2,0.0352,2,0,1,0,0,0,0,1,0,0
44,13,18,1,0,0,1,1,0,0,0.0039,1,0,1,0,0,0,0,0,0,0
30,20,7,2,0,0,0,0,0,0,0.0,0,0,1,0,0,1,0,0,0,0
75,12,26,3,2,0,1,1,1,4,0.0559,0,1,0,0,0,0,2,0,3,1
28,7,5,2,1,0,0,0,0,0,0.0,0,0,1,0,0,0,0,0,0,0
84,19,25,3,1,0,2,0,2,14,0.1607,0,0,1,0,0,1,1,1,4,1
86,28,27,3,4,0,1,2,1,22,0.2547,1,0,1,0,0,0,2,1,2,1
23,12,2,4,0,0,0,0,0,0,0.0,0,0,1,0,0,0,0,0,2,0
71,28,26,1,4,0,0,0,3,0,0.0,1,0,0,0,0,0,5,0,4,1
91,41,20,2,4,0,0,1,0,24,0.2602,2,0,1,0,0,0,0,0,1,1
29,14,2,1,0,0,0,1,0,1,0.0431,1,0,1,0,0,0,0,0,1,0
69,32,37,2,1,1,2,1,0,9,0.1351,3,0,0,0,0,0,2,0,1,1
85,27,15,3,3,0,0,1,0,13,0.1586,2,0,0,0,0,0,2,1,4,1
27,16,9,2,1,0,1,0,0,0,0.0093,0,0,1,0,0,0,0,0,1,0
83,20,35,1,3,0,2,1,0,10,0.1192,1,0,0,0,1,1,3,0,2,1
44,26,7,3,0,0,0,0,0,0,0.0,0,0,1,0,0,0,0,0,1,0
50,39,0,2,1,0,1,0,4,1,0.0164,1,0,0,0,1,0,1,1,1,1
38,12,11,2,1,0,0,0,0,0,0.0046,0,0,0,0,0,0,0,0,0,0
46,29,65,4,2,0,0,0,1,5,0.1122,2,1,0,0,0,0,3,0,3,1
37,31,22,2,2,0,1,1,0,0,0.0101,2,1,0,0,0,1,3,0,3,1
32,22,7,2,0,0,0,0,1,1,0.0456,0,0,1,0,0,0,0,0,1,0
77,26,59,3,1,0,0,0,0,1,0.0096,0,0,1,0,1,0,2,0,1,1
120,12,0,3,3,0,1,0,2,15,0.1271,3,0,0,0,0,0,0,0,1,1
38,24,22,2,0,0,0,0,1,1,0.0189,0,0,0,0,0,0,1,1,1,0
89,41,36,3,1,0,1,1,2,0,0.0,1,0,1,0,0,1,2,0,2,1
39,24,40,4,2,0,1,0,2,0,0.0,3,0,0,0,0,0,2,0,0,1
84,26,6,2,0,0,1,0,0,12,0.1424,3,0,0,0,1,0,5,0,1,1
105,32,10,5,2,0,2,1,1,18,0.1714,1,0,1,0,0,1,1,1,1,1
36,13,10,1,0,0,0,0,1,0,0.006,1,0,1,0,0,0,0,0,0,0
34,14,23,3,1,0,1,0,2,6,0.1637,2,0,0,0,1,0,2,0,3,1
62,16,37,0,1,0,0,1,0,7,0.1191,1,1,1,0,0,0,1,0,3,1
92,26,51,2,3,0,1,0,1,18,0.1955,2,0,1,0,0,1,4,0,1,1
53,31,60,4,2,0,0,1,0,4,0.0699,2,0,0,0,0,0,4,0,2,1
29,14,13,2,0,0,0,0,0,1,0.046,0,0,1,0,0,0,1,0,0,0
20,17,14,3,1,0,0,0,0,0,0.015,0,0,1,0,0,0,0,0,3,0
33,9,20,3,0,0,0,0,0,2,0.0453,1,0,1,0,0,0,1,0,0,0
115,6,29,4,1,0,1,0,0,14,0.1226,2,1,1,0,0,0,2,1,6,1
32,7,7,2,0,0,0,0,0,1,0.0414,0,0,1,0,0,0,0,1,0,0
5,3,7,3,0,0,1,0,0,0,0.0206,0,0,1,0,0,0,0,1,1,0
25,9,12,2,0,0,0,0,0,2,0.0671,1,0,1,0,0,0,0,0,1,0
72,47,29,5,0,0,0,1,4,12,0.1646,4,0,1,0,0,0,2,0,4,1
37,15,7,2,0,0,0,0,0,3,0.0883,1,0,1,0,0,0,0,1,0,0
87,17,14,2,2,0,0,0,1,17,0.1981,2,0,0,1,0,1,5,1,0,1
99,33,51,3,0,0,0,0,3,21,0.2065,3,0,1,0,0,1,6,1,3,1
11,8,0,3,0,0,0,1,1,0,0.0413,1,0,1,0,0,0,0,0,2,0
37,26,15,1,0,0,0,0,0,1,0.0181,0,0,1,0,0,0,0,0,2,0
91,33,29,6,1,0,0,0,1,15,0.1698,3,0,1,0,0,1,2,1,2,1
34,22,13,2,1,0,0,1,0,1,0.0224,0,0,1,0,0,0,0,0,0,0
28,17,21,1,0,0,1,0,1,0,0.0,0,0,1,0,0,0,0,0,0,0
25,10,17,2,1,0,0,1,0,0,0.0,0,0,1,0,0,0,0,0,0,0
77,18,28,3,3,0,1,0,1,11,0.141,1,0,0,0,0,0,3,1,1,1
28,21,14,1,0,0,0,0,1,1,0.0306,0,0,1,0,0,0,1,0,0,0
38,26,17,5,6,0,0,2,0,1,0.0203,0,0,0,0,0,0,0,1,4,1
96,14,25,5,4,0,1,0,0,7,0.0761,2,0,0,0,0,0,4,0,0,1
47,7,6,0,0,0,0,0,0,0,0.0028,0,0,1,0,0,0,0,0,2,0
25,17,21,1,0,0,0,0,1,1,0.0221,1,0,1,0,0,0,0,0,0,0
50,26,43,3,3,1,2,0,3,4,0.0849,2,0,0,0,0,1,1,1,3,1
82,20,38,5,3,0,1,2,0,8,0.097,1,0,1,0,0,0,0,0,2,1
48,13,6,2,0,0,0,0,0,0,0.0,1,0,1,0,0,0,0,0,1,0
22,18,21,3,0,0,0,0,0,0,0.0034,0,0,0,0,0,0,0,0,1,0
53,22,29,4,2,0,1,0,0,8,0.1447,3,0,0,0,0,0,1,0,3,1
80,8,29,5,2,0,1,0,0,9,0.1131,1,0,0,0,0,0,2,0,1,1
48,16,4,2,1,0,0,0,0,1,0.0279,1,0,1,0,0,1,0,0,2,0
36,12,14,2,0,0,0,0,0,1,0.0304,0,0,1,0,0,0,0,0,0,0
21,11,14,2,1,0,0,0,1,0,0.0033,0,0,1,0,0,0,0,0,0,0
28,14,7,5,2,0,0,0,1,6,0.2023,2,0,0,0,0,0,2,0,4,1
31,26,32,3,3,0,1,1,0,3,0.0814,0,0,0,0,0,1,3,1,2,1
83,23,8,2,2,0,0,0,0,1,0.0147,0,0,0,0,1,0,0,0,2,1
40,14,9,3,0,0,1,0,1,2,0.0384,0,0,1,0,0,0,0,0,0,0
9,19,18,1,0,0,0,0,0,0,0.0387,0,0,1,0,0,0,0,0,2,0
42,17,15,1,0,0,0,0,0,1,0.0129,0,0,1,0,0,0,0,0,0,0
38,30,29,3,4,0,1,0,1,5,0.1452,0,1,1,0,0,1,0,0,1,1
33,21,14,0,1,0,0,0,0,1,0.0372,0,0,1,0,0,0,0,0,0,0
52,8,14,2,0,0,0,0,0,2,0.0418,0,0,1,0,0,0,0,0,2,0
30,13,13,3,1,0,0,0,0,1,0.0476,1,0,1,0,0,0,0,0,2,0
67,28,20,4,1,0,1,0,3,7,0.1081,0,1,0,0,0,0,3,0,1,1
31,41,16,3,1,0,0,1,2,0,0.0,4,1,1,0,0,0,2,1,2,1
42,19,8,2,1,0,1,0,1,1,0.0195,0,0,1,0,0,0,0,0,1,0
51,15,29,2,1,0,0,0,0,0,0.0,2,0,1,0,0,0,0,0,1,0
13,20,26,2,0,0,0,0,0,0,0.0,0,0,1,0,0,0,0,0,0,0
45,19,11,2,0,0,0,0,0,1,0.0162,0,0,1,0,0,0,0,0,0,0
22,16,13,3,2,0,1,0,0,1,0.043,0,0,1,0,0,0,0,0,0,0
70,20,55,4,0,0,0,2,0,9,0.1233,2,0,0,0,0,0,3,1,1,1
17,19,4,2,0,0,0,0,1,0,0.0,2,0,1,0,0,0,0,0,0,0
28,15,15,1,0,0,1,0,0,0,0.0,0,0,1,0,0,0,0,0,1,0
95,36,30,4,2,0,0,0,1,4,0.0449,0,0,1,0,0,0,1,1,1,1
19,11,15,2,0,0,0,0,0,1,0.0456,0,0,1,0,0,0,0,0,2,0
34,23,19,2,1,0,0,0,0,1,0.017,1,0,1,0,0,0,0,0,0,0
33,14,40,1,1,0,0,0,0,5,0.1658,0,1,0,0,0,0,1,0,1,1
49,23,5,3,1,0,0,0,2,3,0.0592,0,0,1,0,1,0,0,0,2,0
28,12,7,1,0,0,0,0,1,1,0.0304,0,0,1,0,0,0,1,0,1,0
84,34,17,4,3,1,0,0,0,18,0.2159,0,0,1,0,0,0,3,0,3,1
102,45,26,3,2,0,0,1,1,10,0.0989,3,0,1,0,0,0,0,0,3,1
78,17,28,3,2,0,0,0,0,13,0.1734,1,0,1,0,0,1,3,0,2,1
39,13,4,1,1,0,0,0,0,2,0.0476,1,0,1,0,0,0,0,0,0,0
66,32,7,2,3,0,1,1,0,12,0.1849,0,0,1,0,0,1,3,0,0,1
76,11,11,3,3,0,1,1,1,1,0.0088,2,0,1,0,0,0,3,0,2,1
14,15,17,2,0,0,0,1,0,1,0.0624,0,0,0,0,0,0,0,0,1,0
42,11,5,2,0,0,1,0,0,0,0.0057,0,0,1,0,0,0,0,0,1,0
39,23,17,4,1,0,0,1,1,10,0.2438,2,1,1,0,0,1,2,0,7,1
32,16,24,1,1,0,1,1,0,4,0.1162,2,0,1,0,0,1,1,1,1,1
126,31,26,3,2,0,2,0,1,15,0.1163,1,1,0,0,0,0,1,0,2,1
29,10,15,1,0,0,0,0,0,0,0.0009,0,0,1,0,0,0,0,0,3,0
61,16,38,5,2,0,0,0,0,6,0.1055,1,0,0,0,0,1,0,0,2,1
34,39,44,5,2,0,1,0,1,4,0.1206,0,0,0,0,0,0,0,1,0,1
28,11,18,1,0,0,0,0,1,1,0.021,1,0,1,0,0,0,0,0,0,0
25,10,30,1,0,0,1,0,1,4,0.1578,2,1,1,0,0,0,1,1,1,1
105,19,23,1,2,0,0,0,0,4,0.0407,1,0,0,0,0,1,2,0,2,1
33,14,12,2,0,0,0,0,1,0,0.0005,0,0,1,0,0,0,0,0,4,0
10,10,21,3,0,0,1,0,1,0,0.0394,0,0,1,0,1,0,0,0,2,0
117,35,17,5,2,0,0,1,1,9,0.0751,0,0,1,0,0,0,2,1,3,1
28,16,14,3,1,0,0,0,1,1,0.0481,0,0,1,0,0,0,0,0,0,0
106,24,27,1,3,0,1,0,0,12,0.1141,1,1,0,0,0,0,4,1,2,1
30,21,11,2,0,0,0,0,1,1,0.0196,0,0,0,0,0,0,0,0,0,0
52,6,30,4,3,0,1,1,1,9,0.1674,1,0,0,0,0,0,0,0,2,1
26,15,0,2,0,0,0,0,0,0,0.0,0,0,1,0,0,1,0,0,2,0
16,23,7,2,1,0,0,0,0,1,0.0427,0,0,1,0,0,0,0,0,2,0
47,11,14,2,1,0,0,0,1,2,0.0442,0,0,1,0,0,0,0,0,1,0
12,14,2,1,0,0,0,0,1,0,0.019,0,0,0,0,0,0,1,0,0,0
48,36,13,1,1,0,0,3,0,1,0.011,1,0,1,0,0,0,0,0,3,1
74,23,37,4,1,0,1,0,0,13,0.1791,5,0,0,0,0,1,0,1,3,1
31,25,7,1,0,0,0,0,0,1,0.0272,0,0,1,0,0,0,0,0,1,0
56,36,10,5,0,0,1,1,1,8,0.1351,1,0,0,0,1,0,1,1,1,1
88,11,35,2,5,0,1,1,1,9,0.1032,1,0,0,0,0,0,3,1,2,1
35,20,4,2,0,0,0,0,0,1,0.0272,0,0,1,0,0,0,0,0,1,0
67,22,25,3,1,0,0,0,2,16,0.2434,2,1,0,0,0,1,3,0,3,1
38,12,21,2,0,0,0,0,0,2,0.0628,0,0,1,0,0,0,1,0,2,0
99,20,26,5,2,0,1,0,1,10,0.098,0,0,1,0,0,0,2,0,1,1
40,30,10,6,3,0,0,0,1,1,0.023,0,0,0,0,0,1,0,0,1,1
70,14,30,5,2,0,1,1,0,0,0.0,3,0,0,0,1,0,1,1,0,1
65,25,35,3,1,0,0,0,3,8,0.1197,1,0,1,0,1,0,1,1,0,1
7,15,33,1,0,0,0,0,0,0,0.0086,0,0,1,0,0,0,0,0,0,0
40,32,35,1,3,0,0,1,2,5,0.133,0,0,0,0,0,0,1,1,0,1
51,17,12,2,0,0,1,0,0,0,0.0047,3,0,1,0,0,0,0,0,1,0
60,14,6,1,1,0,0,0,0,5,0.0776,0,0,1,0,0,0,0,0,2,0
30,13,14,2,0,0,0,1,0,0,0.0,1,0,1,0,0,0,0,0,0,0
33,18,21,1,0,0,0,0,1,2,0.051,1,0,1,0,0,0,0,0,0,0
46,15,9,3,0,0,0,0,0,1,0.0309,0,0,1,0,0,0,0,0,1,0
25,20,10,1,2,0,1,0,0,0,0.0,0,0,1,0,0,0,0,0,1,0
30,14,9,2,2,0,0,0,0,0,0.0093,0,0,1,0,0,0,0,0,0,0
40,14,8,1,1,0,0,0,1,0,0.0,1,0,1,0,0,0,0,0,2,0
27,20,25,2,1,0,0,0,1,0,0.0067,0,0,1,0,0,0,1,0,0,0
27,9,10,1,0,0,0,0,1,0,0.0,0,0,1,0,0,1,0,0,0,0
108,26,27,1,3,0,0,2,0,9,0.0799,1,1,1,1,0,1,1,0,1,1
103,21,34,2,0,0,2,1,3,25,0.2414,2,0,0,0,0,0,2,0,2,1
43,20,11,1,0,0,0,0,1,0,0.0,0,0,1,0,0,0,0,0,0,0
60,9,39,2,4,1,0,0,0,7,0.1163,1,0,0,0,0,0,3,1,2,1
78,19,38,6,2,0,0,0,2,3,0.0322,1,0,1,0,0,0,1,1,4,1
52,12,15,2,1,0,0,0,0,8,0.1483,1,0,0,0,0,0,1,1,5,1
39,13,11,2,0,0,0,0,1,2,0.0571,0,0,1,0,0,1,0,0,0,0
73,41,48,7,2,0,0,1,1,4,0.0601,0,0,0,0,1,0,1,0,2,1
11,14,13,1,1,0,0,0,1,0,0.0,0,0,1,0,0,0,0,0,0,0
18,15,23,2,0,0,0,0,0,0,0.0166,1,0,1,0,0,0,0,0,3,0
52,26,22,4,1,0,1,0,1,12,0.2301,0,0,0,0,0,0,5,1,2,1
53,29,25,3,0,0,2,0,1,13,0.2357,3,0,0,0,0,1,5,0,1,1
72,26,10,3,5,0,1,0,1,2,0.034,1,1,1,0,1,1,1,0,4,1
92,30,46,2,3,0,0,1,0,25,0.2763,1,0,0,0,0,0,1,0,3,1
69,10,27,3,2,0,1,1,0,14,0.2017,3,1,0,0,0,0,3,0,2,1
42,20,47,4,1,0,0,1,2,9,0.2075,0,0,0,0,1,0,2,1,5,1
54,25,24,6,0,0,0,0,0,5,0.0937,2,0,0,0,0,0,1,0,3,1
94,19,27,4,0,0,1,0,3,5,0.0525,1,1,1,0,1,1,1,0,2,1
37,17,0,1,0,0,0,0,0,1,0.0378,0,0,1,0,0,0,0,0,0,0
58,14,6,2,0,0,0,0,0,0,0.0033,2,0,1,0,0,0,0,0,3,0
31,20,14,1,0,0,0,0,0,1,0.0183,1,0,1,0,1,0,0,0,0,0
90,19,49,1,0,0,0,1,0,23,0.2582,2,0,0,0,0,0,1,1,2,1
86,21,32,5,3,0,1,0,1,16,0.1893,1,0,0,0,0,0,2,0,1,1
64,38,41,1,2,0,0,0,1,10,0.1507,1,0,0,0,1,1,1,1,1,1
34,18,24,2,0,0,0,0,0,3,0.0794,0,0,1,0,0,0,0,0,1,0
85,12,36,3,5,0,0,0,1,7,0.0827,2,0,1,0,0,0,2,0,4,1
79,23,44,4,2,1,1,1,1,4,0.0534,3,0,0,0,0,0,2,0,1,1
81,34,17,2,3,0,0,1,1,0,0.0052,1,0,0,0,0,1,1,0,1,1
100,25,18,2,2,0,1,0,1,14,0.1388,3,1,0,0,0,0,1,0,1,1
20,22,18,2,0,0,1,0,1,2,0.0928,0,0,1,0,0,0,0,0,1,0
88,36,40,3,2,0,2,1,1,11,0.1287,2,0,1,0,0,0,1,1,1,1
116,19,40,5,3,0,0,1,2,15,0.1307,3,0,1,0,1,0,1,1,4,1
43,20,14,2,0,0,0,0,0,3,0.0676,0,0,1,0,0,0,1,0,1,0
74,16,49,4,1,0,0,0,1,9,0.1208,1,1,1,0,0,0,2,1,1,1
73,16,47,3,1,0,2,1,1,7,0.0927,0,0,1,0,0,1,1,0,4,1
30,11,8,1,0,0,0,0,0,1,0.0191,1,0,1,0,0,0,0,1,2,0
75,32,0,1,3,0,0,2,1,9,0.1165,2,0,1,0,1,1,0,0,4,1
21,19,31,1,0,0,0,0,0,0,0.0233,0,0,1,0,0,0,0,0,0,0
50,23,47,2,2,0,0,0,0,3,0.0523,0,0,1,0,0,0,2,0,1,1
15,14,10,2,1,0,0,0,0,0,0.0,1,0,1,0,0,1,0,0,1,0
106,38,42,2,1,0,1,0,3,12,0.1173,0,0,0,0,0,1,2,1,1,1
59,38,21,7,7,0,2,2,2,2,0.0378,2,0,0,0,0,0,0,0,1,1
66,25,26,3,3,0,1,2,2,11,0.1642,1,0,0,0,0,0,1,0,0,1
45,20,12,2,0,0,0,0,0,0,0.0,0,0,1,0,0,0,0,1,1,0
60,26,26,5,2,0,0,0,1,0,0.0,2,0,0,0,0,0,1,0,4,1
74,21,42,5,3,0,0,0,2,8,0.1118,2,0,0,0,0,0,4,1,0,1
27,7,1,2,1,1,0,0,0,0,0.0,0,0,1,0,0,0,0,0,0,0
85,25,32,1,2,0,0,0,2,10,0.1189,1,0,0,0,0,0,1,1,0,1
78,31,23,4,1,0,0,0,3,4,0.045,3,0,1,0,0,0,0,1,2,1
45,24,17,1,2,0,0,0,0,3,0.0569,0,0,1,0,0,0,0,0,1,0
14,16,0,2,0,0,0,0,0,0,0.0228,0,0,1,0,0,0,0,0,1,0
45,32,17,6,1,0,0,1,0,1,0.0207,4,1,0,0,0,0,0,0,1,1
39,21,6,1,1,0,0,0,0,0,0.0117,0,0,1,0,0,0,0,1,0,0
45,17,3,2,1,0,0,0,0,3,0.0564,0,0,1,0,0,0,0,0,2,0
78,11,10,3,3,0,0,0,1,6,0.0826,0,1,0,0,0,0,3,0,1,1
94,25,39,2,1,1,2,0,2,16,0.1741,1,0,1,0,0,0,4,0,0,1
44,20,47,2,1,0,0,0,1,2,0.0547,2,1,1,0,0,0,5,1,2,1
8,13,5,1,0,0,0,0,0,0,0.0594,1,0,1,0,0,0,0,0,0,0
48,12,13,2,1,0,0,0,0,3,0.0577,0,0,1,0,0,0,0,0,1,0
50,16,16,3,0,0,0,0,1,4,0.087,0,0,0,0,0,0,0,0,1,0
73,32,21,1,0,0,0,2,1,8,0.1075,1,0,0,0,1,1,4,1,2,1
31,25,56,2,0,0,0,0,4,6,0.199,1,0,0,0,0,0,4,1,1,1
64,24,31,0,1,0,1,0,1,14,0.2177,2,0,1,0,0,0,6,0,2,1
32,13,25,2,0,0,0,0,1,1,0.0306,4,0,1,0,0,0,0,0,0,0
50,21,28,3,4,0,1,0,0,2,0.0426,1,0,1,0,0,0,3,0,2,1
33,20,8,2,1,0,0,0,0,0,0.0,0,0,1,0,0,0,0,0,0,0
76,33,2,3,3,0,2,0,2,4,0.0538,1,0,0,0,0,0,1,0,0,1
87,14,32,3,3,0,1,0,0,0,0.0,3,0,0,0,0,0,3,1,2,1
14,25,2,1,0,0,0,0,1,0,0.0061,0,0,1,0,0,0,0,0,1,0
45,15,18,1,0,0,1,0,0,0,0.0,1,0,1,0,0,0,0,0,1,0
84,30,28,2,1,0,1,1,0,11,0.1271,0,1,0,0,0,0,1,1,4,1
105,28,45,4,1,0,1,0,1,11,0.1059,5,0,0,0,0,0,0,0,2,1
12,11,24,2,0,0,0,0,0,0,0.0,1,0,1,0,0,0,0,0,1,0
45,10,1,1,0,0,0,0,0,3,0.0716,2,0,1,0,0,0,0,0,2,0
37,15,12,1,1,0,1,0,1,0,0.0043,0,0,1,0,0,0,0,0,0,0
28,18,46,2,0,0,1,0,0,1,0.0529,0,1,1,0,1,0,2,1,2,1
84,22,26,3,4,0,1,0,1,14,0.1609,0,0,0,0,0,0,3,1,3,1
47,14,11,1,0,0,0,0,1,0,0.0035,0,0,1,0,1,0,1,0,1,0
64,16,11,3,0,0,1,0,0,9,0.148,1,0,0,0,0,0,3,0,5,1
62,27,53,4,0,0,2,0,1,0,0.0,2,0,1,0,0,0,1,0,2,1
50,15,22,1,1,0,1,0,0,1,0.022,0,0,1,0,0,0,0,0,0,0
35,22,27,1,0,0,0,0,1,2,0.0474,0,0,1,0,0,0,0,0,1,0
62,21,10,1,2,0,1,0,1,6,0.1014,3,0,0,0,0,0,1,1,1,1
103,30,11,3,4,0,1,0,1,13,0.1243,0,0,0,0,1,0,0,0,4,1
92,14,17,4,1,0,1,0,1,11,0.1154,3,0,1,0,0,0,1,0,4,1
50,6,19,2,0,0,0,0,1,0,0.0015,0,0,1,0,0,0,0,0,0,0
35,20,12,3,0,0,0,0,0,2,0.0685,0,0,1,0,0,0,0,0,0,0
44,11,6,1,0,0,0,0,0,0,0.0074,1,0,1,0,0,0,0,0,1,0
66,25,41,3,2,0,0,1,1,9,0.138,3,1,0,0,0,0,2,0,1,1
51,28,25,4,3,0,2,0,2,6,0.1275,3,0,1,0,0,0,2,0,0,1
30,16,15,1,0,0,0,0,0,1,0.0206,0,0,0,0,1,0,0,0,2,0
62,33,42,1,3,0,2,1,2,12,0.1921,1,0,1,0,1,0,1,0,1,1
6,10,3,2,1,0,0,0,0,0,0.0,0,0,1,0,0,0,1,0,1,0
67,34,23,2,2,0,1,0,2,2,0.0246,1,1,0,1,0,1,3,1,3,1
55,17,16,1,0,0,0,0,0,0,0.0,1,0,1,0,0,0,0,0,0,0
47,14,16,4,2,1,0,2,2,1,0.0207,1,0,1,1,0,0,1,1,3,1
36,8,1,2,0,0,0,0,0,1,0.0294,0,0,1,0,0,0,0,0,0,0
78,23,28,2,0,0,3,0,0,16,0.2037,2,0,1,0,0,0,2,0,0,1
26,21,13,2,0,0,0,0,0,2,0.0783,0,0,1,0,0,0,0,0,1,0
9,14,5,1,0,0,0,0,1,0,0.0,0,0,1,0,0,0,0,0,0,0
44,28,49,2,5,0,0,1,0,0,0.0,1,0,0,0,0,0,0,0,3,1
101,23,26,4,1,0,2,0,0,20,0.1983,3,0,1,0,0,0,3,1,1,1
42,18,1,2,1,0,1,1,0,0,0.0,1,0,1,0,0,0,0,0,0,0
30,25,12,2,0,0,0,0,0,0,0.0142,0,0,0,0,0,0,0,0,2,0
61,39,0,4,4,0,1,0,2,9,0.1489,0,0,0,0,0,0,3,0,3,1
25,21,4,2,0,0,0,0,1,1,0.0233,0,0,1,0,0,0,1,0,2,0
47,16,3,1,1,0,0,0,0,2,0.034,1,0,1,0,0,0,0,0,0,0
61,31,0,4,1,0,0,0,0,4,0.0631,1,0,1,0,1,1,1,0,0,1
112,19,38,5,3,0,0,3,1,19,0.1714,2,0,1,0,1,1,2,1,3,1
122,19,35,3,0,0,1,0,0,21,0.1716,1,0,1,0,0,0,3,0,2,1
51,37,16,2,3,0,0,0,0,6,0.1143,0,0,1,0,1,0,3,0,4,1
48,9,14,2,2,0,0,0,1,1,0.0144,1,1,1,0,0,0,0,0,0,0
62,41,26,4,1,1,1,0,0,5,0.085,0,0,0,0,0,0,2,1,0,1
30,21,4,2,1,0,0,0,1,3,0.1034,0,0,1,0,0,0,0,0,0,0
24,14,14,2,0,0,0,0,0,0,0.0094,0,0,1,0,1,0,0,0,0,0
15,12,10,1,0,0,0,0,0,0,0.019,0,0,1,0,0,0,0,0,2,0
59,1,32,5,3,0,0,1,1,0,0.0,4,1,1,0,0,0,5,1,2,1
33,22,0,3,0,0,0,0,1,0,0.0088,1,0,1,0,0,0,0,0,0,0
107,12,11,3,0,0,1,0,2,13,0.1221,0,0,0,0,0,0,1,1,2,1
38,37,19,4,1,0,0,0,1,0,0.0,0,0,0,0,0,0,0,0,1,1
26,18,16,2,0,0,0,0,0,0,0.0174,1,0,1,0,0,0,0,0,1,0
32,14,5,3,0,0,0,0,0,0,0.003,0,0,1,0,0,0,0,0,1,0
38,31,0,2,2,0,0,0,0,7,0.1841,1,0,1,1,0,0,3,1,3,1
68,25,16,4,2,0,0,0,1,8,0.1165,2,0,1,0,0,0,1,0,4,1
84,32,38,4,1,0,0,0,0,15,0.173,0,0,0,0,1,1,2,0,0,1
16,12,2,2,0,0,0,1,0,0,0.0177,0,0,1,0,0,0,0,0,2,0
17,19,10,2,0,0,0,0,0,0,0.0,0,0,1,0,0,0,1,1,3,0
22,11,7,2,0,0,0,0,1,0,0.0172,2,0,1,0,0,0,0,0,2,0
16,12,0,2,0,0,0,0,0,1,0.0555,0,0,1,0,0,0,0,0,0,0
29,39,5,5,3,0,0,1,1,2,0.0831,1,0,0,0,0,0,3,1,0,1
86,26,46,2,3,0,0,0,3,7,0.0829,3,0,0,0,0,0,2,1,2,1
21,16,24,2,0,0,1,0,0,1,0.0369,0,0,1,0,0,0,0,0,1,0
0,20,27,2,3,0,0,1,0,0,0.1173,1,0,1,0,0,0,1,0,1,1
49,12,17,1,0,0,0,0,2,1,0.0195,0,0,1,0,0,1,0,0,0,0
16,14,19,1,0,0,0,0,1,1,0.0557,0,0,1,0,0,0,0,0,1,0
39,7,4,2,0,0,0,0,0,1,0.0247,0,0,1,0,0,0,0,0,1,0
19,11,0,3,2,0,0,0,0,0,0.003,1,0,1,0,0,0,0,0,2,0
78,19,26,2,3,0,0,0,1,16,0.2029,0,0,0,0,0,0,1,1,2,1
37,19,6,1,1,0,1,0,1,4,0.1196,2,0,0,0,0,0,0,0,0,1
31,12,0,2,1,0,0,0,0,1,0.0427,0,0,1,0,0,0,0,0,0,0
19,17,15,3,0,0,0,0,1,0,0.022,0,0,1,0,0,0,0,0,1,0
64,28,39,4,2,0,0,2,0,4,0.0639,1,0,0,1,0,0,2,0,3,1
21,8,0,3,0,0,0,0,0,1,0.0385,0,0,1,0,0,0,0,0,2,0
31,18,7,2,1,0,0,0,0,1,0.0374,0,0,1,0,0,0,0,0,1,0
54,17,0,2,0,0,1,0,1,0,0.0,0,0,1,0,0,0,1,0,1,0
37,12,20,2,1,0,0,1,0,0,0.0,1,0,1,0,0,0,0,0,1,0
13,22,12,2,0,0,0,0,1,0,0.0,0,0,1,0,0,0,0,0,1,0
41,16,20,1,0,0,0,0,0,3,0.0852,0,0,1,0,0,0,1,0,2,0
22,17,25,2,1,0,0,0,0,0,0.0069,0,0,1,0,0,0,0,0,1,0
34,11,10,1,0,0,0,0,1,0,0.0015,0,0,1,0,0,0,0,0,1,0
7,16,7,1,0,0,0,0,0,0,0.0438,0,0,1,0,0,0,0,0,1,0
40,15,7,1,0,0,0,0,0,1,0.0229,0,0,0,0,0,0,0,0,1,0
117,23,37,1,0,0,1,1,2,0,0.0,1,1,0,0,1,0,2,0,1,1
28,3,0,2,0,0,0,0,0,1,0.0293,1,0,1,0,0,1,0,0,0,0
19,14,3,1,0,0,0,0,0,1,0.0324,1,0,1,0,0,0,0,0,1,0
72,24,12,3,2,0,1,0,1,8,0.1089,2,0,0,0,0,0,3,1,0,1
50,16,3,1,0,0,0,0,0,1,0.0281,0,0,1,0,0,0,0,0,1,0
68,16,12,4,2,0,0,1,2,7,0.1049,0,0,0,0,0,0,2,0,1,1
60,22,5,4,3,0,2,2,0,4,0.069,2,0,0,0,0,0,1,1,2,1
14,24,11,1,0,0,0,0,0,1,0.0648,1,0,1,0,0,0,0,0,0,0
16,15,16,0,0,0,0,0,0,0,0.0141,0,0,1,0,0,0,0,0,0,0
24,15,17,1,1,0,0,0,0,0,0.0,0,0,0,0,0,0,1,0,1,0
12,17,0,2,0,0,1,0,1,1,0.0807,0,0,1,0,0,1,1,0,1,0
28,16,0,2,1,0,0,0,0,2,0.0801,0,0,1,0,0,0,0,0,2,0
77,21,5,3,4,0,2,0,2,8,0.098,1,0,0,0,1,1,2,0,1,1
87,33,33,3,1,0,1,2,0,5,0.0624,0,0,1,1,0,0,3,0,1,1
32,19,54,3,4,0,0,1,0,3,0.0984,1,1,0,0,0,0,2,0,1,1
33,15,21,2,2,0,0,0,0,0,0.0007,0,0,1,0,0,0,0,0,3,0
83,14,30,2,2,0,0,1,1,19,0.2276,3,0,1,0,1,0,2,1,1,1
70,20,48,5,3,0,2,0,1,17,0.2433,2,0,1,0,0,0,2,0,2,1
12,14,0,2,0,0,0,0,0,0,0.0196,0,0,1,0,0,0,0,0,0,0
50,17,41,5,1,0,1,2,2,9,0.1725,0,0,0,0,0,0,1,0,3,1
98,34,20,4,0,1,0,0,2,22,0.2287,2,0,1,0,0,1,2,0,2,1
41,10,8,3,0,0,0,0,1,1,0.0192,0,0,1,0,0,0,0,0,1,0
43,6,11,0,0,0,0,0,0,1,0.0347,0,0,1,0,0,0,0,0,1,0
43,27,9,1,0,0,0,0,0,1,0.0279,0,0,1,0,0,0,0,1,0,0
40,18,31,4,1,0,1,0,0,10,0.248,4,1,0,0,0,1,2,0,3,1
46,22,24,4,3,0,2,0,2,9,0.1878,0,0,0,0,0,1,0,0,1,1
56,16,12,2,1,0,0,0,0,2,0.0293,0,0,1,0,0,0,0,0,0,0
49,17,7,2,0,0,0,0,0,0,0.0,2,0,1,0,0,0,0,0,2,0
54,20,36,3,3,0,2,0,0,5,0.0903,0,1,0,0,0,0,3,1,4,1
46,13,0,2,0,0,0,0,1,3,0.0547,0,0,1,0,0,0,1,0,2,0
38,8,11,2,0,0,0,0,1,0,0.0,1,0,1,0,0,0,0,0,4,0
32,23,4,1,0,0,0,0,0,0,0.0,4,0,1,0,0,0,0,0,1,0
36,9,9,2,1,0,1,0,0,1,0.0288,0,0,1,0,0,0,0,0,2,0
31,18,55,2,5,0,0,0,0,6,0.1936,0,1,1,0,0,1,1,1,1,1
49,28,2,1,2,0,0,0,0,9,0.179,0,0,0,1,0,1,2,1,1,1
21,5,16,2,1,0,0,0,0,0,0.0,2,0,1,0,0,0,0,0,0,0
23,13,16,1,0,0,0,0,0,1,0.0478,1,0,1,0,0,0,0,0,0,0
24,9,5,2,0,0,0,1,0,0,0.0,0,0,1,0,0,0,0,0,1,0
40,30,26,1,4,0,0,0,0,6,0.1563,0,0,0,0,1,0,4,0,3,1
13,19,13,2,0,0,1,0,0,0,0.0298,0,0,0,0,0,0,0,0,0,0
33,19,14,1,1,0,0,0,0,2,0.0564,0,0,0,0,0,0,0,1,1,0
32,13,13,3,0,0,0,0,1,1,0.0368,0,0,0,1,0,1,0,1,0,0
36,16,18,1,0,0,1,0,0,1,0.0142,0,0,1,0,0,0,0,0,0,0
44,16,9,2,0,0,0,0,0,0,0.0044,0,0,1,0,0,0,0,0,1,0
45,18,7,3,1,0,0,0,0,1,0.0244,3,0,1,0,0,0,0,0,0,0
39,33,21,2,3,0,1,0,1,9,0.2212,1,0,0,0,1,0,0,0,3,1
91,30,0,3,1,0,0,1,3,26,0.2911,4,0,0,0,0,1,4,0,1,1
29,14,6,1,1,0,0,0,0,1,0.0181,1,0,1,0,0,0,0,0,0,0
69,33,23,3,1,1,0,0,0,0,0.0,2,0,0,0,0,0,1,0,5,1
14,22,5,1,2,0,1,0,0,1,0.0453,0,0,1,0,0,0,0,0,0,0
44,23,14,1,1,0,0,0,0,1,0.022,0,0,0,0,0,0,0,0,2,0
17,22,10,2,0,0,0,0,1,0,0.0077,0,0,1,0,1,0,0,0,1,0
67,27,43,4,1,0,1,0,1,9,0.1361,0,0,0,0,0,1,1,1,3,1
36,19,14,0,0,0,0,0,0,1,0.0333,1,0,1,0,0,0,0,0,1,0
47,12,0,1,0,0,0,0,0,3,0.0673,0,0,1,0,0,1,0,0,0,0
24,14,16,2,0,0,0,0,0,2,0.0687,0,0,0,0,0,0,0,0,0,0
38,9,0,2,0,0,0,0,0,0,0.0,1,0,1,0,0,0,1,0,0,0
47,21,3,1,1,0,0,1,1,4,0.0937,1,0,1,0,0,0,0,0,0,0
62,16,49,1,1,0,1,0,2,2,0.0353,1,0,0,0,0,0,2,0,5,1
115,24,61,6,2,0,0,1,0,17,0.1481,0,0,1,0,0,0,5,0,2,1
40,15,25,0,1,0,0,1,0,1,0.0276,0,0,1,0,0,0,0,1,1,0
31,21,33,2,2,0,0,2,2,4,0.1152,1,0,1,0,0,0,1,0,3,1
27,9,11,3,3,0,0,0,2,1,0.0358,1,0,1,0,0,0,0,0,1,0
37,12,18,3,2,0,0,0,0,2,0.0425,0,0,1,0,0,0,0,1,0,0
67,18,25,6,3,0,1,2,0,0,0.0,0,0,0,0,1,0,1,1,2,1
102,32,21,3,2,0,0,1,0,18,0.179,3,0,1,0,0,0,0,1,1,1
21,22,39,5,4,0,2,0,0,3,0.1652,1,0,0,0,1,0,0,0,0,1
30,18,7,2,0,0,0,0,0,0,0.0103,0,0,1,0,0,0,0,0,1,0
70,27,43,3,5,0,0,1,0,9,0.1231,1,1,0,0,0,0,1,1,2,1
47,20,37,5,2,0,0,1,1,7,0.1533,1,0,0,0,0,1,1,0,2,1
60,34,34,3,2,0,1,1,0,7,0.1252,1,0,0,0,0,1,3,0,2,1
47,23,15,1,5,0,2,0,1,0,0.0009,3,0,1,0,0,1,2,1,4,1
41,18,10,3,0,0,0,0,0,0,0.0059,0,0,1,0,0,0,0,0,0,0
67,29,20,4,4,0,1,0,0,14,0.2015,1,1,0,0,0,0,0,0,2,1
15,6,15,2,1,0,0,0,0,0,0.0217,0,0,1,0,0,0,0,0,0,0
50,18,10,2,0,0,0,0,1,2,0.0413,0,0,1,0,0,0,1,0,0,0
42,30,21,2,2,0,0,2,3,0,0.0,0,0,1,0,0,0,2,0,3,1
51,15,48,2,2,0,0,0,2,10,0.1982,0,0,0,0,0,0,3,0,1,1
109,18,4,1,2,0,0,0,0,0,0.0,1,0,1,0,1,0,2,1,2,1
76,20,59,4,1,0,1,0,1,7,0.0904,2,0,1,0,0,1,0,0,1,1
115,30,33,3,1,0,1,0,0,11,0.0999,2,0,0,0,0,1,1,0,2,1
42,9,9,2,1,0,1,0,0,4,0.0962,0,0,1,0,0,0,0,0,0,0
27,18,0,0,0,0,0,0,0,0,0.0,0,0,1,0,0,0,0,0,2,0
96,13,26,3,0,0,0,0,0,20,0.2035,2,0,1,0,0,1,2,1,2,1
24,8,9,2,0,0,1,0,0,0,0.0,0,0,1,0,0,0,1,0,0,0
95,21,19,5,1,0,2,1,0,9,0.1,3,0,1,0,0,1,5,0,1,1
53,43,0,6,4,1,1,0,1,11,0.2033,3,0,1,0,0,1,2,0,2,1
31,19,34,5,1,0,0,0,1,2,0.0561,0,0,1,0,0,0,1,0,2,1
80,22,53,2,2,0,0,1,2,18,0.2277,1,0,0,0,0,0,1,0,4,1
46,17,10,2,0,0,1,0,1,1,0.0231,1,1,1,0,0,0,0,0,1,0
36,40,20,2,4,0,2,0,0,7,0.1879,1,0,0,0,0,0,1,0,2,1
130,32,9,2,2,0,1,1,0,16,0.1204,0,0,0,0,0,0,1,0,1,1
46,19,5,3,0,0,0,1,0,2,0.0382,0,0,1,0,0,0,0,0,0,0
27,13,2,2,1,0,0,0,0,1,0.0367,0,0,1,0,0,0,0,0,0,0
27,14,4,2,1,0,0,0,0,0,0.0078,0,0,1,0,0,0,1,0,1,0
58,18,9,2,2,0,0,0,0,0,0.0,0,0,1,0,0,0,0,0,1,0
72,20,33,3,1,0,0,1,3,12,0.1654,1,0,0,0,0,0,1,0,1,1
6,15,16,1,1,0,0,0,0,0,0.034,0,0,1,0,0,0,0,0,0,0
51,17,35,1,1,0,0,0,0,9,0.172,0,0,0,0,0,0,2,0,5,1
32,11,25,2,1,0,1,0,2,1,0.0281,0,0,1,0,0,0,0,0,0,0
99,18,8,3,2,0,0,1,1,32,0.323,0,1,0,0,0,0,2,1,1,1
85,38,26,3,1,0,0,0,1,15,0.1761,3,0,0,0,0,0,2,0,1,1
81,24,23,2,1,0,0,1,2,0,0.0,2,0,1,0,0,0,4,0,0,1
98,26,12,6,0,0,1,0,1,7,0.074,5,1,1,0,0,0,3,0,1,1
41,12,9,1,0,0,0,0,0,0,0.0,0,0,1,0,1,0,0,1,2,0
56,27,20,3,1,0,3,2,0,7,0.1183,2,0,0,0,0,0,2,0,1,1
84,27,14,1,3,0,3,2,1,15,0.1783,1,1,1,0,1,0,1,1,3,1
56,11,61,4,1,0,0,0,2,7,0.1278,2,0,1,0,0,0,1,0,4,1
33,19,5,2,0,0,0,1,1,1,0.0278,0,0,1,0,0,0,0,0,2,0
114,17,35,4,1,0,1,1,1,22,0.1937,4,0,1,0,0,0,0,1,2,1
41,23,26,1,1,0,0,0,0,2,0.0455,0,0,1,0,0,0,1,0,1,0
23,12,6,1,0,0,0,0,0,0,0.0,0,0,0,0,0,0,0,0,0,0
93,28,25,8,1,0,0,1,1,13,0.1404,1,1,1,0,0,0,3,1,3,1
27,19,13,1,0,0,0,0,0,2,0.0628,0,0,1,0,0,0,0,0,0,0
40,12,9,1,1,0,0,0,0,0,0.0,1,0,1,0,0,0,0,0,2,0
94,23,13,3,2,1,0,1,0,18,0.1942,0,0,1,0,0,0,2,0,3,1
66,29,19,3,2,0,1,0,0,3,0.042,0,0,0,0,0,0,1,1,1,1
37,10,13,1,0,0,0,0,1,0,0.0,0,0,1,0,0,0,0,0,1,0
56,19,39,6,2,0,0,0,1,7,0.1205,2,1,0,0,0,1,3,1,1,1
64,28,41,4,1,0,0,0,1,2,0.0288,1,0,1,0,0,0,2,1,1,1
55,24,27,4,2,0,0,0,1,9,0.1563,2,1,1,1,0,0,5,1,2,1
36,24,29,2,0,0,0,0,0,0,0.0,0,0,1,0,0,0,1,0,2,0
29,16,16,3,0,0,0,0,0,1,0.0386,1,0,1,0,0,0,0,0,2,0
15,19,13,1,0,0,0,0,1,0,0.0,1,0,1,0,1,0,0,0,2,0
37,23,19,0,1,0,0,0,1,0,0.0028,0,0,1,0,0,0,0,0,1,0
101,27,24,2,3,0,0,0,2,12,0.1156,0,0,0,0,0,0,1,0,2,1
15,22,16,2,0,0,0,0,1,0,0.0231,0,0,1,0,0,0,0,0,1,0
56,18,1,2,1,0,0,0,0,1,0.0114,0,0,1,0,0,0,0,0,3,0
35,37,2,4,3,1,0,0,0,0,0.0,0,0,0,0,0,0,2,0,0,1
94,3,42,1,2,0,0,0,1,3,0.0372,3,1,1,0,1,0,2,1,0,1
38,22,5,2,0,0,0,0,2,1,0.034,0,0,1,0,0,0,0,0,1,0
40,10,15,3,1,0,0,0,0,0,0.0,0,0,1,0,0,0,0,0,3,0
0,19,64,1,4,0,1,0,1,0,0.0301,2,0,0,0,0,0,2,0,1,1
13,7,5,1,0,0,0,0,1,0,0.0186,0,0,1,0,0,0,0,0,1,0
27,18,5,2,0,0,0,0,1,0,0.0,2,0,1,0,0,0,0,1,1,0
88,35,21,3,4,0,0,0,1,9,0.0987,0,0,0,0,0,1,2,1,1,1
44,7,8,1,0,0,0,0,0,1,0.0141,0,0,1,0,0,1,1,0,0,0
81,8,50,3,2,0,3,0,1,5,0.062,3,0,1,0,0,0,0,0,3,1
42,10,0,2,0,0,0,0,1,1,0.0359,0,0,1,0,0,0,0,0,1,0
33,16,6,2,0,0,0,0,0,1,0.0213,2,0,1,0,0,0,0,0,3,0
39,18,7,2,2,0,0,0,0,0,0.0,0,0,1,0,0,0,0,0,0,0
9,11,16,2,0,0,0,0,0,0,0.0,0,0,1,0,0,0,0,0,1,0
41,19,0,2,0,0,0,0,0,2,0.0467,0,0,1,0,0,0,0,0,0,0
71,31,51,4,3,0,1,0,1,0,0.0,1,1,1,0,0,1,0,0,1,1
43,45,27,4,0,0,0,0,1,6,0.1368,1,0,0,0,0,0,2,0,1,1
42,13,0,1,0,0,0,0,0,2,0.0481,1,0,1,0,0,0,0,0,1,0
26,6,13,2,0,0,0,0,0,1,0.0542,1,0,1,0,0,0,1,0,1,0
103,18,28,3,1,0,0,0,1,1,0.0079,2,1,1,0,0,0,0,0,2,1
95,15,21,3,5,0,3,0,0,11,0.1177,1,0,1,0,0,0,2,0,2,1
28,19,24,2,0,0,0,0,1,1,0.0401,0,0,0,0,0,0,0,0,0,0
47,18,13,2,0,0,0,0,1,0,0.0,0,0,1,0,0,0,0,0,2,0
63,24,19,3,0,0,1,1,2,15,0.2347,0,0,0,0,0,0,3,0,2,1
20,15,16,2,1,0,0,0,0,0,0.0176,1,0,1,0,0,0,0,0,2,0
41,10,24,2,1,0,0,0,0,3,0.0653,0,0,1,0,0,0,0,0,0,0
37,17,15,2,0,0,0,0,0,0,0.0118,0,0,1,0,0,0,0,1,0,0
31,14,18,3,0,0,0,0,0,0,0.0155,0,0,1,0,0,0,0,1,1,0
22,18,0,2,1,0,0,0,0,0,0.0194,0,0,1,0,0,0,0,0,0,0
19,29,18,2,0,0,0,0,1,0,0.0174,0,0,1,0,0,0,0,0,1,0
8,21,0,0,0,0,0,0,0,0,0.0399,1,0,1,0,0,0,0,0,1,0
38,28,0,2,2,0,1,1,0,1,0.0321,1,0,1,0,0,0,1,0,3,1
120,20,6,6,4,0,0,0,1,13,0.1122,1,0,0,0,0,0,2,0,1,1
54,15,23,2,0,0,0,0,0,0,0.0,0,0,1,0,0,0,0,0,0,0
78,30,33,2,2,0,1,0,0,24,0.3045,0,0,1,0,0,1,3,0,3,1
6,23,3,2,0,0,0,0,0,0,0.0595,2,0,1,0,0,0,0,0,3,0
32,20,29,3,2,0,0,0,2,0,0.0,0,0,1,0,0,0,0,0,0,0
39,15,10,3,0,0,0,0,0,1,0.0353,0,0,1,0,0,0,0,0,1,0
59,7,29,3,0,0,0,0,0,3,0.0442,0,0,1,0,0,0,0,0,0,0
78,19,15,5,2,0,0,1,1,0,0.0,2,0,0,0,1,0,2,0,1,1
102,21,15,3,1,0,0,1,1,13,0.1238,2,0,1,0,1,0,2,0,2,1
31,23,0,1,0,0,0,0,0,0,0.0,0,0,1,0,0,0,0,0,0,0
29,18,15,1,1,0,0,0,0,1,0.0252,0,0,1,0,0,1,0,0,0,0
50,17,10,2,0,0,0,0,1,0,0.0,1,0,1,0,1,0,0,0,3,0
109,23,40,5,3,0,0,1,0,10,0.0897,1,0,1,0,0,0,1,1,3,1
73,25,14,5,4,0,1,0,2,13,0.1707,2,0,0,0,0,0,3,1,3,1
43,23,33,4,0,0,4,0,4,9,0.2137,5,1,0,0,0,0,2,1,1,1
83,16,27,4,2,0,1,2,0,0,0.0,3,0,0,1,1,0,1,0,3,1
77,38,26,2,3,0,0,2,0,8,0.0994,2,0,0,0,0,0,0,1,2,1
27,22,19,1,0,0,0,0,2,0,0.0027,0,0,1,0,0,0,0,0,2,0
123,21,44,6,1,0,1,0,0,7,0.0596,1,0,0,0,0,0,1,0,2,1
19,11,18,1,0,0,0,0,0,0,0.0,0,0,1,0,0,0,0,0,0,0
44,10,60,3,0,0,0,0,0,8,0.1855,0,0,0,0,0,0,1,0,3,1
96,22,35,5,0,1,0,0,0,11,0.1159,2,1,0,0,0,0,1,1,1,1
17,14,8,2,0,0,0,0,0,1,0.0412,0,0,1,0,0,0,1,0,1,0
31,13,12,2,1,0,0,0,0,1,0.0392,0,0,1,0,0,0,0,0,1,0
62,17,39,5,3,0,1,0,0,8,0.1221,4,1,1,0,1,0,3,0,0,1
8,19,4,1,0,0,0,0,0,0,0.0048,1,0,1,0,0,0,0,0,0,0
63,13,48,1,6,0,1,0,1,4,0.0632,1,0,0,0,0,0,2,1,2,1
84,26,41,7,4,0,0,0,0,9,0.1074,1,0,1,0,0,1,2,1,2,1
42,4,14,1,0,0,0,0,0,2,0.0425,1,0,1,0,0,0,0,0,0,0
33,16,18,1,1,0,0,1,0,3,0.0936,1,0,1,0,0,0,0,0,0,0
11,22,8,2,0,0,1,0,0,1,0.0764,0,0,1,0,0,0,0,0,2,0
70,30,9,2,1,1,1,0,2,8,0.1113,1,0,1,0,0,0,2,0,1,1
71,0,35,3,1,0,1,0,1,4,0.0619,1,0,0,0,0,0,0,1,3,1
119,23,15,1,1,0,0,2,1,21,0.1771,1,0,0,0,1,0,1,1,2,1
43,12,13,2,0,0,0,0,0,0,0.0,0,0,1,0,0,0,0,0,0,0
75,32,20,3,4,0,1,0,0,0,0.0,1,0,0,0,1,0,3,1,4,1
67,25,20,5,3,0,1,0,1,0,0.0,2,1,0,0,0,0,0,1,1,1
22,18,11,3,1,0,0,0,0,1,0.06,0,0,1,0,0,0,0,0,0,0
23,16,7,1,0,0,0,0,0,0,0.0,0,0,1,0,0,0,0,0,1,0
70,20,33,4,1,0,0,1,2,5,0.0725,2,0,0,0,0,0,3,0,0,1
8,12,13,2,0,0,0,0,0,0,0.0,0,0,1,0,0,0,0,0,1,0
125,18,34,3,0,0,0,0,0,1,0.0041,2,0,1,0,0,0,0,0,2,1
44,20,0,4,0,0,1,0,0,4,0.0904,2,0,0,0,1,0,1,1,1,1
72,23,29,3,3,1,1,1,0,6,0.0814,0,0,1,0,0,0,0,0,3,1
27,11,13,1,0,0,0,0,0,1,0.0285,0,0,1,0,0,0,0,0,0,0
20,10,9,1,1,0,0,0,0,1,0.026,2,0,1,0,0,0,0,0,0,0
84,36,12,2,1,0,0,0,0,14,0.1624,0,0,1,0,0,0,1,0,2,1
106,32,19,2,1,0,1,0,1,14,0.1343,1,1,1,0,0,1,2,1,2,1
59,17,15,4,1,0,0,1,0,0,0.0,2,0,0,0,0,0,2,1,3,1
30,17,11,1,0,0,0,0,0,1,0.0424,0,0,1,0,0,0,0,0,1,0
82,31,39,5,3,0,0,1,2,18,0.2217,2,0,0,0,0,0,1,0,1,1
42,21,0,2,0,0,0,0,0,0,0.0083,0,0,1,0,0,0,0,0,0,0
14,15,15,2,0,0,0,0,0,1,0.0501,0,0,1,0,0,0,1,0,1,0
41,13,10,2,0,0,0,0,0,0,0.0,2,0,1,0,0,0,1,0,0,0
71,27,10,3,0,0,1,0,0,7,0.1014,2,0,0,0,0,0,0,1,3,1
96,31,0,4,2,0,0,1,2,27,0.2769,1,0,0,0,0,0,0,1,1,1
96,28,37,1,3,0,0,0,0,12,0.1223,1,0,0,0,0,0,5,0,1,1
65,13,34,2,2,0,0,1,0,19,0.2842,1,0,1,0,1,0,3,0,1,1
24,14,6,1,0,0,0,0,0,0,0.0061,0,0,1,0,0,0,1,0,1,0
30,21,24,2,0,0,0,0,1,1,0.0316,0,0,1,0,0,0,0,0,2,0
119,17,38,1,3,0,0,0,1,16,0.1329,1,0,1,0,0,0,2,0,3,1
78,29,27,1,3,0,0,3,3,9,0.1119,1,0,1,0,1,0,0,0,1,1
38,27,5,2,4,0,0,0,2,5,0.1349,1,0,0,0,0,0,3,1,3,1
103,29,32,5,3,0,0,1,0,7,0.0698,0,1,0,0,0,0,0,0,1,1
74,33,46,2,4,0,0,0,0,10,0.1338,0,0,1,1,0,0,4,1,0,1
59,16,30,4,0,0,1,2,1,4,0.0718,0,0,0,0,0,0,2,0,2,1
23,13,12,2,0,0,0,0,1,0,0.0207,1,0,1,0,0,0,0,0,0,0
66,15,37,3,3,0,1,0,3,10,0.1458,3,1,0,1,0,0,0,1,1,1
70,27,31,0,2,1,1,0,0,1,0.0111,2,0,1,0,0,0,3,0,3,1
90,16,8,3,2,0,1,0,0,12,0.1291,3,0,1,0,0,1,4,0,1,1
33,18,11,3,2,0,0,0,0,2,0.0579,0,0,1,0,0,0,0,0,0,0
17,8,13,3,0,0,0,0,0,0,0.0271,0,0,1,0,0,0,0,0,1,0
30,11,4,3,0,0,0,0,0,0,0.0,0,0,1,0,0,0,0,0,1,0
50,14,22,2,0,0,0,0,0,2,0.0424,0,0,1,0,0,0,0,0,1,0
43,27,36,4,2,0,1,0,0,6,0.1284,1,0,0,0,0,0,4,0,1,1
31,14,6,2,0,0,0,0,0,1,0.0376,0,0,1,0,0,0,0,0,1,0
34,17,59,3,0,0,0,0,1,0,0.0,1,1,0,0,0,0,5,0,1,1
56,25,36,2,1,0,0,0,0,5,0.0936,1,0,0,0,0,0,0,0,1,1
18,12,10,2,0,0,0,0,0,1,0.0325,0,0,1,0,0,0,0,0,1,0
30,20,18,2,0,0,0,0,1,2,0.0546,0,0,1,0,0,0,0,0,0,0
28,9,6,1,1,0,0,0,0,0,0.0,0,0,1,0,0,0,0,0,0,0
34,21,15,2,0,0,0,0,2,1,0.0367,0,0,1,0,0,0,0,0,0,0
50,19,30,3,1,0,1,0,2,7,0.1406,2,1,0,0,0,1,3,0,3,1
74,30,20,3,4,0,0,1,3,6,0.076,1,0,0,0,0,0,3,0,0,1
44,12,8,1,0,0,0,0,0,0,0.0,0,0,1,0,0,0,0,0,2,0
57,25,26,1,2,0,0,0,1,5,0.0822,0,1,0,0,0,0,3,0,1,1
73,23,29,2,1,0,0,2,2,8,0.1047,0,0,1,0,0,0,1,1,3,1
26,16,12,1,0,0,0,0,0,0,0.0,0,0,1,0,0,0,1,1,0,0
95,22,23,4,1,0,1,0,1,0,0.0,0,0,0,0,0,0,3,0,2,1
44,16,13,2,1,0,0,0,0,0,0.0,0,0,1,0,0,0,1,0,1,0
32,23,15,1,1,0,0,0,0,1,0.0186,1,0,1,0,0,0,0,0,1,0
31,5,8,2,0,0,0,0,0,2,0.0554,0,0,1,0,0,0,0,0,1,0
18,17,16,2,0,0,0,0,0,0,0.0241,0,0,1,0,0,0,0,0,1,0
36,15,20,3,1,0,1,0,1,2,0.0612,2,0,1,0,0,0,0,0,2,0
9,19,28,2,0,0,0,0,0,0,0.0119,0,0,1,0,0,0,0,0,2,0
70,13,19,1,0,0,0,1,0,0,0.0,0,0,1,0,0,0,0,0,1,0
0,18,14,1,0,0,0,0,0,0,0.0044,0,0,1,0,0,0,0,0,2,0
32,23,0,1,0,0,0,0,0,2,0.0586,1,0,1,0,0,1,0,0,0,0
30,11,21,1,0,0,1,0,0,2,0.0617,1,0,1,0,0,0,0,0,0,0
58,14,16,2,2,0,0,0,1,2,0.0282,0,0,1,0,0,0,0,0,1,0
62,10,17,2,1,0,0,0,1,0,0.0,1,0,1,0,0,0,1,0,0,0
110,27,42,3,2,0,1,2,0,23,0.207,0,0,1,0,0,0,1,0,3,1
65,15,22,2,2,0,0,1,2,10,0.1602,1,0,1,0,0,0,2,0,1,1
44,14,38,3,1,0,0,0,0,7,0.1697,3,0,1,0,0,1,2,0,0,1
47,8,35,3,3,0,1,1,2,3,0.0721,4,0,0,0,0,0,0,0,2,1
35,12,1,2,3,0,0,0,1,1,0.0241,0,0,1,0,0,0,0,0,0,0
60,29,4,0,1,1,0,0,2,6,0.0993,3,0,0,0,0,1,1,0,3,1
34,12,1,2,0,0,0,0,0,0,0.0,1,0,1,0,0,0,0,0,1,0
36,18,5,1,0,0,0,0,1,0,0.0,1,0,1,0,0,0,0,0,1,0
117,31,33,4,4,1,1,0,0,0,0.0017,1,0,1,0,0,0,2,1,2,1
34,20,5,1,1,0,0,0,1,2,0.0483,1,0,1,0,0,0,0,0,0,0
51,24,25,3,1,0,0,1,1,10,0.2047,2,0,0,0,0,0,2,0,3,1
29,15,2,3,0,0,0,0,0,0,0.0,1,0,1,0,0,0,0,0,1,0
44,35,29,5,3,0,2,0,1,5,0.1183,1,0,0,1,0,1,3,0,1,1
114,18,39,3,0,0,1,1,1,11,0.0958,1,0,1,0,0,0,0,0,1,1
72,23,8,5,1,0,0,1,0,3,0.0424,2,0,0,0,0,0,2,0,1,1
92,18,42,5,2,1,1,1,1,3,0.0282,2,0,1,0,1,1,1,1,1,1
54,14,6,2,0,0,0,0,0,0,0.002,0,0,1,0,0,0,0,0,0,0
115,17,41,2,3,0,0,0,1,40,0.3495,2,0,1,0,0,0,3,1,2,1
33,8,13,4,1,0,0,0,0,2,0.0688,0,0,1,0,0,0,0,0,2,0
86,12,24,5,1,1,1,0,0,16,0.1861,2,0,1,0,1,0,1,0,3,1
70,15,29,4,2,0,1,0,3,4,0.0622,2,1,1,0,0,1,1,0,1,1
94,26,4,1,3,0,0,0,0,5,0.0542,3,0,0,0,0,0,2,1,6,1
37,20,25,2,2,0,0,1,0,1,0.0315,0,0,1,0,0,0,0,0,0,0
70,1,14,1,1,1,2,0,2,0,0.0,2,0,0,0,0,0,0,0,2,1
40,22,9,1,1,0,0,0,1,0,0.0,1,0,1,0,0,0,0,0,1,0
18,14,0,2,0,0,0,0,0,1,0.0392,1,0,1,0,0,0,0,0,2,0
96,30,70,2,4,0,1,1,2,15,0.1568,1,0,1,0,1,0,4,0,3,1
9,12,10,3,0,0,0,0,0,0,0.0003,0,0,1,0,0,0,0,0,1,0
69,26,0,3,1,0,0,0,3,2,0.0232,1,0,1,0,0,0,1,0,3,1
72,31,26,4,2,0,0,2,0,9,0.121,2,1,0,0,0,1,1,1,3,1
80,21,5,3,3,0,1,0,1,11,0.134,1,0,0,0,1,0,1,0,2,1
81,18,45,5,3,0,0,2,0,12,0.1477,2,1,1,0,0,1,3,0,2,1
82,21,8,3,0,0,0,2,4,1,0.0146,2,1,1,0,0,0,2,1,4,1
36,11,19,1,0,0,0,0,0,1,0.0344,1,0,1,0,0,0,0,0,0,0
62,27,8,2,1,0,0,0,0,7,0.1167,2,1,1,0,0,0,2,1,1,1
48,15,25,5,1,0,0,0,0,9,0.1789,2,0,0,0,1,0,1,1,2,1
75,21,15,3,0,0,0,1,1,10,0.131,1,1,0,0,0,0,2,0,0,1
28,6,0,2,1,0,0,1,0,1,0.0406,0,0,1,0,0,0,0,0,0,0
68,15,52,4,3,1,1,0,1,6,0.0948,1,1,0,0,0,1,2,0,6,1
84,39,0,5,3,0,1,2,0,6,0.0704,2,1,0,0,0,0,2,1,1,1
36,11,0,1,0,0,0,0,1,1,0.0184,0,0,1,0,0,0,0,0,2,0
29,16,0,2,0,0,1,0,0,1,0.0345,0,0,1,0,0,0,0,0,0,0
93,26,14,3,0,0,1,0,1,8,0.0884,1,0,0,0,1,0,0,1,3,1
42,13,1,3,0,0,0,0,0,2,0.0426,0,0,1,0,0,0,0,0,2,0
32,14,6,2,0,0,0,0,0,1,0.0342,0,0,0,0,0,0,0,0,1,0
66,23,23,2,3,0,0,0,1,9,0.1402,2,0,0,0,1,1,2,1,1,1
78,16,6,4,1,0,0,0,1,1,0.014,1,0,0,0,0,0,0,1,2,1
19,8,4,1,0,0,0,0,1,0,0.0263,0,0,1,0,0,0,1,1,2,0
34,30,15,3,3,0,0,1,3,9,0.2666,1,1,0,0,1,0,1,0,1,1
48,17,32,1,3,0,2,0,1,0,0.0,0,0,0,0,0,0,0,0,0,1
59,23,38,4,1,0,0,0,0,0,0.0,2,0,1,0,0,0,0,1,1,1
40,14,18,1,0,0,0,0,1,1,0.031,0,0,1,0,0,0,0,0,0,0
27,16,15,1,1,0,0,0,0,1,0.0443,0,0,1,0,0,0,0,0,1,0
23,15,14,2,2,0,0,0,0,0,0.0142,0,0,1,0,0,0,2,0,4,0
91,23,26,1,2,0,0,0,2,12,0.133,1,0,0,0,0,0,2,1,2,1
14,12,10,1,0,0,1,0,1,0,0.0,0,0,0,0,0,0,0,0,0,0
30,13,8,1,3,0,0,0,0,1,0.0292,1,0,1,0,0,0,0,0,0,0
65,20,37,3,3,0,1,1,1,9,0.1302,0,0,0,0,0,0,0,0,1,1
68,30,24,3,4,0,2,0,3,10,0.1402,0,0,0,0,0,0,2,0,1,1
41,29,1,2,0,0,0,0,0,0,0.0067,1,0,1,0,0,0,0,0,1,0
29,22,16,1,0,0,0,0,2,1,0.0184,0,0,1,0,0,0,0,0,1,0
69,17,12,1,2,0,0,1,2,2,0.0344,0,1,1,0,1,0,1,0,4,1
108,25,10,1,1,0,0,0,1,5,0.0484,3,0,0,0,0,0,3,1,2,1
75,29,37,2,1,0,0,1,0,2,0.0271,2,1,0,0,0,0,0,0,4,1
37,25,0,2,0,0,1,0,0,1,0.028,0,0,1,0,0,0,0,0,0,0
18,19,23,2,0,0,0,0,0,0,0.0062,0,0,1,0,0,0,1,0,0,0
121,11,27,1,1,1,0,0,0,14,0.1172,4,0,0,0,0,1,4,1,2,1
28,18,15,1,0,0,0,0,0,0,0.0,0,0,1,0,0,0,0,0,2,0
44,13,9,2,0,0,1,0,0,0,0.0051,0,0,1,0,0,0,0,0,0,0
61,33,5,6,1,0,2,1,0,11,0.1718,1,0,0,0,0,0,3,1,2,1
52,29,24,4,2,0,1,2,2,2,0.0287,0,1,0,0,0,0,1,0,3,1
22,9,13,4,0,0,0,0,0,0,0.0,0,0,1,0,0,0,1,0,0,0
82,20,11,2,4,0,0,0,1,15,0.1803,1,1,0,0,0,0,3,0,1,1
62,25,17,3,1,0,1,0,0,2,0.04,2,0,0,0,0,0,2,0,1,1
39,16,2,2,1,0,0,0,0,1,0.0203,0,0,1,0,0,0,0,0,1,0
66,25,39,7,2,0,0,0,2,8,0.1197,2,1,1,0,0,0,1,0,2,1
69,11,9,3,3,0,2,0,1,7,0.1049,1,0,0,0,0,1,1,0,1,1
45,32,33,4,6,0,1,0,0,5,0.1072,0,0,0,0,0,0,2,0,1,1
25,16,16,2,2,0,0,0,0,1,0.0553,0,0,1,0,0,0,0,0,1,0
35,17,26,0,1,0,0,0,0,0,0.0,0,0,1,0,0,0,0,0,1,0
33,17,12,2,2,0,0,0,0,2,0.0505,2,0,1,0,0,0,0,0,2,0
17,16,4,3,0,0,1,0,1,1,0.0475,0,0,0,0,0,0,0,0,0,0
34,13,16,3,0,0,0,0,0,0,0.0049,0,0,1,0,0,0,1,0,0,0
109,26,41,1,3,0,1,0,0,22,0.2048,1,0,0,0,0,1,0,0,1,1
34,10,0,2,1,0,0,0,0,0,0.0,0,0,1,0,0,0,1,0,0,0
53,6,26,0,4,0,0,0,1,6,0.1031,1,0,0,0,0,0,0,0,3,1
76,15,36,2,3,0,1,0,3,0,0.0,4,0,1,0,0,0,2,0,6,1
64,28,25,4,2,0,1,0,0,10,0.161,1,0,0,0,0,0,3,0,2,1
82,28,30,4,0,0,0,0,0,10,0.1241,1,1,0,0,1,0,0,1,2,1
59,29,8,5,3,0,1,2,1,5,0.0916,3,0,1,0,0,0,1,0,0,1
20,16,0,2,0,0,0,0,0,0,0.0096,0,0,1,0,0,0,0,0,3,0
63,11,7,1,0,0,0,0,1,2,0.0286,0,0,0,0,0,0,0,0,0,0
72,7,46,5,0,0,0,0,3,16,0.2163,3,0,0,0,0,0,1,1,3,1
22,27,22,2,1,0,0,0,0,0,0.0,0,0,1,0,0,0,0,0,0,0
33,19,6,0,1,0,0,0,0,1,0.036,1,0,1,0,0,0,0,0,1,0
104,31,72,4,1,0,3,0,1,2,0.0236,3,0,0,0,0,0,1,0,2,1
30,8,5,2,0,0,0,0,0,1,0.0299,1,0,0,0,1,1,0,0,1,0
35,17,18,1,0,0,0,0,0,1,0.0422,0,0,1,0,0,0,0,0,1,0
90,36,24,4,3,1,0,0,2,16,0.1741,4,0,1,0,0,0,1,0,5,1
26,8,14,2,0,0,0,0,1,0,0.0068,0,0,1,0,0,0,0,0,3,0
53,20,70,2,1,0,0,2,1,11,0.198,1,1,1,0,0,0,3,1,0,1
129,9,20,2,2,0,0,1,2,18,0.1374,1,0,0,0,0,0,2,1,1,1
88,12,0,5,2,0,1,1,0,15,0.1707,1,0,0,0,0,0,4,1,2,1
40,18,6,2,1,0,0,0,0,1,0.0142,1,0,1,0,0,0,0,0,0,0
35,12,9,3,1,0,0,0,0,1,0.0312,0,0,1,0,0,0,0,0,0,0
129,27,17,2,3,0,1,0,1,43,0.3362,3,0,1,0,0,0,1,0,2,1
36,7,10,2,0,0,0,0,0,1,0.0143,0,0,1,0,0,0,0,0,0,0
18,12,14,1,1,0,0,0,0,1,0.0586,0,0,1,0,0,0,2,0,1,0
64,29,13,1,5,0,2,2,0,9,0.1411,1,0,0,1,0,0,0,1,4,1
41,17,21,3,1,0,0,0,0,3,0.0821,0,0,1,0,0,0,0,0,1,0
32,21,14,1,0,0,0,0,0,1,0.0271,1,0,1,0,0,0,0,0,1,0
95,19,9,3,0,0,0,0,1,23,0.2421,0,1,1,0,0,0,2,1,2,1
42,31,46,4,3,0,1,1,1,5,0.1292,0,0,0,0,0,0,4,1,0,1
42,15,36,1,0,0,0,0,0,2,0.0437,0,0,1,0,0,1,0,0,1,0
42,4,42,2,1,0,0,0,1,1,0.0208,2,0,1,0,0,0,0,0,0,0
84,15,15,5,0,1,0,0,0,18,0.2121,2,0,0,0,0,0,0,1,1,1
71,4,13,3,0,0,1,0,1,13,0.1821,3,0,0,0,0,0,2,1,4,1
29,18,9,3,2,0,1,0,0,0,0.0,0,0,1,0,0,0,1,0,1,0
111,35,31,5,5,0,2,1,1,20,0.1824,2,0,1,0,0,1,3,1,3,1
23,14,28,1,0,0,1,0,0,0,0.0107,3,0,0,0,0,0,0,0,3,0
38,12,14,2,1,0,0,0,0,0,0.0,2,0,1,0,0,0,0,0,2,0
66,26,32,6,2,0,0,0,0,3,0.0495,0,0,1,0,0,1,5,1,0,1
29,16,0,2,1,0,0,0,0,0,0.0,1,0,1,0,0,0,0,0,1,0
25,22,9,1,0,0,0,0,0,0,0.0,0,0,1,0,0,0,0,0,4,0
54,13,4,3,1,0,0,0,0,0,0.004,0,0,1,0,0,0,0,0,1,0
19,12,45,1,1,0,1,3,1,1,0.045,0,0,1,0,0,0,0,0,1,1
88,17,29,1,3,0,1,0,0,16,0.1792,1,1,1,0,0,0,0,1,1,1
36,20,2,1,1,0,0,0,0,0,0.0,1,0,1,0,0,0,0,0,1,0
81,12,30,4,1,0,0,1,0,18,0.2248,0,1,0,0,0,0,1,1,2,1
52,20,11,4,0,0,0,2,1,6,0.1116,1,0,1,0,0,0,2,0,4,1
41,3,7,2,0,0,0,0,0,1,0.0221,0,0,1,0,0,0,0,0,0,0
28,8,12,1,2,0,0,0,0,1,0.0255,1,0,1,0,0,0,0,0,1,0
71,16,8,2,1,0,0,0,0,5,0.0769,0,0,1,0,0,0,1,0,0,0
89,19,31,4,0,0,0,1,0,25,0.2763,2,0,0,0,0,0,1,1,5,1
41,22,9,2,0,0,0,0,0,0,0.0,0,0,1,0,0,0,0,0,0,0
29,11,2,1,1,0,0,0,0,1,0.0337,0,0,1,0,0,0,0,0,0,0
25,11,11,2,1,0,0,0,0,1,0.0248,0,0,1,0,0,0,0,0,1,0
27,15,15,1,1,0,0,0,1,0,0.0155,1,0,1,0,0,0,0,0,1,0
24,16,2,1,0,0,0,0,0,1,0.0347,1,0,1,0,0,0,0,0,0,0
47,18,32,2,3,0,1,1,0,2,0.0491,2,0,0,0,0,0,1,0,2,1
26,17,5,1,1,0,0,0,1,2,0.0739,1,0,1,0,0,1,0,0,0,0
62,21,36,4,6,0,0,1,1,11,0.1836,1,1,0,0,1,0,0,1,3,1
65,25,45,2,2,0,1,0,0,12,0.188,1,0,1,0,0,0,4,1,2,1
17,8,4,0,0,0,0,0,0,1,0.08,1,0,1,0,0,1,0,0,1,0
81,33,32,7,2,0,0,0,1,22,0.2732,1,0,1,0,1,0,1,0,3,1
92,21,40,3,3,0,0,0,0,3,0.0357,2,0,1,0,0,0,0,0,2,1
57,20,54,2,2,0,0,1,0,7,0.1177,0,0,1,0,1,0,5,0,2,1
25,16,13,2,0,0,0,0,0,0,0.0,1,0,1,0,0,0,1,0,1,0
79,23,22,4,1,0,0,0,0,20,0.2565,2,1,1,0,1,0,3,0,0,1
107,15,31,2,6,0,1,0,1,13,0.1209,2,0,0,0,0,1,1,0,4,1
41,18,3,2,0,0,1,0,0,2,0.0478,0,0,1,0,0,0,0,0,0,0
36,12,0,2,0,0,1,0,0,0,0.0,1,0,1,0,0,0,0,0,1,0
26,14,15,1,1,0,0,1,0,0,0.0181,0,0,1,0,0,0,1,0,0,0
42,10,17,1,0,0,0,0,0,2,0.046,1,0,1,0,0,0,0,0,1,0
94,24,38,3,4,0,1,0,2,17,0.186,2,0,1,0,0,0,0,1,2,1
40,18,26,1,0,0,0,0,0,1,0.0289,1,0,1,0,0,0,0,0,2,0
36,11,15,3,0,0,0,0,0,0,0.0039,1,0,1,0,0,0,0,0,1,0
39,26,7,2,1,0,0,0,0,1,0.015,1,0,1,0,0,0,0,0,1,0
4,16,7,2,0,0,0,0,0,0,0.0,1,0,1,0,0,0,0,0,0,0
31,16,32,2,1,0,0,0,1,3,0.0928,2,0,1,0,0,0,2,1,4,1
14,14,8,1,0,0,0,0,1,0,0.0036,0,0,1,0,0,0,0,0,1,0
67,25,38,5,3,0,0,0,1,9,0.1355,0,1,1,0,0,0,0,1,3,1
26,11,9,1,0,0,0,0,0,2,0.0628,0,0,1,0,0,0,0,0,2,0
0,17,14,1,0,0,0,0,1,0,0.0,0,0,1,0,0,0,0,0,0,0
36,18,7,2,1,0,1,0,1,0,0.0067,0,0,1,0,0,0,0,0,0,0
29,17,8,2,1,0,0,0,0,0,0.0,1,0,1,0,0,0,0,0,0,0
75,16,19,4,1,0,1,0,0,1,0.0134,0,0,1,0,0,0,4,1,3,1
62,26,36,4,3,0,0,0,3,2,0.029,2,0,1,0,0,0,0,0,2,1
50,32,27,4,2,0,1,0,1,3,0.0544,2,1,0,0,1,1,5,1,1,1
56,17,15,2,0,0,0,0,0,0,0.0,0,0,1,0,0,0,0,0,0,0
108,35,29,4,3,0,0,0,1,19,0.1792,1,0,1,0,0,1,4,0,0,1
35,13,8,2,1,0,0,0,0,0,0.0,0,0,1,0,0,0,0,0,2,0
25,15,2,2,0,0,0,0,0,1,0.0488,0,0,1,0,0,0,0,0,0,0
39,14,46,4,0,0,1,0,1,5,0.1272,1,0,0,0,1,0,0,0,3,1
37,8,27,2,1,0,0,0,0,0,0.0,0,0,1,0,0,0,0,0,0,0
70,8,41,3,0,0,0,0,0,6,0.0855,2,1,1,0,0,0,2,1,2,1
56,27,28,3,0,0,1,1,0,15,0.2716,2,0,0,0,0,0,1,1,2,1
80,9,17,3,4,0,0,0,2,10,0.1246,0,1,0,0,0,0,3,1,2,1
82,28,22,6,2,0,2,0,0,8,0.1022,1,0,1,0,1,1,2,0,2,1
33,27,16,1,0,0,1,1,0,2,0.0644,0,0,1,0,0,0,4,1,4,1
57,14,0,2,1,0,0,0,0,2,0.0367,1,0,1,0,0,0,0,0,0,0
118,17,6,4,1,0,2,1,0,10,0.0867,1,1,0,0,0,0,2,1,0,1
51,31,31,3,1,0,1,1,1,0,0.0,0,0,0,0,0,0,0,1,3,1
42,13,10,1,0,0,0,0,0,2,0.0441,2,0,1,0,0,0,0,0,0,0
31,18,9,1,1,0,0,0,1,2,0.0559,1,0,1,0,0,0,0,0,1,0
65,27,43,1,4,0,0,3,1,6,0.0856,3,0,0,0,0,0,2,0,0,1
67,25,44,1,2,0,1,0,0,8,0.1194,1,0,1,0,0,0,3,0,3,1
16,20,11,2,1,0,0,0,0,0,0.0142,0,0,1,0,0,0,0,0,0,0
7,8,26,1,2,0,0,0,1,0,0.0058,0,0,1,0,0,0,0,0,1,0
22,17,16,2,0,0,0,0,0,0,0.0119,1,0,1,0,0,0,0,0,4,0
23,17,21,1,0,0,0,0,0,0,0.0151,2,0,1,0,0,0,0,0,1,0
49,6,9,3,1,0,0,0,0,2,0.0354,0,0,1,0,0,0,0,0,0,0
75,29,37,4,1,0,0,1,0,9,0.1245,1,0,0,1,0,0,4,0,0,1
54,28,5,5,3,0,0,0,2,12,0.2136,1,0,0,0,0,1,2,1,0,1
46,22,0,3,0,0,0,0,0,1,0.0189,0,0,1,0,0,0,1,0,0,0
11,21,7,3,0,0,0,0,2,1,0.0462,2,0,1,0,0,0,0,0,0,0
33,13,7,2,1,0,0,0,0,0,0.0,0,0,0,0,0,1,1,0,0,0
48,15,0,3,2,0,0,0,0,0,0.0,0,0,1,0,0,0,0,0,1,0
51,22,0,1,0,0,0,0,0,0,0.0064,0,0,1,0,0,0,0,0,1,0
31,15,1,1,1,0,0,0,0,1,0.0276,0,0,1,0,0,0,0,0,0,0
22,17,12,2,0,0,1,0,1,0,0.0,0,0,1,0,0,0,0,0,1,0
45,19,2,1,0,0,0,0,0,1,0.0198,1,0,1,0,0,0,0,0,1,0
95,31,18,4,3,0,1,0,2,12,0.1206,0,1,0,0,0,0,2,1,2,1
78,19,14,2,0,0,0,0,0,17,0.2198,1,0,1,0,0,1,0,0,5,1
71,30,61,4,4,0,0,1,0,13,0.1825,2,1,1,1,0,0,3,0,1,1
59,33,39,1,6,0,1,0,2,5,0.0887,2,1,0,0,0,1,4,1,3,1
38,18,4,1,1,0,0,0,0,0,0.0089,0,0,1,0,0,0,0,0,0,0
21,14,5,2,0,0,0,0,0,0,0.0183,0,0,1,0,0,0,0,0,1,0
46,4,19,1,1,0,0,0,1,0,0.002,1,0,1,0,0,1,0,0,1,0
42,19,1,3,0,0,0,0,0,0,0.0008,1,0,0,0,0,0,0,0,1,0
51,12,13,2,1,0,1,0,1,2,0.0434,0,0,1,0,0,0,0,0,0,0
95,23,42,2,1,0,1,1,0,12,0.127,4,0,0,0,0,0,2,0,0,1
33,14,28,2,0,0,0,0,1,2,0.0528,0,0,1,0,0,0,0,0,2,0
34,13,10,3,0,0,0,0,0,0,0.0061,0,0,1,0,0,0,0,0,1,0
25,22,26,2,0,0,0,0,1,0,0.0,0,0,1,0,0,0,1,0,0,0
56,34,10,1,0,0,1,0,0,3,0.0545,1,0,1,0,0,0,4,1,3,1
74,21,39,4,4,0,1,0,4,7,0.1004,1,0,1,0,0,0,2,0,2,1
21,14,9,1,0,0,0,0,0,1,0.0367,0,0,1,0,0,0,0,0,1,0
13,13,8,0,1,0,0,0,1,0,0.0128,0,0,1,0,0,0,0,0,1,0
27,9,25,1,0,0,0,0,0,0,0.0,2,0,0,0,0,0,0,0,0,0
56,38,3,4,1,0,0,0,1,8,0.1336,0,0,0,0,0,0,3,0,2,1
57,22,42,1,0,0,2,2,0,0,0.0,2,1,0,0,1,0,2,0,4,1
37,15,6,2,1,0,1,0,0,0,0.0,0,0,1,0,0,0,0,0,1,0
63,18,4,4,1,0,0,0,2,19,0.306,5,0,0,0,0,0,0,0,2,1
72,28,30,3,3,0,0,0,0,6,0.0839,0,0,1,0,1,1,6,1,3,1
37,18,9,2,1,0,0,0,0,0,0.0097,1,0,1,0,1,0,1,0,1,0
70,14,40,2,3,0,0,1,0,6,0.0858,1,0,1,0,0,1,3,1,1,1
89,34,66,3,2,0,0,1,1,11,0.1262,0,0,1,0,0,1,1,1,0,1
31,22,18,2,0,0,1,0,1,1,0.0409,0,0,1,0,0,1,0,0,1,0
36,12,10,2,0,0,0,0,0,2,0.051,0,0,0,0,0,0,0,0,0,0
39,21,4,2,0,0,0,0,0,1,0.0199,0,0,1,0,0,0,1,0,0,0
27,21,3,1,1,0,0,0,0,0,0.0071,2,0,1,0,0,0,0,0,0,0
64,30,34,5,0,0,0,0,0,4,0.059,6,0,0,0,0,0,2,0,2,1
15,12,0,2,0,0,0,0,0,0,0.0196,1,0,1,0,0,0,0,0,0,0
26,13,20,2,0,0,0,0,0,2,0.0601,0,0,1,0,0,0,0,0,0,0
102,14,27,3,0,0,1,0,1,14,0.1333,0,0,1,0,0,0,2,0,3,1
11,20,15,2,2,0,0,0,0,0,0.0,1,0,1,0,0,0,1,0,1,0
132,26,45,3,2,0,0,0,1,30,0.2248,2,0,1,0,1,0,3,1,1,1
60,23,26,3,6,0,3,0,1,0,0.0,0,0,0,0,0,0,3,1,0,1
48,16,5,3,0,0,0,0,0,2,0.0407,0,0,1,0,0,0,0,0,0,0
40,11,0,3,1,0,0,0,0,0,0.0,0,0,1,0,0,0,0,0,0,0
73,22,17,5,3,1,0,1,2,0,0.0,0,0,0,0,0,1,1,1,3,1
41,11,8,2,1,0,0,0,0,1,0.0302,1,0,1,0,0,0,0,1,1,0
42,10,0,2,0,0,0,0,1,1,0.0344,0,0,1,0,0,0,0,1,0,0
28,13,25,3,2,0,0,0,0,0,0.0105,0,0,1,0,0,0,0,0,0,0
0,43,31,4,2,0,1,1,2,0,0.0872,0,0,0,0,0,1,1,1,2,1
35,23,17,1,2,0,0,1,2,5,0.1514,1,0,1,0,0,0,1,1,2,1
23,19,9,2,0,0,0,0,1,0,0.02,0,0,1,0,0,0,0,0,0,0
34,19,15,3,0,0,1,0,0,1,0.015,0,0,1,0,0,0,0,0,0,0
29,22,14,2,0,0,0,0,0,0,0.0,1,0,1,0,0,0,1,0,2,0
90,27,6,5,0,1,2,0,1,8,0.0835,1,1,1,0,0,0,7,1,1,1
34,25,5,1,1,0,0,0,1,2,0.0595,0,0,1,0,0,0,0,0,1,0
42,14,18,3,1,0,0,0,0,1,0.0121,1,0,1,0,0,0,1,0,4,0
94,9,57,4,3,0,1,1,3,15,0.1611,0,0,0,0,0,0,2,0,3,1
70,24,26,2,1,0,0,0,1,11,0.1515,2,0,1,0,1,0,2,1,1,1
17,15,7,1,0,0,2,0,0,1,0.0771,0,0,1,0,0,0,0,0,0,0
89,26,38,2,2,0,0,0,0,18,0.2089,1,1,1,0,1,0,3,0,5,1
14,13,24,1,3,0,0,0,0,1,0.0538,1,0,1,0,0,0,0,0,2,0
74,28,32,4,4,1,1,0,1,11,0.1509,1,0,0,0,1,0,3,0,1,1
58,19,0,2,1,0,0,0,1,0,0.0,0,0,1,0,0,0,0,0,0,0
39,11,17,4,4,0,0,1,1,7,0.1759,0,0,1,0,0,0,3,1,1,1
91,15,17,3,3,0,0,0,1,14,0.1584,1,0,0,0,0,0,1,0,1,1
27,11,9,3,0,0,0,0,0,1,0.0386,0,0,1,0,0,0,0,0,0,0
71,34,44,4,2,0,0,0,0,3,0.0465,0,0,0,0,0,0,2,0,0,1
35,8,18,2,0,0,0,0,1,0,0.0,0,0,1,0,0,0,0,0,0,0
56,18,21,5,2,0,1,0,0,1,0.0252,2,0,0,0,0,0,3,1,1,1
20,16,41,3,1,0,0,1,0,3,0.1431,2,0,0,0,0,0,3,0,2,1
78,32,27,3,1,0,0,1,1,10,0.128,1,0,0,0,1,0,2,1,0,1
12,5,18,2,0,0,1,0,0,0,0.0,0,0,1,0,0,0,0,0,2,0
32,9,21,1,1,0,0,1,0,2,0.0515,1,0,1,0,0,0,0,0,0,0
40,25,11,3,0,0,0,0,0,1,0.0179,0,0,1,0,0,0,0,0,1,0
15,16,14,2,0,0,0,0,0,0,0.0108,0,0,1,0,0,0,1,0,1,0
26,15,8,1,1,0,0,0,1,0,0.0177,0,0,1,0,0,0,0,1,2,0
69,15,38,0,3,0,0,0,2,9,0.1236,0,1,0,0,0,0,2,1,1,1
105,22,47,4,4,0,0,0,0,5,0.0519,2,0,0,0,0,0,1,0,1,1
39,20,7,2,1,0,0,0,0,0,0.0085,0,0,1,0,0,0,0,0,0,0
29,3,21,2,1,0,0,0,0,1,0.0328,1,0,1,0,0,0,0,0,1,0
41,7,17,3,0,0,0,0,0,1,0.026,0,0,1,0,0,0,0,0,0,0
72,31,27,2,1,0,1,0,0,12,0.1644,0,0,0,0,0,0,0,1,0,1
51,11,10,2,2,0,0,0,0,0,0.0047,0,0,1,0,0,0,0,0,3,0
72,23,23,6,5,0,1,1,0,5,0.0732,3,1,1,0,0,0,1,1,2,1
30,12,5,1,0,0,0,0,0,1,0.0349,0,0,1,0,0,0,0,0,0,0
25,17,0,2,1,0,0,0,1,0,0.0062,0,0,1,0,0,0,0,0,0,0
26,17,8,2,1,0,0,0,0,0,0.0141,0,1,1,0,0,0,0,0,3,0
67,27,3,1,0,0,2,1,1,12,0.1764,1,1,0,0,0,1,4,0,0,1
28,8,0,1,2,0,0,0,1,2,0.0568,1,0,1,0,1,0,0,0,2,0
116,15,28,3,1,0,0,1,1,12,0.1075,1,0,0,0,0,0,1,1,3,1
58,25,32,4,2,0,1,1,0,4,0.0719,4,0,1,0,0,0,2,1,0,1
62,12,37,2,0,0,1,0,0,5,0.0766,1,1,1,0,1,0,1,0,5,1
30,12,11,3,0,0,0,1,0,2,0.0606,0,0,0,0,0,0,0,0,0,0
20,14,15,2,0,0,0,0,1,0,0.0119,0,0,1,0,0,0,0,1,1,0
17,17,18,1,1,0,0,0,0,0,0.0,0,0,1,0,0,0,0,0,1,0
81,33,27,4,1,0,0,0,2,21,0.2614,1,0,1,0,1,0,1,0,0,1
78,22,21,5,1,1,1,1,0,18,0.2257,2,0,0,0,0,0,1,0,1,1
44,13,22,1,0,0,0,0,0,0,0.0,1,0,1,0,0,1,0,0,1,0
108,26,41,3,1,0,0,1,0,7,0.0692,7,0,1,0,0,0,2,0,0,1
31,23,19,2,1,0,0,0,0,0,0.0,0,0,1,0,0,0,0,0,2,0
12,16,13,3,1,0,1,0,0,0,0.0357,1,0,1,0,0,0,0,1,0,0
73,17,25,2,4,0,0,0,1,9,0.1253,3,0,1,0,0,0,3,1,2,1
21,16,19,1,0,0,0,0,0,0,0.0197,0,0,1,0,0,1,0,0,1,0
30,14,7,1,0,0,0,0,0,1,0.0494,1,0,1,0,0,0,0,0,1,0
105,33,39,1,0,0,0,0,0,11,0.108,0,0,0,0,0,0,2,1,6,1
6,34,26,4,2,0,1,0,1,1,0.2002,2,1,0,0,0,0,0,0,1,1
39,13,0,1,2,0,0,0,1,2,0.048,0,0,1,0,0,0,0,0,1,0
51,11,0,1,1,0,0,0,1,0,0.0,0,0,1,0,0,0,1,0,0,0
22,23,0,2,0,0,1,0,0,1,0.0498,0,0,1,0,0,0,0,0,1,0
97,26,41,5,0,0,1,1,0,7,0.0674,1,0,0,0,0,0,5,1,4,1
75,27,34,5,2,0,2,0,1,9,0.1157,3,0,0,0,0,1,0,0,3,1
0,14,13,2,0,0,0,0,0,0,0.0422,0,0,1,0,0,0,0,0,0,0
56,23,7,2,2,0,0,0,0,17,0.3013,0,1,0,0,0,0,3,1,2,1
95,30,10,1,2,0,1,0,0,11,0.1133,0,1,0,0,0,0,1,1,2,1
42,17,6,2,1,0,1,0,0,0,0.0,0,0,0,0,0,0,0,0,0,0
112,26,38,5,2,0,1,2,2,20,0.1817,1,0,1,0,0,0,0,1,1,1
8,12,4,1,0,0,0,0,0,0,0.0269,0,0,1,0,0,0,1,1,0,0
37,14,7,2,0,0,0,0,2,1,0.0329,0,0,0,0,0,0,0,0,1,0
32,19,5,1,0,0,0,0,0,1,0.0195,1,0,1,0,0,0,0,0,1,0
71,15,34,5,1,0,0,1,1,13,0.1795,2,1,1,0,0,0,4,0,1,1
112,46,26,4,3,0,0,0,3,19,0.1731,3,0,0,0,0,1,3,0,0,1
98,7,28,4,3,0,1,1,0,15,0.1571,3,0,1,1,0,0,1,1,2,1
29,17,3,2,0,0,0,0,0,0,0.0,0,0,1,0,1,0,0,0,2,0
44,27,3,1,0,0,1,0,3,0,0.0,0,0,1,1,0,0,0,0,0,0
93,26,55,4,1,0,0,1,1,10,0.1118,3,1,0,0,0,1,2,1,1,1
155,22,23,3,4,0,0,0,0,47,0.3067,0,0,0,0,0,0,1,1,2,1
57,19,39,2,0,0,2,0,3,1,0.0205,0,1,1,0,1,1,1,1,0,1
57,23,20,2,0,0,1,1,0,8,0.1408,1,0,1,1,0,0,2,1,2,1
90,27,52,3,2,0,0,0,3,0,0.0,1,0,0,0,0,0,2,0,1,1
27,13,12,1,0,0,0,0,0,0,0.0,0,0,1,0,0,0,1,0,1,0
20,15,3,0,1,0,0,0,0,1,0.0283,1,0,1,0,0,0,0,0,1,0
48,36,43,3,1,0,0,0,1,9,0.1802,1,0,0,0,0,0,1,0,4,1
27,16,22,3,0,0,0,1,0,1,0.052,0,0,1,0,0,0,0,0,2,0
96,24,24,4,4,0,0,0,2,0,0.0,0,0,0,0,0,0,0,1,4,1
77,29,10,4,5,0,0,1,0,10,0.1268,6,0,1,0,0,0,4,0,1,1
27,23,18,3,0,0,0,0,1,0,0.0164,0,0,1,0,0,0,1,0,0,0
64,23,30,5,4,0,1,3,2,13,0.2047,1,1,1,0,0,0,0,1,3,1
57,13,15,1,0,0,0,0,0,2,0.0328,0,0,1,0,0,0,0,0,0,0
93,19,67,3,6,0,0,0,3,15,0.1664,2,0,0,0,0,1,1,1,3,1
30,20,0,2,0,0,1,0,1,1,0.0356,1,0,1,0,0,0,0,0,1,0
86,39,24,1,4,0,0,0,1,17,0.195,1,0,1,0,0,1,3,0,1,1
62,34,8,1,3,0,0,0,0,5,0.0773,2,0,0,0,0,0,2,1,1,1
70,32,16,1,3,0,1,1,3,8,0.1129,0,1,1,0,0,0,1,1,2,1
75,23,20,3,4,0,1,0,2,7,0.094,2,0,1,0,1,0,2,0,2,1
28,22,21,1,0,0,0,0,0,2,0.055,0,0,1,0,0,0,0,0,0,0
63,39,18,3,3,0,2,2,1,4,0.0556,2,0,1,0,0,0,2,0,0,1
28,18,11,2,1,0,0,0,0,2,0.0672,1,0,1,0,0,0,1,0,0,0
12,6,0,3,0,0,0,0,0,0,0.0087,0,0,1,0,0,0,1,1,1,0
96,32,0,2,3,0,0,0,0,5,0.0487,2,0,0,0,1,0,4,0,1,1
43,34,19,5,1,0,2,0,1,4,0.1036,1,0,0,0,0,0,1,0,2,1
27,18,9,2,0,0,0,0,0,1,0.0391,0,0,0,0,0,0,0,0,0,0
26,10,12,1,0,0,0,0,0,0,0.0123,0,0,1,0,0,0,0,0,2,0
81,24,23,3,2,0,0,1,0,6,0.0739,4,0,0,0,0,0,0,0,3,1
93,17,72,2,2,0,0,1,2,15,0.1578,2,0,1,0,0,0,1,0,3,1
24,12,7,2,0,0,0,0,0,0,0.0105,0,0,1,0,0,0,0,0,0,0
75,25,37,1,3,0,0,1,1,19,0.2538,3,0,0,0,1,0,6,1,0,1
33,20,7,1,1,0,1,0,0,0,0.0114,0,0,1,0,0,0,0,0,2,0
25,26,22,2,0,0,0,0,0,0,0.0,0,0,1,0,0,0,0,0,0,0
15,14,10,2,2,0,1,0,0,0,0.0038,0,0,1,0,0,0,0,0,2,0
40,17,12,1,0,0,0,0,0,0,0.0,1,0,1,0,0,0,0,0,0,0
33,15,0,1,0,0,0,0,0,2,0.0468,2,0,1,0,1,0,0,0,0,0
42,17,20,3,0,0,0,0,1,0,0.0,0,0,1,0,0,0,0,0,2,0
137,28,27,2,4,0,0,0,1,6,0.0436,1,0,0,0,0,0,2,1,3,1
19,5,11,2,0,0,1,0,0,0,0.0228,0,0,1,0,0,0,0,0,0,0
39,24,37,3,2,1,0,0,1,3,0.0739,2,0,0,0,0,0,1,1,1,1
24,9,0,1,1,0,0,0,2,0,0.0,1,0,1,0,0,0,0,0,1,0
85,25,36,5,2,0,0,0,1,14,0.1682,0,0,1,0,0,0,4,0,3,1
78,29,36,6,4,0,1,0,3,0,0.0,0,0,1,0,0,0,3,0,3,1
32,19,26,2,0,0,0,0,0,1,0.0435,0,0,1,0,0,0,0,0,0,0
46,14,6,1,0,0,0,1,0,0,0.0022,0,0,1,0,0,0,1,0,3,0
40,5,4,2,0,0,0,0,0,1,0.0154,0,0,1,0,0,0,0,1,2,0
38,22,0,3,1,0,0,0,0,0,0.0,0,0,1,0,0,0,0,1,0,0
38,16,4,1,1,0,1,1,0,0,0.0,0,0,1,0,0,0,0,0,0,0
92,15,19,4,0,0,0,0,1,0,0.0,0,0,1,0,0,0,2,1,3,1
54,19,36,4,0,0,0,0,3,1,0.0174,1,0,1,0,0,0,1,0,3,1
103,14,69,3,1,0,0,2,0,13,0.1313,2,1,1,0,0,0,1,0,2,1
81,23,0,5,2,0,1,0,1,7,0.0891,0,0,0,0,0,0,1,1,3,1
110,25,22,1,3,0,0,1,1,9,0.0815,0,1,0,0,0,0,4,0,2,1
54,21,8,2,1,0,0,0,0,1,0.0155,0,0,1,0,0,0,0,0,0,0
78,41,32,3,3,0,0,0,0,9,0.1171,0,0,1,0,0,0,3,1,2,1
54,28,37,3,1,0,0,0,0,5,0.0962,1,1,0,0,0,0,1,1,2,1
28,15,25,1,1,0,0,0,0,1,0.0302,0,0,1,0,0,0,0,0,1,0
44,22,8,4,2,0,0,2,1,4,0.081,1,1,1,0,0,0,1,1,1,1
62,36,20,4,2,0,0,1,1,10,0.1556,2,0,0,0,0,0,2,1,1,1
116,28,24,5,4,0,0,1,2,13,0.112,1,0,0,0,0,0,1,0,4,1
50,28,27,4,1,0,0,2,1,3,0.0548,0,0,0,0,0,0,3,0,3,1
37,17,2,3,1,0,1,0,0,0,0.0,0,0,1,0,0,0,0,0,0,0
81,20,26,4,0,1,0,0,2,3,0.0346,3,0,1,0,0,0,2,0,2,1
30,23,0,2,1,0,0,0,1,0,0.014,0,0,1,0,1,0,0,0,4,0
20,11,25,3,2,0,1,0,0,2,0.0987,2,0,1,0,1,0,2,0,1,1
100,7,47,2,1,0,0,0,1,17,0.1739,3,0,1,0,0,0,1,1,1,1
35,18,11,1,1,0,0,0,3,7,0.2027,5,0,0,0,0,1,3,1,3,1
70,5,25,2,0,0,0,0,2,15,0.2196,4,0,1,0,1,0,2,1,2,1
36,9,17,2,0,0,0,0,2,0,0.0,0,0,1,0,0,0,0,0,0,0
62,31,0,3,2,0,2,2,1,14,0.2335,0,0,0,0,0,0,1,0,4,1
19,12,7,2,1,0,0,0,0,0,0.0113,1,0,1,0,0,0,0,0,0,0
86,18,53,3,2,0,2,0,0,22,0.2548,1,0,0,0,0,0,0,1,2,1
45,16,6,3,1,0,0,0,0,1,0.0212,0,0,1,0,0,0,0,0,3,0
123,17,13,5,2,0,2,0,0,24,0.1936,0,0,1,0,0,0,0,1,1,1
104,29,17,2,3,0,0,0,2,17,0.1593,1,0,0,0,1,0,1,0,2,1
10,19,16,1,1,0,0,0,0,0,0.0403,0,0,1,0,0,0,0,0,0,0
24,15,12,2,0,0,0,0,1,1,0.0343,0,0,1,0,0,0,0,0,0,0
96,14,27,3,1,0,0,1,0,15,0.1558,1,0,1,0,0,0,1,1,3,1
78,35,36,3,3,1,1,0,3,2,0.0277,3,0,0,0,0,0,3,1,4,1
33,18,0,1,2,0,0,0,0,2,0.0656,1,0,1,0,0,0,0,0,4,0
40,15,26,1,0,0,0,0,0,1,0.0307,1,0,1,0,0,0,0,0,1,0
42,27,17,3,0,0,0,0,2,5,0.1107,0,1,1,0,0,0,2,1,2,1
13,16,13,1,0,0,0,0,0,0,0.0307,1,0,1,0,1,0,0,0,1,0
37,13,7,2,1,0,0,0,1,0,0.0053,1,0,1,0,0,0,0,0,0,0
24,19,8,2,1,0,0,0,0,1,0.0255,0,0,1,0,0,0,0,0,1,0
34,19,18,5,1,0,0,1,1,7,0.2061,2,0,1,0,0,0,3,0,4,1
22,21,0,2,2,0,0,0,1,0,0.0035,1,0,0,0,0,0,0,0,0,0
47,33,0,5,2,0,1,1,0,6,0.1222,2,0,0,0,0,1,1,1,3,1
32,14,6,2,0,0,1,0,1,1,0.0323,0,0,1,0,0,0,0,1,1,0
24,9,11,2,0,0,0,0,0,1,0.0269,0,0,1,0,0,0,0,0,1,0
85,56,6,0,0,0,0,0,1,22,0.2567,2,0,0,0,0,0,1,0,3,1
57,20,7,2,0,0,0,0,0,0,0.0,1,0,1,0,0,0,0,0,0,0
61,13,2,2,0,0,0,0,0,1,0.0164,0,0,1,0,0,0,0,0,0,0
25,18,13,2,0,0,0,0,0,1,0.0447,0,0,1,0,0,0,0,0,4,0
48,37,29,0,1,0,1,0,1,3,0.0626,1,0,0,0,0,0,2,1,4,1
65,9,48,2,4,0,1,3,0,6,0.0877,2,0,0,0,0,0,2,1,3,1
63,17,50,3,1,0,1,0,3,2,0.025,1,0,1,0,0,0,1,0,1,1
85,10,47,5,5,0,1,1,0,14,0.1605,2,0,0,0,0,0,4,0,0,1
23,13,6,3,0,0,0,0,0,0,0.0204,0,0,1,0,0,0,0,0,0,0
71,23,7,4,5,0,2,3,4,10,0.1344,3,0,1,0,0,0,2,0,1,1
25,9,4,3,1,0,0,0,1,2,0.0654,0,0,1,0,0,0,0,0,3,0
22,11,7,2,2,0,0,0,0,1,0.0288,0,0,1,0,0,0,0,0,0,0
22,16,8,3,0,0,0,0,0,0,0.0096,0,0,0,0,0,0,0,0,2,0
43,13,30,4,1,0,0,1,1,8,0.1728,3,1,0,0,0,0,1,0,1,1
89,22,9,1,2,1,1,0,1,11,0.1253,1,0,1,0,0,0,3,0,3,1
50,13,8,3,1,0,2,1,2,10,0.2006,2,0,0,0,0,0,2,0,3,1
23,21,21,2,0,0,0,0,0,0,0.0057,1,0,1,0,0,0,0,0,3,0
31,22,24,2,2,0,0,0,1,1,0.0211,0,0,1,0,0,0,0,0,0,0
24,14,8,1,0,0,0,0,1,0,0.0,0,0,1,0,0,0,1,0,2,0
27,11,7,2,0,0,1,0,0,1,0.0522,2,0,1,0,0,0,1,0,0,0
47,27,16,5,0,0,0,0,1,6,0.1243,5,0,1,0,0,0,4,1,1,1
51,23,33,2,1,0,0,0,2,3,0.0546,0,0,0,0,0,0,4,1,2,1
33,15,19,2,0,0,0,0,1,1,0.0185,1,0,1,0,0,0,0,0,2,0
26,28,51,3,2,0,0,1,1,2,0.0835,0,0,1,1,1,0,2,0,1,1
33,11,0,1,0,0,0,0,0,2,0.0698,1,0,1,0,0,0,0,0,0,0
66,25,26,3,0,0,1,2,1,4,0.0664,3,0,0,0,0,0,0,0,3,1
60,27,30,3,2,0,1,1,1,7,0.1144,0,0,1,0,0,0,1,0,1,1
47,2,28,2,1,0,0,0,0,3,0.0597,2,0,1,0,0,0,0,0,0,0
28,6,22,2,1,0,0,0,1,0,0.0,1,0,1,0,0,0,1,0,3,0
27,17,12,1,0,0,0,0,0,1,0.0369,0,0,0,0,0,0,0,0,1,0
14,18,0,2,1,0,0,0,1,1,0.0619,2,0,1,0,0,0,0,0,3,0
21,17,3,1,0,0,0,0,0,0,0.0179,0,0,0,0,0,0,0,0,1,0
88,33,29,2,1,0,0,1,1,1,0.0122,1,0,1,1,0,0,1,1,2,1
56,16,0,0,0,0,0,0,0,0,0.0,0,0,1,0,0,0,0,1,1,0
49,4,3,2,1,0,1,0,1,2,0.0421,1,0,1,0,0,0,0,0,1,0
29,18,21,2,0,0,1,1,0,1,0.0445,1,0,0,0,0,0,0,0,2,0
47,16,11,1,0,0,0,0,3,0,0.0057,0,0,1,0,0,0,0,0,0,0
76,30,14,1,4,0,0,0,2,2,0.0284,0,0,0,0,0,0,1,0,2,1
33,16,10,2,1,0,0,0,1,1,0.0371,1,0,1,0,0,0,0,0,1,0
91,36,27,4,3,0,0,1,1,18,0.201,1,0,0,0,1,0,4,0,4,1
12,15,5,3,0,0,2,0,1,0,0.0026,0,0,1,0,0,0,1,0,2,0
51,13,37,3,1,0,1,1,2,11,0.2105,5,0,1,0,1,0,0,0,1,1
52,10,0,0,1,0,1,0,1,1,0.0232,0,0,1,0,0,0,0,0,3,0
112,22,15,3,4,0,0,0,0,22,0.1933,1,0,1,0,0,0,1,0,1,1
58,21,25,6,2,0,0,1,1,13,0.2215,3,0,0,0,0,0,1,1,1,1
26,10,6,2,1,0,0,0,0,0,0.0134,0,0,1,0,0,0,0,1,0,0
84,16,23,2,3,0,0,0,0,15,0.1822,1,1,0,0,0,0,2,0,0,1
17,8,5,2,0,0,1,0,1,0,0.027,0,0,1,0,0,0,0,0,1,0
43,24,41,2,1,0,0,1,1,0,0.0,2,1,0,0,0,0,3,0,2,1
73,22,0,3,3,0,1,0,0,4,0.0594,2,0,1,0,0,0,1,0,5,1
77,19,8,4,2,0,0,1,2,19,0.2436,0,0,1,0,0,0,2,1,2,1
73,23,15,0,2,0,0,1,0,0,0.0,3,0,1,0,0,0,1,1,4,1
54,31,37,1,4,0,1,0,0,2,0.0328,1,0,0,0,0,0,3,0,4,1
28,16,12,2,0,0,1,0,1,0,0.0,1,0,1,0,0,0,0,0,0,0
37,16,17,2,1,0,0,0,0,0,0.0,0,0,1,0,0,0,0,0,1,0
28,15,14,2,0,0,0,0,0,0,0.0,1,0,1,0,0,0,0,0,2,0
66,18,26,2,0,0,1,1,0,13,0.1931,4,0,1,0,0,0,2,0,3,1
84,22,33,4,2,0,0,0,1,14,0.1715,0,0,0,0,0,0,1,0,7,1
24,11,19,2,0,0,0,0,1,0,0.0125,2,0,0,0,0,1,0,0,0,0
53,25,26,1,1,0,0,0,0,8,0.1479,1,0,0,0,0,1,1,1,3,1
29,1,7,1,0,0,0,0,0,1,0.0326,1,0,1,0,0,0,0,0,1,0
30,15,11,1,0,0,0,0,1,0,0.0,0,0,1,0,0,0,0,0,0,0
27,23,40,2,1,0,1,0,1,5,0.1977,2,0,1,0,0,0,0,0,2,1
40,21,27,5,1,0,0,0,1,0,0.0039,4,0,0,0,0,0,2,1,1,1
68,6,22,1,0,0,0,0,2,0,0.0,0,0,1,0,0,0,0,0,1,0
18,29,17,2,0,0,0,0,2,1,0.0437,0,0,1,0,0,0,0,1,2,0
67,26,38,5,5,0,1,1,0,12,0.1838,2,1,0,0,0,1,3,0,0,1
49,31,15,1,1,0,1,1,1,3,0.0552,4,0,0,0,1,0,0,1,1,1
70,26,62,3,3,0,0,0,1,11,0.1606,1,0,0,0,0,0,0,0,4,1
85,38,35,3,2,0,0,1,1,13,0.1551,2,1,0,0,0,0,3,1,1,1
43,12,6,2,1,0,0,0,0,3,0.065,2,0,1,0,0,0,0,0,2,0
28,5,9,2,0,0,0,0,0,0,0.0,0,0,1,0,0,0,0,0,0,0
89,23,14,3,5,0,0,0,0,15,0.1706,1,1,1,0,0,1,4,1,2,1
78,22,42,2,7,0,0,0,1,14,0.1797,0,1,0,0,0,0,1,1,1,1
46,10,37,3,4,0,1,2,2,6,0.1318,4,0,0,0,1,0,2,0,3,1
40,19,7,2,0,0,0,0,0,0,0.0116,0,0,1,0,0,0,0,0,1,0
21,16,0,2,0,0,0,1,0,0,0.0052,1,0,1,0,0,0,0,0,0,0
27,23,5,1,0,0,0,0,0,0,0.0,0,0,1,0,0,0,2,1,0,0
31,12,5,2,0,0,0,0,0,1,0.034,0,0,1,0,0,0,0,0,2,0
54,17,5,2,3,0,2,0,0,12,0.2224,2,0,0,0,1,1,2,0,4,1
96,30,40,4,1,0,3,0,1,4,0.043,1,0,0,0,0,0,2,0,1,1
19,13,12,1,3,0,0,0,0,0,0.0,0,0,1,0,0,0,0,0,0,0
18,18,13,0,0,0,1,0,0,1,0.0538,1,0,1,0,0,0,0,0,0,0
96,26,14,0,2,0,3,0,1,10,0.1017,1,0,1,0,0,0,1,0,2,1
84,19,36,2,2,0,0,1,2,9,0.1129,1,0,1,0,0,0,2,1,1,1
48,31,35,3,0,0,0,0,0,5,0.0937,3,0,1,1,0,1,0,0,2,1
64,39,36,4,1,0,0,0,2,0,0.0,3,0,0,0,0,0,2,0,1,1
18,10,8,1,1,0,0,0,1,0,0.0165,0,0,1,0,0,0,0,0,2,0
54,25,8,3,4,0,0,0,2,4,0.0792,1,0,0,0,0,0,2,1,1,1
61,25,16,2,0,0,0,0,0,5,0.0789,0,0,1,0,0,0,0,0,3,0
111,38,14,2,2,0,1,0,0,4,0.0349,1,0,0,0,0,1,2,0,2,1
60,18,21,2,0,0,0,1,0,4,0.06,2,0,1,0,0,1,0,0,2,0
91,26,8,3,1,0,0,1,1,13,0.1397,0,1,0,0,0,0,3,0,1,1
68,40,46,4,3,0,0,0,3,18,0.2587,3,0,1,0,0,1,3,1,3,1
85,22,42,4,5,0,0,1,0,8,0.0947,3,1,1,0,0,1,0,0,2,1
29,10,0,2,0,0,0,1,2,2,0.0554,1,0,1,0,0,0,0,0,0,0
101,18,5,2,3,0,0,1,2,12,0.1217,1,0,1,0,0,1,2,1,1,1
32,15,14,1,0,0,0,0,1,1,0.0198,0,0,1,0,1,0,0,0,1,0
24,11,21,2,0,0,0,0,0,0,0.0,0,0,1,0,0,0,1,0,0,0
50,20,1,2,1,0,0,0,0,3,0.051,0,0,1,0,0,0,0,0,2,0
50,19,52,2,2,0,0,0,1,12,0.2415,0,0,0,0,0,0,5,1,5,1
3,36,7,3,3,0,2,1,1,0,0.1125,2,0,1,0,0,0,1,1,4,1
85,21,60,4,0,1,2,0,1,15,0.1781,0,0,0,0,0,0,2,0,4,1
113,20,3,3,5,0,0,2,3,27,0.2388,1,0,1,0,0,0,1,1,3,1
23,6,9,2,0,0,0,0,0,1,0.028,0,0,0,0,0,0,0,0,1,0
59,19,0,2,2,0,0,0,0,0,0.0082,0,0,1,0,0,0,0,0,0,0
39,12,4,2,0,0,0,0,0,2,0.0438,0,0,1,0,0,0,0,0,0,0
22,5,12,1,0,0,0,0,0,0,0.001,0,0,1,0,0,0,0,0,1,0
26,10,17,2,1,0,0,0,0,0,0.0153,0,0,1,0,0,0,0,0,0,0
58,25,0,3,0,0,2,0,1,14,0.2485,1,0,0,0,0,0,2,0,2,1
53,23,16,2,1,0,1,2,1,9,0.1674,1,0,0,0,1,0,2,0,2,1
35,38,9,3,2,0,0,0,1,3,0.0949,2,0,0,0,0,0,0,1,3,1
91,17,21,5,2,0,0,0,2,14,0.1579,2,1,1,0,0,0,1,1,1,1
26,11,7,2,0,0,0,0,0,0,0.0066,0,0,0,0,0,0,0,1,1,0
38,17,7,3,0,0,0,0,0,2,0.0455,3,0,1,0,0,0,0,0,0,0
25,11,18,2,0,0,0,0,0,0,0.0,2,0,1,0,0,0,0,0,1,0
77,17,33,2,3,0,0,0,1,10,0.1262,2,0,0,0,1,0,4,0,1,1
31,18,12,1,0,0,0,0,0,2,0.0617,1,0,1,0,0,0,1,0,2,0
45,8,12,0,0,0,0,0,0,2,0.0489,1,0,1,0,0,0,0,0,0,0
78,10,50,4,2,0,2,1,1,9,0.1184,1,1,1,0,0,0,2,0,2,1
48,32,39,4,0,0,1,0,2,11,0.2306,1,0,1,0,0,0,1,0,1,1
12,15,15,3,0,0,0,1,1,0,0.0188,0,0,1,0,0,0,0,0,1,0
67,9,42,2,2,0,1,0,1,0,0.0019,3,0,0,0,0,0,1,0,3,1
34,19,27,2,1,0,0,1,0,2,0.0481,1,0,1,0,0,0,0,0,2,0
98,34,36,1,2,0,0,0,1,13,0.1353,3,0,0,0,0,0,2,0,0,1
59,35,45,1,5,0,0,0,3,7,0.1258,1,0,1,0,0,0,2,0,4,1
61,29,12,2,3,0,1,1,0,0,0.0,1,1,1,0,0,0,2,0,2,1
47,12,7,3,0,0,0,0,0,3,0.0681,0,0,0,0,0,0,0,0,1,0
19,19,27,2,1,0,0,0,0,0,0.0065,1,0,0,0,0,0,0,0,0,0
63,28,27,5,3,0,1,1,0,9,0.1431,5,0,0,0,0,0,2,0,0,1
44,18,9,1,0,0,0,0,0,1,0.0171,0,0,1,0,0,0,0,0,0,0
30,27,55,2,2,1,0,0,2,0,0.0,2,0,1,0,0,0,0,1,4,1
17,21,34,3,1,0,0,0,0,0,0.0064,0,0,1,0,0,0,0,0,0,0
9,24,3,2,0,0,1,0,0,0,0.0464,0,0,1,0,0,0,0,0,2,0
22,21,0,2,1,0,0,0,1,0,0.005,0,0,1,0,0,0,0,0,0,0
35,14,14,2,1,0,0,0,1,2,0.0673,0,0,1,0,0,0,0,0,0,0
73,33,47,1,2,0,1,0,0,10,0.1378,0,1,1,0,0,0,3,0,0,1
25,3,16,1,1,0,0,0,0,0,0.0078,1,0,1,0,0,0,0,0,0,0
42,12,7,1,0,0,0,0,0,1,0.0255,0,0,1,0,0,0,0,0,2,0
32,18,5,1,0,0,0,0,1,3,0.089,0,0,1,0,0,0,0,0,2,0
48,20,12,3,1,0,0,0,0,1,0.0292,0,0,1,0,0,0,0,0,0,0
34,22,14,1,0,0,1,0,0,0,0.0141,0,0,1,0,0,0,0,0,3,0
42,18,21,3,2,0,0,0,0,1,0.0278,2,0,1,0,0,0,0,0,0,0
29,7,6,0,1,0,0,0,0,0,0.0,2,0,1,0,0,0,0,0,1,0
31,16,10,0,0,0,0,0,0,0,0.0,1,0,1,0,0,0,1,0,0,0
102,16,21,2,1,0,0,2,1,15,0.1515,1,0,1,0,0,0,1,1,0,1
30,21,15,1,1,0,0,0,1,0,0.0156,1,0,1,0,0,0,1,0,1,0
24,12,18,3,0,0,0,0,0,0,0.006,1,0,1,0,0,0,0,0,0,0
96,28,22,1,1,0,0,0,2,9,0.0967,2,0,1,0,0,0,0,1,2,1
38,13,4,0,1,0,0,0,0,1,0.0285,0,0,1,0,0,0,0,0,0,0
12,11,6,2,0,0,0,0,1,0,0.0,1,0,1,0,0,0,0,0,0,0
32,25,1,2,0,0,0,0,0,1,0.0316,0,0,1,0,0,0,0,0,3,0
56,23,34,3,5,0,0,1,2,6,0.1002,2,0,1,0,0,0,1,0,4,1
95,19,18,4,1,0,0,1,1,16,0.1715,1,0,1,0,0,0,0,1,1,1
35,13,6,2,0,0,0,0,0,0,0.0,0,0,1,0,0,0,0,0,0,0
46,23,1,2,1,0,0,0,0,1,0.0146,1,0,0,0,0,0,0,0,1,0
45,15,17,2,1,0,0,0,2,3,0.0595,0,0,1,0,0,0,0,1,3,0
35,9,6,1,1,0,0,0,0,1,0.0415,1,0,1,0,0,0,0,0,4,0
43,36,55,3,1,0,0,0,1,4,0.094,2,0,0,0,0,0,2,0,5,1
22,20,52,3,1,0,0,0,2,0,0.0,0,0,1,0,0,0,0,1,2,1
11,18,6,1,0,0,0,0,1,0,0.0069,1,0,1,0,0,0,1,0,0,0
66,33,38,3,4,0,1,0,1,20,0.3013,1,0,0,0,0,1,0,0,4,1
54,6,9,1,0,0,0,0,0,1,0.0236,1,0,0,0,0,0,0,0,1,0
62,22,5,4,1,0,0,1,2,13,0.2105,0,1,1,0,0,0,2,0,4,1
31,17,0,2,1,0,0,0,0,0,0.0114,1,0,1,0,0,0,0,0,3,0
35,27,2,2,0,0,0,0,1,1,0.0222,1,0,1,0,0,0,0,0,0,0
5,18,15,3,1,1,0,0,0,0,0.0467,2,0,1,0,0,0,0,0,1,0
16,19,6,0,0,0,1,0,0,1,0.0444,1,0,1,0,0,0,0,0,0,0
57,20,20,2,2,0,1,0,2,7,0.1149,1,0,0,0,0,0,2,1,3,1
35,19,8,2,0,0,1,0,0,0,0.0,1,0,1,0,0,1,0,0,1,0
42,20,43,3,1,0,1,1,2,5,0.1192,0,0,0,0,0,0,0,0,1,1
53,27,12,3,1,0,0,0,0,2,0.0365,0,0,1,0,0,0,0,0,2,0
27,9,0,3,1,0,0,0,0,0,0.0,1,0,0,0,0,1,1,0,1,0
85,22,40,5,2,0,1,0,1,19,0.2213,1,0,1,0,0,0,1,0,2,1
25,22,2,2,1,0,0,0,0,1,0.0395,0,0,1,0,0,0,0,0,2,0
38,23,14,2,1,0,0,0,0,0,0.003,1,0,1,0,0,0,0,0,0,0
100,30,31,0,1,0,1,0,1,8,0.0826,0,0,0,0,0,1,2,1,1,1
76,28,41,2,1,0,0,0,2,12,0.1561,1,0,1,0,0,0,2,1,1,1
80,22,49,6,2,0,0,0,1,5,0.0685,2,0,1,0,0,0,3,1,6,1
23,21,7,2,0,0,1,0,0,0,0.0,0,0,1,0,0,0,1,0,3,0
38,20,12,2,0,0,0,0,1,2,0.04,1,0,0,0,0,0,0,0,0,0
62,15,23,4,1,0,0,1,2,13,0.202,1,0,1,0,1,0,3,1,1,1
80,13,23,2,1,0,0,0,0,14,0.173,1,1,0,0,0,0,2,0,0,1
31,16,17,2,0,0,1,0,0,1,0.0166,1,0,1,0,0,0,0,0,2,0
67,40,28,3,3,0,2,0,0,11,0.1688,3,0,1,0,0,0,0,0,3,1
78,28,8,0,2,0,1,0,2,23,0.2992,0,0,0,0,0,0,3,1,2,1
18,13,10,1,0,0,0,0,1,0,0.0092,1,0,1,0,0,0,0,0,0,0
93,26,70,3,5,0,0,0,0,9,0.0917,0,0,1,0,0,0,0,0,2,1
48,10,12,1,1,0,0,0,1,3,0.0715,0,0,1,0,0,0,0,0,0,0
36,17,5,2,0,0,0,0,0,0,0.0007,1,0,1,0,0,0,0,0,0,0
91,32,60,2,1,0,0,0,3,5,0.0529,0,0,0,0,0,0,2,0,0,1
104,32,43,3,1,0,1,0,1,0,0.0,1,1,0,0,1,0,0,0,2,1
104,16,30,5,2,0,0,1,2,28,0.2729,2,1,1,0,0,1,4,1,0,1
96,28,37,2,1,0,1,0,0,17,0.1742,0,1,1,0,0,1,2,0,3,1
71,32,14,0,1,0,1,0,3,5,0.0762,3,1,0,0,0,0,1,0,0,1
22,11,16,2,0,0,0,0,0,0,0.0124,0,0,1,0,0,0,0,0,0,0
48,23,24,1,0,0,1,0,1,8,0.1577,0,1,1,0,0,0,3,1,1,1
32,18,17,1,1,0,0,0,0,1,0.0396,2,0,1,0,0,0,1,0,1,0
82,14,44,2,6,1,1,0,2,18,0.2235,1,0,0,0,1,0,2,1,2,1
70,29,40,4,2,0,0,1,0,10,0.1406,1,0,1,0,0,0,1,0,1,1
32,14,5,2,1,0,0,0,1,1,0.0402,0,0,1,0,0,1,0,0,2,0
116,46,45,6,2,0,0,0,1,13,0.1095,1,0,1,0,0,0,1,1,2,1
76,20,37,0,0,0,1,0,1,14,0.1786,2,0,1,0,0,1,2,1,3,1
95,23,6,3,3,0,0,1,1,16,0.1725,0,0,0,0,0,1,1,1,7,1
23,33,42,5,0,1,2,0,3,2,0.1026,2,0,1,0,1,0,1,0,1,1
18,17,19,1,1,0,0,0,1,0,0.0219,0,0,1,0,0,1,0,0,1,0
67,19,23,3,1,1,1,1,2,8,0.1143,0,0,0,0,0,0,2,1,2,1
35,21,8,2,1,0,0,0,0,2,0.0477,1,0,1,0,0,0,0,0,0,0
40,16,24,2,1,0,0,0,0,1,0.0185,1,0,1,0,0,1,0,0,0,0
51,26,37,3,1,0,0,0,2,5,0.0932,1,1,0,0,0,0,1,0,0,1
17,14,17,2,0,0,0,0,0,1,0.049,0,0,1,0,0,0,0,0,0,0
71,34,4,4,1,0,0,1,2,4,0.0594,2,0,1,0,0,0,3,0,1,1
23,19,17,1,1,0,0,0,1,0,0.0,0,0,1,0,0,0,0,0,0,0
39,14,1,1,0,0,0,1,0,1,0.0239,0,0,1,0,0,0,0,0,1,0
83,22,24,3,2,0,1,3,0,0,0.0,2,0,1,0,0,0,4,1,3,1
47,21,4,2,0,0,0,0,0,2,0.0453,1,0,1,0,0,0,0,0,0,0
56,6,26,0,1,0,3,0,1,6,0.1143,0,0,1,0,0,0,1,0,5,1
35,12,4,1,1,0,0,0,0,0,0.0,0,0,1,0,0,0,0,0,1,0
45,11,19,2,0,0,0,0,1,0,0.0005,0,0,0,0,0,0,0,0,1,0
90,19,8,4,0,0,0,1,0,10,0.111,1,0,1,0,0,0,5,1,0,1
39,17,3,2,0,0,0,0,0,0,0.0,0,0,1,0,0,0,0,0,2,0
47,10,6,3,0,0,0,0,0,4,0.0882,0,0,1,0,0,0,0,0,0,0
39,24,38,4,4,0,1,1,1,4,0.107,2,1,0,0,0,1,3,1,5,1
26,20,8,2,0,0,0,1,2,0,0.0,0,0,1,0,0,0,0,0,0,0
36,10,18,1,0,0,0,0,0,1,0.0277,1,0,1,0,0,0,0,0,1,0
122,23,41,5,1,0,2,1,0,23,0.1855,1,0,1,0,1,0,2,1,3,1
84,17,17,5,4,1,0,1,1,11,0.1322,2,0,1,0,1,0,2,0,3,1
78,22,19,6,4,0,1,1,0,9,0.117,1,0,1,0,0,0,0,1,2,1
19,18,0,2,0,0,0,0,0,0,0.0,0,0,1,0,0,0,0,0,1,0
15,27,30,3,0,0,2,0,0,1,0.0751,2,0,1,0,0,0,1,0,2,1
99,34,35,4,2,0,0,0,3,18,0.1782,2,1,0,0,0,0,1,0,0,1
35,15,4,3,0,0,0,0,1,0,0.0118,0,0,1,0,0,0,0,0,0,0
55,31,27,4,3,0,2,0,2,5,0.0911,2,0,0,0,0,0,1,1,2,1
27,21,5,1,0,0,0,0,0,0,0.0113,0,0,1,0,0,0,1,0,0,0
86,30,48,4,2,0,1,0,2,8,0.0948,1,0,1,0,0,0,0,1,4,1
78,35,45,4,1,0,1,0,1,9,0.1154,1,0,0,0,0,1,2,0,0,1
7,34,33,1,0,0,0,0,2,0,0.0,0,0,1,0,1,0,3,0,0,1
65,20,6,5,6,0,1,1,1,9,0.14,3,0,1,0,0,0,2,1,2,1
104,36,17,6,1,0,0,1,5,1,0.0134,1,0,0,0,0,1,2,0,1,1
57,35,7,6,1,0,2,0,0,7,0.1166,1,0,0,0,0,0,3,1,3,1
24,14,2,1,0,0,0,0,0,0,0.0141,1,0,1,0,0,0,0,0,1,0
53,14,17,3,0,0,0,0,0,4,0.0822,0,0,1,0,0,0,1,0,1,0
29,17,17,2,1,0,0,0,0,0,0.0068,1,0,1,0,0,0,0,0,0,0
35,15,12,2,0,0,0,0,0,0,0.0,3,0,1,0,0,0,0,0,0,0
41,12,9,2,1,0,0,0,0,1,0.0186,0,0,1,0,0,0,0,0,0,0
59,34,41,3,3,0,0,0,1,5,0.0816,1,1,0,0,0,0,2,0,1,1
30,19,30,2,4,0,0,0,0,4,0.1509,1,0,1,1,0,1,3,0,4,1
54,13,10,2,1,0,0,0,1,1,0.0102,1,0,1,0,0,0,0,0,0,0
56,25,59,4,4,0,0,1,0,7,0.1207,0,0,0,0,1,0,2,0,2,1
39,26,50,4,1,0,1,0,2,6,0.1644,2,0,1,0,1,0,3,1,6,1
92,17,9,5,0,0,0,1,0,0,0.0036,2,0,1,0,0,0,1,0,2,1
14,17,6,2,1,0,0,0,0,1,0.0501,0,0,1,0,0,0,0,0,0,0
39,18,47,5,1,0,0,0,1,0,0.0,1,0,1,0,0,0,3,0,3,1
24,13,9,3,0,0,0,0,0,0,0.0106,1,0,1,0,0,0,0,0,1,0
39,23,22,1,2,0,0,0,0,1,0.0134,0,0,1,0,0,0,1,0,2,0
89,12,9,1,2,0,0,0,2,2,0.0231,5,1,1,0,0,0,3,0,7,1
27,18,8,0,0,0,0,0,0,0,0.0,0,0,1,0,0,0,0,0,2,0
17,19,3,2,0,0,0,0,0,0,0.0063,0,0,1,0,0,0,0,0,1,0
62,29,26,5,3,0,1,0,1,0,0.0,3,0,0,0,1,1,2,0,0,1
46,21,1,2,0,0,0,0,0,0,0.0,1,0,1,0,0,0,0,0,2,0
47,11,12,1,0,0,0,0,2,1,0.0294,1,0,1,0,1,0,0,0,2,0
10,14,16,1,0,0,0,0,0,1,0.0595,0,0,1,0,0,0,1,0,1,0
54,10,3,2,0,0,0,0,1,2,0.0294,0,0,1,0,0,0,0,0,3,0
34,15,5,2,2,0,0,0,2,0,0.0006,0,0,1,0,0,0,0,0,0,0
36,12,1,1,0,0,0,0,0,2,0.0451,0,0,1,0,0,0,0,0,1,0
36,14,10,2,0,0,0,0,0,0,0.0,1,0,1,0,0,0,0,0,0,0
44,19,12,0,2,0,0,0,0,3,0.0642,0,0,1,0,0,0,1,1,1,0
78,17,23,4,0,0,1,0,3,8,0.0988,3,1,0,0,0,1,2,1,1,1
33,23,15,2,0,0,1,0,0,2,0.0595,1,0,1,0,0,0,0,0,1,0
26,13,10,3,0,0,0,0,1,2,0.0656,0,0,1,0,0,0,0,0,0,0
0,22,21,2,0,0,0,1,0,0,0.0,0,0,1,0,0,0,0,0,2,0
53,12,2,2,1,0,0,1,0,3,0.0582,1,0,1,0,0,0,0,0,1,0
37,11,11,2,0,0,0,0,1,1,0.0268,1,0,1,0,0,0,1,0,1,0
48,32,28,4,3,0,0,0,3,6,0.1182,3,0,1,0,0,0,4,1,0,1
73,10,43,4,4,0,0,0,2,1,0.0092,0,0,0,0,0,1,0,0,3,1
5,12,7,1,1,0,0,0,0,0,0.0,0,0,1,0,0,0,0,0,1,0
37,14,3,1,0,0,0,0,0,2,0.0426,0,0,0,0,0,0,0,0,0,0
121,31,35,1,2,0,0,1,1,0,0.0,1,0,0,0,0,1,2,0,2,1
92,26,68,2,1,0,0,0,1,20,0.2216,2,0,1,0,0,1,3,0,3,1
34,24,51,4,0,0,1,0,1,9,0.2731,1,0,1,0,0,0,3,1,3,1
80,16,31,4,3,0,0,1,2,8,0.0967,2,0,0,0,0,0,2,1,0,1
8,16,6,0,0,0,0,0,0,0,0.0401,1,0,1,0,0,0,0,0,0,0
33,16,47,3,1,0,4,0,0,9,0.2686,1,1,1,0,1,0,2,0,4,1
66,27,16,4,1,0,0,2,0,6,0.0848,1,1,1,0,0,1,2,0,2,1
103,36,9,3,3,0,1,0,2,14,0.1359,2,0,1,0,0,0,2,1,4,1
33,20,48,2,3,0,0,0,0,2,0.0472,1,0,1,0,0,0,1,0,0,1
23,16,0,2,0,0,0,0,0,0,0.0,0,0,0,0,0,0,1,1,2,0
23,15,15,3,0,0,1,2,0,1,0.045,1,0,1,0,0,0,0,1,1,0
62,29,28,3,2,0,0,1,1,15,0.2437,3,1,1,0,0,0,2,0,7,1
31,17,18,2,0,0,0,0,0,0,0.0,0,0,1,0,0,0,0,0,0,0
86,27,35,1,2,0,0,1,1,19,0.2208,2,1,1,0,0,0,0,0,1,1
42,11,9,2,0,0,0,0,0,2,0.0505,0,0,1,0,0,0,0,0,0,0
77,26,45,3,0,0,0,0,1,13,0.1739,2,0,1,0,0,0,1,1,0,1
90,38,42,4,2,0,1,0,1,2,0.0212,2,0,0,0,0,0,4,1,2,1
73,22,53,2,4,0,0,1,1,12,0.1693,0,0,0,0,1,0,2,1,2,1
26,25,8,2,0,0,0,0,0,0,0.013,0,0,1,0,0,0,0,1,1,0
32,12,0,2,1,0,0,0,1,1,0.0398,0,0,1,0,0,0,0,0,0,0
29,20,59,2,3,0,0,0,1,1,0.0403,1,0,0,0,1,0,1,0,0,1
60,6,32,3,3,0,1,0,0,5,0.0779,2,1,1,0,0,0,1,0,0,1
33,1,0,1,0,0,0,0,0,0,0.0009,0,0,0,0,0,0,1,0,0,0
37,6,20,2,0,0,0,0,0,2,0.0408,0,0,1,0,0,0,0,0,2,0
12,13,5,1,0,0,0,0,0,1,0.0532,1,0,0,0,0,0,1,0,0,0
60,18,21,3,3,0,0,1,2,0,0.0,3,0,1,1,0,0,2,0,1,1
27,25,1,1,0,0,0,0,0,1,0.0361,0,0,1,0,0,0,0,0,1,0
51,19,6,3,1,0,0,0,0,1,0.0192,0,0,1,0,0,0,0,1,2,0
101,34,38,3,1,1,0,0,0,26,0.2592,1,0,0,0,0,0,2,0,1,1
37,9,13,3,0,0,1,0,0,0,0.0025,0,0,1,0,0,0,0,0,1,0
15,23,9,4,3,0,0,1,1,3,0.2175,0,0,1,0,0,0,4,1,2,1
28,18,17,2,0,0,0,0,1,0,0.0111,0,0,1,0,1,0,0,1,0,0
34,20,1,1,0,0,1,0,1,1,0.0184,0,0,1,0,0,0,0,0,0,0
45,15,20,2,0,0,0,0,0,1,0.0133,0,0,1,0,0,0,0,0,0,0
111,19,15,2,5,0,0,0,2,4,0.0321,1,0,0,0,0,0,3,1,2,1
97,24,32,3,0,0,0,1,0,10,0.1078,1,0,0,1,0,0,4,1,0,1
72,26,52,4,8,0,0,1,0,1,0.0133,2,0,0,0,0,1,3,0,1,1
39,17,21,5,1,0,0,1,3,3,0.0892,1,1,0,0,0,0,2,0,4,1
29,15,19,2,1,0,0,0,0,1,0.0187,0,0,1,0,0,0,0,0,1,0
98,20,37,2,3,0,0,0,1,9,0.0966,2,0,1,0,0,0,4,0,2,1
80,33,0,1,4,0,3,0,1,13,0.1668,2,0,1,0,0,0,3,0,2,1
62,10,15,0,0,0,0,0,0,3,0.0415,0,0,0,0,0,0,0,0,0,0
37,21,17,1,1,0,0,0,0,1,0.0343,0,0,1,0,0,0,0,0,1,0
96,13,37,0,1,0,1,0,3,17,0.1744,2,1,0,0,0,0,0,0,3,1
39,17,9,2,0,0,0,0,0,0,0.0,1,0,1,0,0,0,0,0,1,0
23,8,14,3,0,0,0,0,2,0,0.0,1,0,1,0,0,0,0,0,0,0
76,17,49,3,4,0,0,1,1,11,0.1404,1,0,0,0,0,0,3,1,1,1
28,16,6,2,0,0,0,0,1,0,0.0,0,0,1,0,0,0,0,0,1,0
18,10,15,3,0,0,0,0,0,0,0.0037,0,0,1,0,0,0,0,0,0,0
33,14,7,2,0,0,0,0,1,1,0.0314,0,0,1,0,0,0,0,0,0,0
28,20,16,1,0,0,0,0,0,0,0.0,0,0,1,0,0,0,0,0,1,0
26,17,9,3,3,0,2,0,3,0,0.0,2,0,0,0,0,0,3,0,5,1
32,22,22,1,0,0,0,0,1,0,0.0,2,0,1,0,0,0,1,0,0,0
42,23,5,2,0,0,1,0,1,1,0.0307,1,0,1,0,0,0,0,0,1,0
10,20,7,2,2,0,0,0,0,0,0.0504,0,0,1,0,0,0,1,0,0,0
26,13,13,1,0,0,0,0,0,0,0.0105,0,0,1,0,0,0,0,0,3,0
32,14,1,1,0,0,0,0,0,0,0.0,0,0,1,0,0,0,0,0,1,0
78,29,29,0,4,0,2,1,1,12,0.1501,0,0,0,0,0,1,1,0,1,1
31,16,1,1,0,0,0,0,0,2,0.0505,0,0,1,0,0,0,0,0,0,0
41,12,29,0,0,0,0,0,0,1,0.0196,0,0,1,0,0,1,0,0,1,0
46,29,28,3,4,0,0,0,3,8,0.1636,1,1,1,0,0,0,2,1,2,1
8,11,5,2,0,0,0,0,0,0,0.0003,0,0,1,0,0,0,0,0,0,0
23,14,3,1,1,0,0,0,1,0,0.0188,0,0,1,0,0,0,1,0,0,0
8,17,0,2,0,0,0,0,0,0,0.0112,2,0,1,0,0,0,0,0,0,0
29,24,12,2,0,0,0,0,0,1,0.0354,0,0,1,0,0,0,0,0,0,0
81,14,43,4,5,0,1,0,0,7,0.0859,0,0,0,1,0,1,2,0,3,1
79,23,38,4,0,0,0,0,1,8,0.0993,1,0,0,0,1,1,1,1,1,1
61,36,22,3,1,0,0,0,0,13,0.218,1,0,1,0,0,0,0,1,2,1
65,16,31,5,3,0,0,0,0,11,0.1648,5,0,1,0,0,0,2,0,0,1
74,24,24,4,2,0,0,0,2,11,0.1447,1,0,1,0,0,0,3,1,2,1
74,31,40,4,3,0,0,0,0,8,0.1126,1,0,1,0,0,0,0,0,1,1
23,16,9,1,0,0,0,0,0,0,0.0,0,0,1,0,0,0,0,0,1,0
94,22,18,4,1,0,2,1,3,13,0.1338,2,0,0,0,0,0,1,1,3,1
61,19,10,1,1,0,0,1,0,0,0.0,0,1,1,0,0,0,0,0,1,0
18,14,9,0,0,0,0,0,0,0,0.0,0,0,1,0,0,0,0,1,0,0
59,10,22,2,2,0,1,0,1,8,0.1301,0,0,1,0,0,1,2,0,2,1
51,18,31,1,0,0,0,0,0,1,0.0186,0,0,1,0,0,0,0,0,0,0
66,33,40,3,7,0,0,0,1,11,0.1614,1,0,1,0,0,0,0,0,2,1
52,16,2,2,0,0,0,0,0,2,0.0347,2,0,1,0,0,0,0,0,1,0
40,27,27,0,2,1,1,1,2,6,0.1543,0,0,0,0,0,0,0,1,2,1
25,14,9,2,1,0,0,0,1,0,0.0176,1,0,1,0,0,0,0,0,1,0
8,7,14,3,3,0,0,1,2,1,0.0918,2,0,0,0,0,0,1,0,0,1
47,19,0,2,0,0,0,0,0,1,0.0261,1,0,1,0,0,0,0,0,2,0
81,18,3,2,0,0,0,0,0,0,0.0,0,0,1,1,0,0,1,1,5,1
37,29,22,3,3,0,1,0,2,0,0.0035,1,0,0,1,1,0,3,0,3,1
55,21,36,3,4,0,0,0,1,14,0.2594,0,0,0,0,0,0,1,1,3,1
88,19,21,3,1,0,0,3,0,1,0.0146,0,0,0,0,0,0,2,0,1,1
46,33,36,2,2,0,0,0,1,2,0.0456,3,1,1,0,0,0,1,0,2,1
66,21,59,4,2,0,1,1,3,18,0.277,0,1,1,0,0,0,1,1,5,1
9,13,22,2,1,0,0,0,0,0,0.0028,1,0,1,0,0,0,0,0,0,0
37,34,0,1,3,1,2,1,2,8,0.2201,0,1,1,0,0,0,2,0,3,1
36,4,0,3,2,0,0,0,1,0,0.0,0,0,1,0,0,0,0,0,1,0
16,15,19,2,0,0,0,0,0,0,0.0,0,0,1,0,0,0,0,0,1,0
58,20,45,1,1,0,1,1,1,11,0.1928,2,1,0,0,0,1,1,0,1,1
38,20,0,2,0,0,0,0,1,0,0.0,0,0,0,0,0,0,1,0,1,0
101,29,29,1,3,0,0,1,3,5,0.0541,3,0,1,1,0,0,0,0,2,1
63,29,35,2,0,0,0,1,1,13,0.2019,1,0,1,0,0,0,4,0,2,1
20,14,3,2,0,0,0,0,1,0,0.0,0,0,1,0,0,0,0,0,1,0
77,20,25,5,2,0,0,0,1,7,0.0869,3,0,0,0,0,0,2,1,0,1
93,25,25,3,3,1,0,0,2,13,0.1432,4,0,1,0,0,0,0,0,2,1
17,14,7,2,1,0,0,0,0,0,0.0042,3,0,1,0,0,0,0,1,2,0
36,5,9,1,1,0,0,0,0,0,0.0,0,0,1,0,0,0,0,0,2,0
43,9,2,2,0,0,0,0,0,0,0.0,0,0,1,0,0,0,1,0,1,0
74,31,23,1,1,0,1,1,4,14,0.1934,0,0,0,0,0,0,2,1,3,1
68,34,46,2,0,0,0,0,1,16,0.2327,3,0,1,0,0,1,1,0,1,1
14,21,0,2,0,0,0,0,0,0,0.0312,0,0,1,0,0,0,1,0,0,0
56,27,27,5,1,0,0,2,1,5,0.0836,0,0,1,0,1,0,1,0,4,1
26,20,16,2,0,0,0,0,1,0,0.0,0,0,1,0,0,0,0,0,0,0
60,23,49,2,1,0,0,0,1,9,0.1483,0,0,1,0,0,1,1,0,3,1
61,29,38,3,5,0,2,0,0,9,0.1497,0,0,1,0,0,0,3,0,3,1
31,12,22,2,0,0,0,0,1,0,0.0,0,0,1,0,0,0,0,0,2,0
18,4,3,2,0,0,0,0,0,0,0.0,0,0,1,0,0,0,0,0,1,0
44,9,12,1,0,0,0,0,0,3,0.0765,0,0,1,0,0,0,0,0,3,0
21,20,16,1,0,0,0,0,1,0,0.0136,1,0,1,0,0,0,0,0,0,0
74,24,18,4,4,0,0,0,1,6,0.0818,1,0,0,0,0,0,1,0,1,1
28,25,19,2,0,0,0,0,0,0,0.0163,1,0,1,0,0,0,0,0,1,0
68,26,24,4,1,0,1,0,2,8,0.1178,1,0,0,0,0,0,1,0,0,1
25,17,5,2,0,0,0,1,0,1,0.0271,1,0,1,0,0,0,0,0,1,0
60,15,14,2,0,0,0,0,1,6,0.1026,0,0,1,0,0,0,1,1,0,0
67,28,0,3,1,0,0,0,0,8,0.1185,2,0,0,0,0,1,1,0,1,1
6,8,17,2,1,0,0,0,1,0,0.0375,0,0,1,0,0,0,0,0,2,0
81,30,15,3,2,0,0,0,1,17,0.204,0,0,0,0,0,0,1,1,2,1
27,19,0,2,1,0,0,0,0,0,0.0098,0,0,1,0,0,0,1,0,0,0
64,15,18,2,3,0,1,1,0,2,0.0316,4,0,1,0,1,0,1,1,5,1
107,24,24,3,4,0,1,0,0,17,0.1601,4,0,1,0,0,0,2,0,0,1
138,37,38,4,5,0,0,1,0,22,0.1565,5,1,0,0,0,0,1,1,4,1
34,2,6,2,0,0,0,0,0,2,0.0605,1,0,1,0,0,0,1,0,1,0
58,19,37,4,3,0,1,0,1,19,0.3311,0,1,1,0,0,0,2,0,1,1
24,17,9,2,0,0,0,0,0,1,0.0634,0,0,0,0,0,0,0,0,2,0
34,16,19,3,0,0,1,0,0,0,0.0,0,0,1,1,0,0,0,0,0,0
67,23,56,3,2,0,0,0,1,7,0.1054,0,1,1,0,0,1,3,1,2,1
38,29,13,2,0,0,0,0,0,0,0.0064,0,0,1,0,0,0,0,0,0,0
35,21,14,1,1,0,0,0,0,0,0.0,0,0,1,0,0,0,0,0,0,0
91,30,29,5,0,0,0,0,0,0,0.0036,2,0,1,0,1,0,2,0,2,1
37,37,41,5,1,1,1,2,1,9,0.2318,1,0,0,0,0,0,1,0,0,1
12,28,49,5,2,1,1,0,1,2,0.1594,0,0,1,0,0,0,2,0,1,1
70,21,7,6,0,1,0,1,2,13,0.1882,1,0,1,0,0,0,2,0,2,1
57,31,20,5,4,0,1,1,1,8,0.1435,0,0,0,0,0,0,2,1,4,1
36,18,14,2,1,0,0,0,1,0,0.0,0,0,1,0,0,0,0,0,1,0
52,21,71,2,2,0,1,0,1,14,0.2712,2,1,0,0,0,0,2,1,3,1
49,15,6,2,0,0,0,1,0,0,0.0102,1,0,1,0,0,0,0,0,0,0
29,23,8,1,0,0,0,0,0,2,0.073,0,0,0,0,0,0,0,0,1,0
57,20,40,3,1,0,1,0,0,12,0.2186,1,1,1,0,0,0,3,0,0,1
116,31,0,3,2,0,0,1,0,10,0.0834,1,1,1,0,1,0,0,0,1,1
68,6,22,2,2,0,0,0,1,1,0.0203,2,0,0,0,0,0,4,1,0,1
35,12,12,2,1,0,0,0,0,1,0.0277,0,0,1,0,0,0,0,0,0,0
90,16,40,6,2,0,0,1,0,19,0.2137,2,1,0,0,0,0,3,0,2,1
56,27,56,4,1,0,0,0,0,11,0.2025,3,1,0,0,1,1,1,1,1,1
30,13,14,1,2,0,0,0,3,0,0.0,0,0,1,0,0,0,0,0,2,0
15,26,17,2,0,0,1,0,0,0,0.0,0,0,1,0,0,1,0,0,2,0
117,28,46,4,2,0,1,1,2,16,0.139,1,0,0,0,0,0,3,1,1,1
50,18,64,2,4,1,0,0,2,10,0.1983,2,0,0,0,0,0,1,1,1,1
46,20,0,1,1,0,0,0,0,1,0.0275,1,0,1,0,0,0,0,0,2,0
77,42,42,3,0,0,1,1,2,7,0.0876,3,0,1,0,1,0,2,0,3,1
7,12,18,1,1,0,0,0,1,0,0.0321,1,0,1,0,0,0,0,0,0,0
109,23,27,4,2,0,1,0,1,27,0.2433,1,0,1,0,0,0,1,1,4,1
27,11,9,1,1,0,0,0,1,0,0.0,1,0,1,0,0,0,0,0,0,0
62,24,12,0,2,0,2,1,2,9,0.1501,4,1,1,0,0,0,4,0,4,1
70,24,38,2,0,0,0,2,0,7,0.0932,1,0,0,0,0,0,1,0,2,1
29,1,11,1,0,0,1,0,1,0,0.0,0,0,1,0,0,0,1,0,0,0
17,11,6,1,3,0,0,0,1,0,0.0179,1,0,1,0,0,0,0,0,0,0
88,30,18,2,3,0,3,0,0,4,0.0505,3,0,1,0,0,0,2,1,6,1
123,27,9,2,0,0,0,0,1,1,0.0116,1,0,1,1,0,0,1,0,2,1
28,15,11,2,0,0,0,0,0,0,0.0,0,0,1,0,0,0,0,0,3,0
27,12,14,2,0,0,0,0,0,0,0.0065,0,0,1,0,1,0,0,0,2,0
64,25,23,4,5,0,2,0,3,8,0.1303,0,0,0,1,0,0,3,0,3,1
92,30,33,3,1,0,2,0,1,1,0.0111,3,0,1,0,0,0,1,1,2,1
77,18,28,4,7,0,0,1,1,6,0.075,1,0,0,1,0,0,1,0,3,1
28,14,20,2,0,0,1,0,0,0,0.0,0,0,1,0,0,0,0,0,0,0
48,23,21,2,0,0,0,0,1,0,0.0,0,0,1,0,0,0,0,0,1,0
7,17,12,2,0,0,0,0,0,0,0.0,1,0,1,0,0,1,0,0,0,0
78,30,30,3,0,0,0,1,1,12,0.153,1,1,0,0,0,1,3,1,1,1
92,34,36,4,2,0,0,0,0,11,0.1227,0,0,1,0,0,0,1,1,3,1
38,15,13,0,0,0,0,0,1,1,0.0175,0,0,1,0,0,0,0,0,0,0
41,17,25,2,0,0,0,0,1,0,0.0,0,0,1,0,0,0,0,0,1,0
71,22,40,5,1,0,0,1,0,11,0.1522,1,0,1,0,0,0,2,1,4,1
61,18,20,0,3,0,1,0,1,12,0.193,1,0,0,0,0,0,3,0,3,1
37,14,9,2,0,0,1,0,1,0,0.0,0,0,1,0,0,0,0,0,0,0
93,26,25,4,4,0,0,0,1,11,0.1186,0,0,0,0,0,0,1,1,2,1
23,7,18,1,0,0,0,0,0,0,0.0,3,0,1,0,0,0,0,0,0,0
20,21,12,3,0,0,0,0,0,0,0.0027,1,0,1,0,0,0,0,0,0,0
28,23,8,1,0,0,1,0,0,0,0.0079,1,0,1,0,0,0,0,0,0,0
18,6,3,2,1,0,1,0,0,0,0.0208,0,0,1,0,0,0,0,0,1,0
91,29,36,4,1,0,1,0,1,2,0.0181,0,0,0,0,1,1,2,0,2,1
62,0,33,5,4,0,2,0,1,16,0.259,0,0,0,1,0,1,5,1,1,1
56,22,26,5,4,0,1,3,0,7,0.1315,2,0,0,0,1,1,2,0,4,1
55,28,47,2,1,0,1,0,1,4,0.0691,0,0,1,0,0,0,4,1,3,1
31,17,2,2,0,0,0,0,0,1,0.0288,0,0,1,0,0,0,0,0,1,0
25,22,14,3,1,0,2,0,0,1,0.0316,0,0,1,0,0,0,0,0,1,0
47,21,26,0,1,0,0,0,1,1,0.0174,2,0,0,0,0,0,0,0,2,0
40,15,23,1,0,0,0,0,0,0,0.0062,1,0,1,0,0,0,0,0,2,0
15,17,13,2,2,0,0,0,0,0,0.023,1,0,1,0,0,0,2,0,0,0
7,23,12,2,0,0,0,0,0,0,0.0418,0,0,1,0,0,0,0,0,1,0
74,40,40,4,3,0,0,0,3,12,0.1577,2,0,1,0,0,0,1,1,1,1
30,22,24,4,0,1,0,0,2,6,0.201,1,0,1,0,0,0,1,0,1,1
88,21,53,5,1,0,0,0,2,6,0.0656,0,0,1,0,0,0,2,1,3,1
69,24,47,3,2,0,0,1,1,6,0.0882,0,0,0,1,1,0,1,0,1,1
26,23,26,3,2,0,0,2,0,0,0.0,2,0,0,0,0,1,1,0,3,1
37,13,18,1,0,0,0,0,0,2,0.0504,0,0,1,0,0,0,0,0,2,0
93,24,24,3,3,0,1,0,1,13,0.1384,2,0,1,0,1,0,3,1,3,1
17,13,0,2,0,0,0,0,0,1,0.036,0,0,1,0,0,1,0,0,1,0
24,18,8,3,1,0,0,0,2,0,0.0,0,0,1,0,0,0,2,0,1,0
38,26,21,3,1,0,0,0,1,7,0.1717,1,0,1,0,0,1,2,0,1,1
42,24,18,4,0,0,0,0,1,9,0.2183,0,0,0,0,0,0,2,0,1,1
75,18,26,6,2,0,1,0,1,11,0.1522,0,0,0,1,0,0,4,1,0,1
59,13,7,2,1,0,0,0,1,0,0.0003,0,0,1,0,0,0,1,0,0,0
32,16,8,2,1,0,0,0,0,0,0.0,0,0,1,0,0,0,0,0,0,0
64,25,30,2,2,0,2,0,4,7,0.1099,3,0,1,0,0,1,0,0,3,1
55,21,29,4,1,0,1,2,0,6,0.1154,1,0,1,0,0,0,1,0,0,1
29,10,2,3,0,0,0,0,0,3,0.1045,2,0,1,0,0,0,1,0,1,0
117,23,26,6,2,0,2,2,0,22,0.1857,1,0,0,0,0,1,1,0,3,1
83,13,24,3,3,0,0,1,0,7,0.0881,0,1,0,0,0,0,1,0,1,1
119,11,42,4,7,0,3,1,2,15,0.1227,2,0,1,0,0,1,1,0,3,1
66,33,21,2,6,0,0,0,2,7,0.1072,1,0,1,0,0,0,1,0,4,1
52,21,36,2,0,1,1,0,3,5,0.0939,0,0,0,0,1,0,1,0,3,1
41,34,23,5,0,0,2,1,2,6,0.1436,1,1,0,0,1,0,0,1,2,1
86,21,35,4,0,0,1,0,3,22,0.2517,2,0,0,0,0,0,3,1,0,1
28,8,15,2,1,0,0,0,0,1,0.0255,2,0,1,0,0,0,0,0,2,0
30,16,4,2,0,0,0,0,0,0,0.0098,2,0,1,0,0,0,0,0,1,0
62,17,8,4,0,0,0,0,0,0,0.0,0,0,1,0,0,0,0,0,1,0
4,12,4,3,0,0,0,0,0,0,0.0028,0,0,1,0,0,0,0,0,0,0
30,16,20,1,0,0,0,0,1,1,0.0479,0,0,1,0,0,0,0,0,1,0
73,34,21,2,7,1,0,0,0,7,0.1005,2,0,1,0,0,1,1,0,2,1
48,19,24,3,2,0,0,0,0,2,0.0519,0,0,1,0,0,1,0,0,1,0
32,19,6,0,0,0,0,0,0,2,0.0508,0,0,1,0,0,0,0,0,0,0
51,31,53,4,4,0,2,0,3,8,0.1623,1,0,0,0,0,0,3,1,1,1
58,38,30,2,1,0,0,2,2,14,0.2498,4,0,1,0,0,0,3,0,3,1
41,12,24,2,0,0,0,0,1,1,0.0329,0,0,1,0,0,0,0,0,1,0
23,23,11,1,0,0,0,0,0,0,0.0208,1,0,0,0,0,0,0,0,0,0
25,17,0,2,0,0,0,0,1,0,0.0033,0,0,1,0,0,0,0,0,0,0
42,15,16,2,0,0,1,0,0,0,0.0091,0,0,1,0,0,0,0,0,0,0
30,12,9,3,0,0,0,0,0,0,0.0,1,0,1,0,0,0,1,0,1,0
35,24,4,2,0,0,0,0,1,0,0.012,0,0,1,0,0,0,0,0,1,0
58,13,0,3,1,0,0,1,1,7,0.121,1,0,0,0,0,1,4,1,2,1
18,19,7,0,0,0,0,0,0,0,0.0188,0,0,1,1,0,0,0,0,2,0
88,17,28,3,0,0,0,1,2,21,0.2434,1,0,0,0,1,1,6,1,2,1
27,14,11,2,1,0,0,0,0,0,0.0007,0,0,1,0,0,0,1,0,1,0
59,11,13,2,0,0,0,0,0,3,0.0532,0,0,1,0,0,0,0,0,0,0
32,26,27,4,4,0,0,0,1,5,0.142,1,0,0,0,1,0,5,0,2,1
51,17,8,2,0,0,0,0,0,0,0.0,1,0,1,0,0,0,0,0,1,0
49,14,10,2,0,0,0,0,0,0,0.0,0,0,1,0,0,0,1,0,0,0
12,14,16,2,0,0,0,0,0,0,0.0,0,0,1,0,0,0,0,0,2,0
42,31,30,4,4,0,1,0,1,10,0.247,0,0,0,0,0,0,2,0,2,1
28,17,12,2,1,0,0,0,0,0,0.0,1,0,1,0,0,1,1,0,2,0
84,26,24,4,1,0,0,1,1,3,0.0375,1,1,1,0,1,0,0,0,5,1
37,9,4,2,0,0,0,0,1,1,0.0369,1,0,1,0,0,0,0,0,1,0
46,23,11,5,1,1,1,1,1,5,0.1005,1,0,0,0,0,1,3,0,2,1
66,22,26,4,2,0,0,2,3,3,0.0489,2,0,0,0,0,1,1,0,0,1
66,15,56,4,2,0,0,0,0,6,0.0948,3,0,0,0,0,1,1,0,1,1
32,19,1,2,1,0,0,0,1,1,0.0234,0,0,1,0,0,0,0,0,2,0
54,18,20,3,0,0,0,1,0,0,0.0,1,0,1,0,0,0,0,0,1,0
95,23,37,2,3,0,0,0,0,14,0.1503,3,0,0,0,0,0,4,1,3,1
38,39,23,3,0,0,0,1,2,7,0.1888,0,1,1,0,0,1,1,1,1,1
15,13,7,3,1,0,0,0,1,0,0.0,1,0,1,0,0,1,0,0,1,0
67,44,1,3,0,0,0,1,1,1,0.0157,1,0,1,0,0,0,0,0,0,1
26,20,5,2,1,0,0,0,0,0,0.0,1,0,1,0,0,0,0,0,2,0
45,23,4,2,1,0,0,0,1,5,0.1191,0,1,1,0,1,0,2,0,1,1
78,35,0,1,1,0,1,1,2,10,0.1239,1,0,1,0,0,0,1,0,0,1
26,17,14,2,0,0,0,0,0,1,0.032,1,0,1,0,0,0,0,0,0,0
90,22,12,2,2,0,1,1,1,28,0.3106,1,0,1,0,0,0,1,1,3,1
52,34,26,7,3,0,1,2,1,7,0.1368,0,1,0,0,0,0,1,1,2,1
73,13,33,3,3,0,1,0,1,2,0.0208,1,0,1,0,0,0,3,1,1,1
70,26,10,2,1,0,0,0,0,3,0.0473,4,0,1,0,0,0,1,1,0,1
20,9,13,1,0,0,0,0,0,0,0.001,1,0,1,0,0,0,0,0,0,0
74,26,22,1,1,0,0,0,1,7,0.0932,3,0,1,0,0,0,2,0,2,1
20,16,22,1,1,0,0,0,1,1,0.0583,1,0,1,0,0,0,0,1,1,0
74,25,32,3,3,0,1,1,1,0,0.0,0,0,0,1,1,0,2,1,2,1
19,21,14,1,1,0,0,0,0,0,0.0001,1,0,1,0,0,0,1,0,0,0
64,33,21,2,1,0,0,1,1,11,0.1777,1,1,0,0,0,0,6,0,0,1
86,45,28,1,2,0,0,0,1,10,0.1125,1,0,0,0,0,0,2,0,0,1
34,15,10,1,0,0,0,0,0,0,0.0,0,0,1,0,0,0,0,0,1,0
79,23,8,5,2,0,0,1,3,6,0.0745,0,0,0,0,1,0,0,1,1,1
40,19,13,2,0,0,0,0,0,0,0.0,1,0,1,0,0,0,1,0,1,0
84,31,42,5,7,0,1,0,1,4,0.0433,4,0,0,0,0,0,2,0,1,1
39,10,14,2,1,0,0,0,0,0,0.0,0,0,1,0,0,0,0,0,1,0
64,27,13,5,2,0,0,2,3,5,0.0758,2,0,1,0,0,1,1,0,1,1
70,30,41,3,3,0,0,0,1,11,0.1609,4,0,1,0,0,0,1,0,2,1
69,40,20,5,2,0,0,0,0,9,0.1302,2,1,0,0,0,0,1,1,1,1
87,25,36,6,0,1,0,0,1,10,0.1181,1,0,0,0,0,0,2,0,3,1
66,26,26,3,1,0,0,1,1,10,0.1454,2,0,0,0,0,0,2,1,2,1
61,20,28,5,1,0,1,0,1,13,0.2183,2,0,1,0,0,0,1,1,3,1
100,20,34,1,2,0,1,2,0,1,0.0081,1,0,1,0,0,0,6,0,2,1
38,20,11,2,2,0,0,0,0,2,0.0448,0,0,1,0,0,0,0,0,0,0
25,16,12,2,0,0,0,0,0,0,0.0167,1,0,0,1,0,0,0,0,2,0
23,22,12,3,2,0,0,0,0,1,0.0304,0,0,1,0,0,0,0,0,2,0
10,11,7,2,0,0,0,0,0,0,0.0358,0,0,1,0,0,0,0,0,2,0
29,17,16,2,0,0,0,0,0,1,0.0339,0,0,1,0,0,0,0,0,0,0
53,18,17,1,3,1,0,0,1,9,0.1641,0,0,0,0,1,0,2,0,1,1
142,21,16,3,1,0,0,3,1,41,0.2861,1,0,0,0,0,0,1,1,2,1
80,21,30,4,2,1,1,2,1,6,0.0773,0,0,1,0,0,0,0,1,3,1
27,9,7,2,0,0,0,0,0,2,0.0788,0,0,1,0,0,0,0,0,1,0
33,13,16,3,1,0,0,0,2,0,0.0,0,0,1,0,0,0,0,0,2,0
77,20,5,5,3,0,1,0,1,13,0.1747,1,0,0,0,1,0,2,0,2,1
100,22,0,3,1,0,0,0,1,12,0.1227,2,0,0,0,0,0,2,0,1,1
52,17,30,5,2,0,0,1,0,4,0.0847,2,0,1,0,1,0,0,0,1,1
5,18,6,1,1,0,0,0,0,0,0.009,0,0,1,0,0,0,0,0,0,0
42,24,8,1,1,0,0,0,0,1,0.0156,0,0,1,0,0,0,0,0,1,0
100,21,37,1,1,0,0,1,2,11,0.113,0,1,1,0,1,0,0,0,1,1
44,23,6,3,2,0,0,0,0,1,0.0229,0,0,1,0,0,0,0,1,1,0
41,24,8,1,0,0,0,0,0,0,0.0118,0,0,1,0,0,0,0,0,2,0
13,25,22,4,0,0,0,0,2,1,0.1066,3,0,0,0,0,0,1,1,1,1
69,36,58,3,0,0,0,1,0,7,0.1064,0,0,1,0,1,0,0,1,3,1
43,15,15,3,0,0,0,0,0,0,0.0095,0,0,1,0,0,0,0,1,2,0
68,23,30,4,0,0,2,2,1,11,0.1697,1,0,1,0,0,0,3,0,2,1
40,27,10,3,1,0,0,1,2,0,0.0,1,0,0,0,0,0,2,1,5,1
61,18,62,4,3,0,1,0,0,10,0.1583,0,0,0,1,0,0,2,1,2,1
19,24,19,2,0,0,1,0,1,0,0.0245,0,0,1,0,0,0,0,0,0,0
77,33,25,1,5,0,1,0,0,8,0.1014,0,0,1,0,0,0,2,1,1,1
82,10,26,5,0,0,1,0,2,16,0.1932,2,0,1,0,1,0,1,1,2,1
54,6,33,2,4,0,0,1,0,12,0.2136,1,0,1,0,0,0,1,0,4,1
16,7,21,3,0,0,0,0,1,0,0.0219,0,0,1,0,0,0,0,0,0,0
23,16,0,0,0,0,0,0,0,1,0.0634,0,0,1,0,0,0,0,0,1,0
18,36,24,3,2,0,1,0,0,4,0.2097,0,1,1,0,0,0,0,1,0,1
80,13,15,3,8,0,0,0,1,8,0.1039,1,0,1,0,0,0,1,0,2,1
51,17,7,5,0,0,0,1,0,11,0.217,1,0,0,0,0,1,3,1,4,1
25,13,3,2,0,0,0,0,0,1,0.0315,1,0,1,0,0,0,0,0,2,0
82,29,23,3,3,0,0,0,0,13,0.1567,0,0,1,0,0,0,1,1,0,1
39,14,3,1,1,0,0,0,1,2,0.051,0,0,1,0,0,0,0,0,0,0
95,19,51,1,3,0,0,3,0,0,0.0025,2,0,0,0,0,1,1,0,1,1
34,16,5,1,1,0,0,0,0,0,0.0,0,0,0,0,0,0,0,1,0,0
74,30,28,5,1,0,0,0,2,6,0.0776,1,0,1,0,0,0,2,0,3,1
26,16,14,2,0,0,0,0,0,1,0.0449,0,0,1,0,0,0,1,0,0,0
27,21,11,1,1,0,0,0,1,0,0.0,0,0,1,0,0,0,0,0,1,0
34,18,9,1,0,0,0,0,0,1,0.036,0,0,1,0,0,0,0,0,0,0
25,25,8,2,0,0,0,0,0,2,0.0659,1,0,1,0,0,0,0,0,0,0
32,19,11,2,3,0,0,0,0,3,0.0802,0,0,1,0,0,0,1,0,1,0
70,29,41,3,4,0,0,0,0,4,0.0616,2,1,0,0,0,0,2,0,3,1
45,8,7,1,1,0,0,0,0,1,0.0202,0,0,0,0,0,0,0,0,1,0
5,22,16,3,0,0,0,0,0,0,0.0202,0,0,1,0,0,0,0,0,0,0
62,11,9,4,2,0,0,0,1,11,0.1724,3,0,0,0,0,0,2,0,0,1
6,15,20,0,0,0,0,0,0,0,0.0547,0,0,1,0,0,0,0,0,0,0
12,19,9,2,0,0,0,0,0,1,0.0875,1,0,1,0,0,0,1,0,3,0
78,26,39,2,4,0,0,0,1,20,0.2624,2,1,1,0,0,0,0,0,3,1
48,37,36,2,1,0,0,1,1,11,0.2174,3,1,0,0,0,0,1,0,2,1
114,32,23,0,6,1,1,0,2,27,0.2358,0,0,0,0,1,0,0,1,1,1
27,16,5,3,1,0,0,0,0,1,0.0312,1,0,1,0,0,0,0,0,0,0
21,19,17,4,6,0,0,0,0,2,0.0922,1,0,1,0,0,0,1,0,5,1
29,17,15,2,0,0,0,0,0,0,0.0,0,0,1,0,0,0,0,0,0,0
37,26,12,2,1,1,1,0,0,1,0.0393,0,0,1,0,0,0,0,0,1,0
23,18,0,0,1,0,0,1,0,1,0.0338,0,0,1,0,0,0,0,0,0,0
50,11,8,2,0,0,0,0,0,0,0.0,1,0,1,0,0,0,0,0,0,0
70,18,6,2,0,0,0,0,1,2,0.034,0,0,1,0,0,0,0,1,2,0
29,15,13,2,1,0,0,0,0,1,0.0322,0,0,1,0,0,0,0,0,1,0
27,6,22,2,0,0,0,0,0,1,0.0191,0,0,0,0,0,0,0,0,1,0
78,20,0,1,4,0,0,0,2,17,0.2111,2,0,0,0,0,0,3,1,1,1
27,22,0,2,0,0,0,0,0,1,0.025,2,0,1,0,0,0,1,0,0,0
107,17,23,5,0,0,0,0,0,25,0.2317,2,0,1,0,0,1,3,0,1,1
50,16,0,1,0,0,0,0,0,0,0.0011,0,0,1,0,0,0,0,0,1,0
82,13,30,2,3,0,0,0,0,9,0.1049,2,0,0,0,1,0,1,1,3,1
37,13,17,2,1,0,0,0,0,1,0.0147,0,0,1,0,0,0,0,0,2,0
19,18,19,1,0,0,0,0,1,1,0.0518,1,0,1,0,0,1,0,0,1,0
60,27,14,3,1,0,0,2,2,13,0.2181,3,0,1,0,0,0,4,0,3,1
40,25,1,1,0,0,0,0,0,1,0.0297,0,0,1,0,0,0,0,0,1,0
71,29,16,5,3,0,0,0,1,8,0.11,1,0,0,0,0,1,1,0,1,1
38,13,7,2,0,0,0,0,1,0,0.0111,1,0,1,0,0,1,0,1,1,0
36,29,39,4,1,1,1,1,1,0,0.0017,1,0,1,0,0,0,1,0,1,1
15,18,17,0,0,0,0,0,1,0,0.0,0,0,1,0,0,0,1,0,0,0
34,18,4,2,0,0,0,0,1,1,0.0311,0,0,1,0,0,0,0,0,2,0
97,15,7,1,4,0,1,1,0,11,0.1145,1,1,1,0,0,0,2,1,2,1
82,24,28,3,2,0,1,0,0,13,0.1585,2,1,0,0,1,0,2,1,4,1
63,31,0,6,4,1,1,1,0,5,0.0759,0,0,0,0,0,0,2,1,2,1
91,19,31,3,4,0,1,0,2,18,0.2009,1,0,1,0,0,0,3,1,2,1
45,12,8,3,0,0,0,0,0,1,0.0169,0,0,1,0,0,0,0,0,2,0
54,12,1,2,1,0,0,0,0,1,0.0263,1,0,1,0,0,0,0,0,0,0
43,12,0,3,0,0,0,0,1,2,0.0576,0,0,1,0,0,0,0,0,1,0
70,29,47,0,1,0,0,1,1,11,0.1577,0,0,1,0,0,0,3,0,2,1
72,20,44,5,2,0,1,3,2,8,0.1166,0,1,1,0,0,1,0,1,1,1
23,27,31,4,1,0,0,0,1,1,0.0381,1,1,1,0,0,0,0,1,1,1
109,23,26,4,7,0,0,1,0,33,0.3029,1,0,1,0,0,0,1,1,1,1
37,16,17,2,0,0,0,0,1,1,0.0372,1,0,1,0,0,0,0,0,0,0
114,16,28,4,1,0,0,1,1,19,0.1656,5,0,1,0,0,0,3,1,1,1
62,15,0,3,3,1,0,0,0,10,0.1604,5,1,0,0,0,1,3,1,1,1
31,9,26,4,1,0,1,0,2,3,0.0842,2,0,1,0,1,0,2,0,2,1
59,30,48,4,0,0,0,1,1,7,0.114,2,0,0,1,0,0,0,0,1,1
30,15,9,3,0,0,0,0,0,1,0.0482,0,0,1,0,0,0,0,0,0,0
90,7,43,4,2,0,1,0,0,9,0.095,0,0,1,0,1,0,2,0,3,1
44,21,21,2,0,0,0,0,0,0,0.0,1,0,0,0,0,0,0,0,0,0
48,15,1,2,0,0,0,0,0,1,0.0287,0,0,1,0,0,0,0,0,1,0
13,18,0,2,3,0,0,0,1,0,0.0197,0,0,1,0,0,0,0,0,0,0
46,16,22,2,2,0,2,0,0,6,0.1319,2,0,1,0,0,0,2,1,2,1
42,10,10,1,1,0,0,0,1,0,0.0,0,0,1,0,0,0,0,0,1,0
14,20,11,2,0,0,0,1,0,0,0.0,0,0,0,0,0,0,0,0,0,0
63,15,29,4,1,0,1,0,0,16,0.2597,2,1,1,0,0,0,1,0,0,1
25,16,6,2,0,0,0,0,0,1,0.0423,1,0,1,0,0,0,0,0,1,0
26,16,2,2,0,0,0,0,0,1,0.0464,2,0,0,0,0,0,0,0,1,0
18,12,7,1,1,0,0,0,0,1,0.0505,1,0,1,0,0,0,0,0,2,0
58,27,49,4,3,0,0,1,2,11,0.1921,0,0,1,0,0,1,0,1,3,1
64,27,3,6,1,0,1,0,2,12,0.1909,0,1,0,0,1,0,0,1,1,1
42,7,0,2,1,0,1,0,0,3,0.0764,0,0,1,0,0,0,1,0,3,0
47,16,0,2,5,0,0,0,1,9,0.1806,0,0,0,0,0,0,0,0,1,1
21,12,0,2,3,0,0,0,0,0,0.0141,0,0,1,0,0,0,1,0,1,0
53,14,0,2,1,0,0,0,0,4,0.073,0,0,1,0,0,0,0,0,0,0
97,12,13,2,1,0,0,1,3,8,0.0835,1,0,0,0,0,0,0,0,3,1
111,13,49,8,2,0,3,0,1,5,0.0457,3,0,1,0,0,0,1,1,4,1
81,36,16,7,4,0,1,0,0,10,0.1215,2,0,1,0,0,0,3,0,4,1
61,31,8,2,0,0,1,0,2,7,0.1184,1,0,0,0,0,0,1,0,3,1
43,6,3,3,0,0,0,1,1,0,0.0,0,0,1,0,0,0,0,0,1,0
42,26,36,4,2,0,0,0,0,4,0.0922,0,1,0,0,0,0,2,0,3,1
62,18,13,3,2,0,1,1,0,6,0.1026,1,1,1,0,1,0,0,0,0,1
16,18,11,2,0,0,0,0,1,1,0.0666,1,0,1,0,0,0,0,0,2,0
80,31,42,4,1,0,2,0,1,12,0.1483,0,0,0,0,0,0,1,0,1,1
30,20,1,2,0,0,0,0,0,2,0.0764,0,0,1,0,0,0,0,0,1,0
27,16,26,2,2,0,0,0,0,0,0.0,1,0,1,0,0,0,0,0,0,0
81,43,45,1,2,0,1,0,0,13,0.1664,0,1,1,0,0,0,1,1,4,1
56,30,27,2,3,0,0,0,1,3,0.0463,0,1,1,0,0,0,2,0,1,1
129,1,38,2,0,0,0,1,0,3,0.0212,1,1,1,0,0,0,1,0,3,1
80,32,6,4,2,0,0,0,1,8,0.1009,2,0,1,0,1,0,1,0,2,1
18,8,19,2,1,0,0,0,0,0,0.0018,0,0,0,0,0,0,0,0,2,0
21,8,15,1,0,0,0,0,0,1,0.0348,0,0,0,0,0,0,1,0,2,0
82,17,13,4,5,0,0,1,0,10,0.1193,0,0,1,0,0,0,3,0,2,1
134,22,13,3,2,0,0,1,3,16,0.1163,3,1,1,0,0,0,2,0,2,1
110,23,8,4,1,0,0,0,2,12,0.1062,3,0,0,0,0,1,4,0,5,1
0,12,0,3,2,0,0,0,1,0,0.0,0,0,1,0,0,0,0,1,2,0
69,30,12,3,1,0,1,0,3,13,0.1872,4,0,0,0,0,0,1,0,2,1
67,46,6,1,4,0,1,1,0,12,0.1778,3,0,0,0,0,0,4,0,4,1
34,16,16,2,0,0,0,0,0,1,0.0253,0,0,1,0,0,1,0,0,0,0
134,25,31,6,2,0,0,1,2,15,0.11,1,1,0,0,0,0,3,0,1,1
32,6,7,2,0,0,0,0,0,2,0.0645,0,0,1,0,0,0,1,0,3,0
90,30,13,2,2,0,1,1,2,6,0.0635,2,1,0,0,0,0,2,1,1,1
65,33,43,5,5,0,1,0,0,12,0.1808,4,0,1,0,0,0,2,1,1,1
23,25,7,3,1,0,0,0,0,0,0.0,0,0,1,0,0,0,0,0,0,0
77,24,35,3,2,0,2,1,1,8,0.1054,1,0,1,0,0,0,1,0,2,1
87,22,14,4,3,0,0,0,3,18,0.2103,0,0,1,0,0,0,3,0,2,1
21,14,10,2,1,0,0,1,0,1,0.0362,1,0,1,0,0,0,0,0,2,0
42,17,11,2,0,0,0,0,0,2,0.0439,0,0,1,1,0,0,0,0,0,0
94,16,40,3,3,0,0,1,1,11,0.1207,0,0,0,0,0,0,2,0,5,1
66,28,40,5,3,0,0,0,0,11,0.1726,1,0,1,0,0,1,1,1,2,1
64,24,22,4,3,0,1,0,2,4,0.0606,3,0,0,0,0,0,1,1,4,1
84,31,29,5,0,0,0,0,1,1,0.0094,1,0,1,0,0,0,2,1,5,1
50,38,23,0,4,0,0,2,3,3,0.0589,0,0,0,0,0,0,5,0,1,1
28,16,10,2,1,0,0,0,1,2,0.0651,0,0,1,0,0,0,0,0,1,0
25,20,15,2,0,0,1,0,0,0,0.0,0,0,1,0,0,0,0,0,1,0
6,20,3,1,0,0,0,0,0,1,0.112,1,0,1,0,0,0,1,0,0,0
81,27,32,2,2,0,1,2,1,15,0.1806,3,0,1,0,0,1,4,0,0,1
102,29,20,4,0,0,0,0,1,9,0.0898,1,0,1,0,0,0,2,1,3,1
40,32,13,4,1,0,0,0,0,1,0.0319,2,0,0,0,0,0,4,1,3,1
25,6,0,2,0,0,0,0,1,1,0.0419,0,0,1,0,0,0,0,0,3,0
29,28,18,4,2,0,1,1,0,3,0.1193,1,0,0,0,0,0,4,1,1,1
79,30,1,2,2,0,0,1,0,12,0.157,3,0,1,0,0,0,1,1,0,1
59,7,9,2,0,0,0,0,0,1,0.014,1,0,1,0,0,0,0,0,1,0
43,16,8,1,0,0,1,0,1,0,0.0007,0,0,1,0,0,0,0,0,1,0
8,13,12,2,0,0,0,0,0,0,0.0,2,0,1,0,0,0,0,0,0,0
41,15,8,2,0,0,0,0,0,0,0.0,1,0,1,0,0,0,0,0,0,0
113,38,14,3,5,0,1,0,3,11,0.0959,1,1,1,0,0,1,1,0,1,1
49,12,3,2,1,0,0,0,0,0,0.0066,0,0,1,0,0,0,0,0,3,0
42,10,12,3,1,0,0,0,0,0,0.0034,0,0,1,0,0,0,0,0,1,0
55,20,1,2,3,0,0,0,0,0,0.0,0,0,1,0,0,0,0,0,0,0
41,14,22,4,0,0,0,0,0,0,0.0089,0,0,1,0,0,1,0,0,0,0
52,15,16,2,1,0,0,0,0,1,0.0283,0,0,1,0,0,0,1,0,1,0
100,22,43,2,5,0,2,0,1,2,0.0233,1,1,0,0,1,0,1,1,2,1
76,24,40,4,0,0,1,0,1,6,0.0776,5,0,0,0,0,0,4,1,4,1
56,32,26,3,3,0,0,0,5,5,0.0984,0,1,0,0,0,0,0,0,1,1
37,15,24,3,2,0,2,0,1,5,0.128,0,0,1,0,0,0,6,0,0,1
11,18,4,3,1,0,0,0,0,1,0.0753,0,0,1,0,0,0,0,0,0,0
89,14,28,5,1,0,0,0,0,12,0.133,1,0,0,0,0,0,0,1,2,1
40,20,41,3,4,0,0,1,1,0,0.0,0,0,0,0,0,0,1,1,1,1
17,7,0,2,2,0,0,0,0,1,0.04,0,0,0,0,0,0,1,0,1,0
47,16,20,1,0,0,0,0,0,2,0.036,0,0,1,0,0,0,0,0,1,0
100,21,5,4,2,0,0,1,0,10,0.0995,1,0,0,0,0,0,1,0,2,1
83,13,47,4,2,0,1,0,2,11,0.1267,1,0,1,0,0,1,3,0,0,1
46,19,1,1,0,0,0,0,0,0,0.0,0,0,1,0,0,0,1,0,0,0
38,16,25,1,0,0,0,0,0,0,0.0,0,0,1,0,0,0,0,0,2,0
16,8,16,2,0,0,0,0,0,0,0.027,0,0,0,0,0,0,0,1,3,0
71,27,20,5,5,0,0,0,1,11,0.1475,2,0,1,0,1,0,3,1,1,1
134,22,16,2,2,0,0,1,0,11,0.0803,2,0,1,0,0,0,1,0,1,1
15,3,25,2,0,0,0,0,1,1,0.0337,1,0,1,0,0,0,0,0,0,0
69,37,17,2,3,0,0,1,0,1,0.0178,1,1,1,0,1,0,2,1,2,1
74,30,40,1,2,0,1,1,0,7,0.0903,1,1,0,0,1,0,3,0,1,1
69,33,7,3,2,0,0,0,0,3,0.0436,1,0,1,0,0,0,0,1,4,1
61,24,33,3,4,1,0,0,0,7,0.1066,2,0,0,0,0,0,1,0,1,1
66,35,20,4,1,0,0,0,3,10,0.1571,1,1,0,0,0,0,1,0,1,1
83,26,37,3,2,0,0,0,0,0,0.0,1,0,1,1,0,1,1,1,3,1
30,2,23,2,0,0,0,0,1,0,0.0,0,0,1,0,0,0,1,0,1,0
63,23,40,4,4,0,0,0,1,9,0.1476,3,1,1,0,0,0,1,0,1,1
26,35,43,7,3,0,0,0,1,2,0.0588,0,0,0,0,0,0,1,0,2,1
27,21,19,2,1,0,0,0,0,0,0.0,0,0,1,0,0,0,0,0,1,0
22,21,24,2,0,0,0,0,0,0,0.0,0,0,1,0,0,0,1,0,1,0
87,16,33,5,0,0,3,1,2,16,0.1857,1,1,0,0,0,0,4,1,1,1
18,15,10,0,0,0,0,0,2,0,0.0058,0,0,1,0,0,0,0,0,3,0
79,31,19,4,3,0,0,0,0,16,0.2,1,0,1,0,0,0,4,1,1,1
28,17,0,1,1,0,0,0,0,1,0.0409,0,0,1,0,0,0,0,0,1,0
57,28,31,1,1,0,0,0,2,2,0.0324,2,0,0,0,0,0,1,0,1,1
40,21,0,1,0,0,0,0,1,0,0.0065,0,0,1,0,0,0,0,0,0,0
59,14,21,2,2,0,1,0,1,6,0.1052,1,0,0,0,0,1,3,0,5,1
52,23,37,3,0,0,2,0,1,9,0.18,0,0,0,0,0,1,3,1,4,1
37,11,17,2,1,0,0,0,0,0,0.0,1,0,1,0,0,0,0,0,1,0
64,24,24,1,3,0,0,0,0,0,0.0,2,0,1,0,0,0,1,0,0,1
14,26,5,6,2,0,0,0,2,2,0.1592,1,0,0,0,0,0,1,0,2,1
30,17,11,2,0,0,0,0,0,0,0.0022,1,0,1,0,0,0,0,0,0,0
93,28,27,5,3,1,3,1,0,8,0.0886,1,1,1,0,0,0,1,0,1,1
100,23,3,1,2,0,0,0,0,3,0.0309,1,0,1,0,0,0,0,0,5,1
28,14,7,3,0,0,0,0,0,1,0.0249,2,0,0,0,0,0,0,0,2,0
21,18,5,2,0,0,0,0,0,0,0.0,0,0,1,0,0,0,1,0,0,0
114,27,10,6,1,1,0,0,0,18,0.1611,4,1,0,0,1,1,4,0,4,1
66,14,31,3,3,0,0,1,0,8,0.1229,4,0,1,0,0,0,1,1,1,1
49,31,30,1,2,0,1,1,0,9,0.1757,1,0,0,0,0,0,2,1,3,1
26,17,7,2,0,0,0,0,1,0,0.0,1,0,0,0,0,0,0,0,0,0
38,11,25,1,0,0,0,1,0,1,0.0323,1,0,1,0,0,0,0,0,1,0
19,21,15,2,1,0,0,0,0,0,0.0006,2,0,1,0,0,0,0,0,0,0
96,17,29,5,2,1,0,0,3,18,0.1847,1,0,0,0,0,0,1,0,3,1
55,22,30,4,4,0,0,1,1,8,0.1454,4,0,1,0,1,0,1,0,1,1
40,9,0,2,0,0,0,0,0,0,0.0002,1,0,0,0,0,0,0,0,0,0
37,13,26,2,0,0,0,0,1,3,0.0687,0,0,1,0,1,0,0,0,0,0
66,11,19,2,3,1,0,1,0,14,0.2079,1,0,0,0,1,0,2,0,0,1
45,23,18,2,0,0,0,0,1,2,0.0398,0,0,1,0,0,0,0,0,2,0
30,25,30,2,4,0,1,1,1,1,0.0323,0,0,1,0,1,0,3,0,2,1
47,14,21,3,1,0,0,0,1,2,0.0511,2,1,0,0,0,0,2,0,1,1
57,24,45,3,3,0,1,1,0,6,0.1122,0,0,0,0,0,0,1,0,1,1
33,18,0,2,0,0,0,0,1,1,0.0275,0,0,1,0,0,0,0,0,1,0
5,8,11,2,0,0,0,0,0,0,0.0,0,0,1,0,0,0,0,0,0,0
109,47,26,5,3,0,0,1,1,4,0.0394,0,0,1,0,0,0,1,0,1,1
67,38,16,5,3,0,0,1,0,9,0.1318,1,0,1,0,0,1,4,1,1,1
124,27,29,1,3,0,1,0,0,19,0.1557,2,1,0,0,1,0,2,0,0,1
30,11,13,2,0,0,0,0,0,2,0.0524,1,0,1,0,0,0,1,0,2,0
96,10,67,0,4,0,0,2,2,8,0.0825,1,0,0,0,0,0,2,1,3,1
20,29,13,3,3,0,0,0,0,4,0.1967,1,0,0,1,0,0,2,1,3,1
67,45,28,2,1,0,0,0,0,14,0.2101,1,1,0,0,0,0,1,0,0,1
41,23,30,4,1,0,0,0,3,8,0.1852,0,0,1,0,0,1,0,1,6,1
73,12,30,5,2,0,0,0,0,2,0.0295,3,0,1,0,0,0,2,0,1,1
44,18,16,1,1,0,0,0,0,0,0.0057,0,0,1,0,0,0,0,0,1,0
80,34,17,4,2,0,2,1,0,6,0.0791,0,0,0,0,0,0,3,0,2,1
87,26,0,0,3,0,2,0,1,23,0.2705,4,0,0,0,0,0,0,0,4,1
35,17,24,3,0,0,0,0,0,0,0.0,1,0,0,0,0,0,0,0,0,0
55,5,8,1,0,0,0,0,1,1,0.0222,0,0,1,0,0,0,0,0,0,0
60,29,11,4,4,1,0,0,0,6,0.1068,1,1,1,0,0,0,1,0,2,1
14,19,19,3,0,0,0,0,0,0,0.0249,0,0,1,0,0,0,1,0,1,0
28,9,16,1,0,0,0,0,0,1,0.0285,0,0,1,0,0,0,0,0,2,0
65,25,24,3,4,0,0,0,0,6,0.0903,2,0,0,0,0,0,1,0,4,1
14,14,6,2,0,0,0,0,0,0,0.0,0,0,1,0,0,0,0,0,3,0
33,23,51,2,6,1,0,0,3,6,0.1813,3,1,1,0,0,0,3,1,1,1
20,28,5,3,3,0,0,0,0,2,0.0884,0,0,1,0,0,0,0,0,0,0
44,10,10,2,0,0,0,0,1,0,0.0,0,0,1,0,0,0,0,0,0,0
30,12,6,3,0,0,0,0,0,0,0.0,0,0,1,0,0,0,1,0,1,0
48,15,13,3,0,0,0,0,0,0,0.0,0,0,1,0,0,0,0,1,2,0
13,12,10,1,0,0,0,0,0,0,0.0378,0,0,1,0,0,0,0,0,0,0
49,19,5,1,0,0,0,0,0,0,0.0,0,0,1,0,0,0,0,0,1,0
89,30,43,4,2,0,1,0,1,8,0.0941,2,0,0,0,0,0,2,1,2,1
40,30,25,6,2,0,0,0,0,3,0.0775,3,1,1,0,1,1,4,0,1,1
34,14,12,2,0,0,0,0,0,1,0.0343,0,0,0,0,0,0,0,0,1,0
46,30,53,5,0,0,0,1,0,10,0.2229,0,1,1,0,1,0,5,1,1,1
106,23,39,2,2,0,2,0,2,19,0.1782,1,0,0,0,0,0,1,0,0,1
11,23,22,2,0,0,0,0,0,0,0.0063,0,0,1,0,0,0,1,0,1,0
44,12,0,3,2,0,0,0,0,2,0.0375,1,0,1,0,0,0,0,1,0,0
76,18,27,2,2,0,0,0,1,7,0.0977,1,0,0,0,0,1,3,1,3,1
27,19,11,2,1,0,1,0,0,0,0.0181,0,0,1,0,0,1,0,0,1,0
75,19,70,4,1,0,1,0,1,3,0.0344,1,0,0,0,1,0,3,1,3,1
83,22,32,1,1,0,0,0,0,6,0.068,0,0,1,0,0,0,1,1,1,1
44,15,0,1,0,0,0,0,0,0,0.0003,0,0,1,0,0,0,0,0,1,0
45,12,2,3,0,0,0,0,0,1,0.0265,2,0,1,0,0,0,1,0,0,0
25,14,15,2,0,0,0,0,1,0,0.0152,2,0,1,0,0,0,0,0,1,0
29,8,12,1,1,0,0,0,0,1,0.039,0,0,1,0,0,1,0,0,0,0
36,27,24,4,3,0,0,1,0,2,0.063,3,0,1,0,0,0,2,0,2,1
49,33,41,0,0,0,0,0,1,5,0.1058,2,0,0,0,1,1,2,0,0,1
4,24,17,3,0,0,0,0,0,0,0.0,0,0,1,0,0,0,0,0,1,0
70,33,32,5,2,0,0,1,0,6,0.0802,1,0,0,0,0,0,3,0,1,1
46,11,34,3,3,0,2,1,0,3,0.0733,1,1,0,0,0,0,1,0,3,1
20,20,42,4,4,0,1,0,0,0,0.0,2,1,1,0,0,0,0,1,0,1
59,22,26,5,1,0,0,1,0,10,0.1748,0,0,0,0,0,1,0,1,0,1
31,12,20,1,0,0,0,0,0,1,0.0437,0,0,1,0,0,0,0,0,0,0
88,25,0,4,6,0,1,1,0,9,0.1066,1,0,1,0,0,0,2,0,1,1
34,6,0,2,0,0,0,0,1,1,0.0174,0,0,1,0,0,0,0,0,0,0
82,27,42,2,3,0,1,0,0,6,0.0692,0,0,1,0,1,0,1,0,1,1
52,14,1,3,3,1,1,0,0,9,0.183,0,1,0,0,0,1,0,0,1,1
34,15,29,3,1,0,0,0,1,7,0.1941,3,1,1,0,0,0,1,0,2,1
57,13,0,4,2,0,0,0,0,4,0.0627,1,0,1,0,0,1,0,1,1,1
38,21,5,2,1,0,0,0,0,1,0.037,0,0,1,0,0,0,1,0,2,0
57,28,21,3,2,0,1,0,0,6,0.1135,1,0,1,0,1,0,2,0,5,1
153,26,28,4,2,0,1,0,1,12,0.0789,3,0,1,0,0,0,0,0,3,1
85,16,25,6,1,0,1,0,3,11,0.1286,1,0,0,0,0,0,0,1,3,1
99,27,54,3,5,0,1,1,1,19,0.1954,3,0,1,0,0,0,2,0,1,1
48,10,29,1,0,0,0,0,0,2,0.0456,0,0,1,0,0,0,1,0,1,0
95,40,29,3,1,0,1,0,2,15,0.1588,4,0,1,0,0,0,1,1,2,1
85,42,2,2,4,0,1,1,0,14,0.1597,2,0,1,0,0,0,0,1,0,1
57,35,32,4,2,0,0,0,2,7,0.1206,5,0,1,0,0,0,3,0,2,1
36,18,29,2,1,0,0,0,0,2,0.0607,0,0,1,0,0,0,0,0,0,0
59,24,31,2,3,0,1,0,2,14,0.2367,1,0,1,0,0,0,2,0,4,1
40,22,15,2,1,0,0,0,0,0,0.0014,0,0,1,0,0,0,0,0,1,0
63,12,8,2,0,0,0,0,0,2,0.0265,0,0,0,0,0,0,0,1,2,0
116,22,19,0,1,0,0,2,0,0,0.0,2,0,0,0,0,0,2,1,8,1
66,27,19,3,0,0,2,0,2,5,0.0728,1,0,0,0,0,0,3,0,1,1
84,22,47,2,1,0,0,0,1,19,0.2256,2,0,1,0,0,1,0,0,2,1
14,12,8,3,1,0,1,0,1,0,0.0047,2,0,1,0,1,0,0,0,0,0
80,22,8,2,0,0,1,0,0,6,0.081,0,0,1,0,0,0,2,0,3,1
22,14,0,2,1,0,0,1,1,0,0.0005,0,0,1,0,0,0,0,0,0,0
42,14,24,2,1,0,0,0,0,1,0.0343,0,0,1,0,0,0,0,0,1,0
55,26,45,3,0,0,0,1,0,13,0.2425,2,0,1,0,0,0,1,0,1,1
42,25,33,3,1,0,1,0,1,2,0.0589,5,0,0,0,1,0,2,1,2,1
41,23,20,1,3,0,1,0,1,2,0.0515,2,0,1,0,0,0,1,1,2,1
43,17,7,2,2,0,0,0,1,2,0.0456,0,0,1,0,0,0,0,0,0,0
15,8,3,3,0,0,0,0,0,0,0.0066,1,0,1,0,0,0,0,0,0,0
50,25,13,4,1,1,0,0,0,7,0.1306,1,0,1,0,0,1,3,1,0,1
37,33,26,3,3,0,0,0,2,5,0.1259,1,0,0,0,0,0,1,0,0,1
98,33,15,4,1,0,0,1,0,27,0.2742,0,0,1,0,1,0,2,1,0,1
52,16,0,2,0,0,0,0,0,0,0.0,0,0,1,0,0,0,0,0,1,0
52,38,23,1,2,0,1,0,0,0,0.0,0,0,0,0,0,1,3,1,1,1
51,13,33,3,1,0,0,0,2,9,0.1786,1,0,0,0,1,0,5,1,3,1
85,34,13,2,3,0,0,2,3,4,0.0458,1,0,1,0,0,1,2,1,0,1
79,25,46,6,2,0,1,0,1,7,0.093,1,0,0,0,0,0,2,1,4,1
28,12,14,3,0,0,0,0,0,1,0.0403,1,0,1,1,0,0,0,0,0,0
38,16,9,2,1,0,0,0,0,0,0.009,0,0,1,0,0,0,0,0,1,0
41,30,15,2,2,0,2,0,1,3,0.065,0,0,1,0,0,1,1,1,6,1
20,20,9,1,0,0,1,0,1,0,0.0152,0,0,1,0,0,0,0,0,1,0
18,17,15,1,0,0,1,0,0,0,0.0023,0,0,1,0,0,0,0,0,0,0
58,46,14,3,1,0,0,0,0,3,0.0443,4,0,1,0,0,0,3,1,2,1
32,19,27,2,3,0,0,1,1,5,0.1651,1,0,0,0,0,1,1,0,2,1
35,19,13,3,0,0,0,0,0,0,0.0,0,0,1,0,0,0,1,0,1,0
86,27,66,1,5,0,1,0,0,10,0.1161,3,0,1,0,0,0,4,0,2,1
78,24,46,5,2,0,0,0,1,22,0.2766,1,0,1,0,0,0,0,1,2,1
48,10,45,5,1,0,1,1,2,4,0.0921,5,0,0,0,0,1,3,0,2,1
97,30,10,4,3,0,4,1,3,8,0.0784,2,0,1,1,0,0,1,0,6,1
50,27,45,4,2,0,0,1,1,2,0.047,3,0,1,1,0,0,1,0,1,1
21,13,13,1,0,0,0,0,0,1,0.0372,0,0,0,0,0,0,0,0,0,0
92,39,50,3,1,0,1,0,1,10,0.1061,1,1,1,0,0,0,1,0,2,1
86,24,28,3,2,0,2,0,0,8,0.0909,2,0,0,0,0,0,3,0,1,1
73,28,26,4,2,0,0,1,0,13,0.18,1,0,0,1,0,0,3,1,1,1
30,14,9,1,1,0,0,0,0,0,0.0,0,0,1,0,0,0,0,0,0,0
41,26,30,3,1,0,0,2,3,8,0.201,0,0,1,0,0,0,0,0,5,1
27,25,7,1,0,0,0,0,0,0,0.0,0,0,1,0,0,0,0,0,1,0
52,20,2,2,1,0,0,0,0,2,0.0307,0,0,1,0,0,0,0,0,1,0
50,13,16,4,0,0,0,0,0,2,0.0457,0,0,1,0,1,1,0,0,1,0
85,22,43,3,0,0,1,1,2,1,0.0063,0,0,0,0,0,0,2,1,2,1
34,15,12,3,0,0,0,0,0,0,0.0,1,0,1,0,0,0,0,0,2,0
109,39,13,5,1,0,2,0,1,10,0.0951,0,1,0,0,0,0,1,1,1,1
38,35,30,3,1,0,0,0,0,2,0.0439,1,0,0,0,0,0,0,0,1,1
75,23,27,5,2,0,0,1,2,10,0.1281,5,1,1,0,0,0,2,1,3,1
106,8,40,4,5,0,0,1,3,13,0.1185,3,1,0,0,1,1,4,0,1,1
79,23,10,3,4,0,0,0,1,16,0.2033,3,0,1,0,0,0,2,0,3,1
78,29,14,3,3,1,1,0,0,9,0.1109,1,0,0,0,0,1,1,0,4,1
42,22,0,1,1,0,0,0,2,1,0.0163,0,0,1,0,0,0,0,0,0,0
60,35,20,3,1,0,0,1,2,0,0.0,2,0,1,0,0,0,3,1,0,1
130,24,2,5,4,0,0,3,1,14,0.105,1,1,1,0,0,1,2,0,2,1
29,24,0,1,0,0,0,0,0,0,0.0,0,0,1,0,0,0,0,0,1,0
36,21,17,2,0,0,0,0,0,1,0.0197,0,0,1,0,0,0,0,0,1,0
34,21,17,2,0,0,0,0,0,0,0.0101,0,0,1,0,0,0,0,0,0,0
97,31,16,2,1,0,0,0,1,12,0.1189,2,1,0,0,0,0,1,0,2,1
64,22,30,2,5,0,0,0,2,0,0.0,2,1,0,0,0,0,2,1,1,1
24,7,0,2,0,0,0,1,1,0,0.0,0,0,1,0,0,0,0,0,1,0
80,22,36,5,3,0,0,1,1,9,0.1168,1,0,0,0,0,0,2,0,1,1
23,19,5,2,1,0,0,0,0,1,0.0429,2,0,1,0,0,0,0,0,0,0
80,27,60,3,2,0,0,0,0,14,0.172,3,1,1,0,0,0,0,0,0,1
23,4,0,3,1,0,1,0,0,1,0.046,0,0,1,0,0,0,0,0,0,0
68,18,41,4,5,0,2,0,0,8,0.1143,2,1,0,0,0,1,0,0,0,1
34,12,17,2,0,0,0,0,0,0,0.0,0,0,1,0,0,0,0,0,2,0
81,24,36,3,2,0,0,0,0,4,0.0483,1,0,0,0,0,0,0,0,3,1
22,28,41,2,3,0,0,1,3,2,0.0756,2,0,1,0,0,1,1,0,4,1
72,29,37,5,3,0,0,1,2,0,0.0012,2,0,1,0,0,0,2,0,1,1
26,19,25,2,1,0,0,0,0,1,0.0333,1,0,1,0,0,0,0,0,2,0
21,19,11,2,1,0,0,0,0,0,0.0161,0,0,0,0,0,0,0,0,1,0
20,17,8,2,0,0,0,0,0,0,0.0066,0,0,1,0,0,0,0,0,1,0
47,25,2,2,1,0,0,0,4,6,0.1336,0,0,1,0,0,0,3,0,3,1
23,16,11,1,0,0,0,0,0,0,0.0182,0,0,1,0,0,0,0,0,0,0
41,13,20,0,1,0,0,0,0,0,0.0,0,0,1,0,0,0,0,0,1,0
68,21,34,3,3,0,0,0,0,4,0.0618,2,1,1,0,0,1,0,0,3,1
35,14,10,1,0,0,0,0,0,0,0.0,0,0,1,0,0,0,0,0,1,0
77,33,0,5,0,0,2,0,0,15,0.1941,1,0,0,0,0,0,3,1,2,1
78,23,42,5,4,0,0,0,2,16,0.2033,3,0,1,0,0,0,1,0,3,1
42,9,20,2,0,0,0,0,0,0,0.0014,1,0,1,0,0,0,0,0,1,0
44,19,17,2,0,0,0,0,1,0,0.0,0,0,1,0,0,0,0,0,1,0
83,27,29,3,1,0,0,1,0,4,0.0434,0,1,0,0,0,0,2,0,2,1
81,17,19,2,2,1,2,1,1,16,0.1942,2,0,1,0,0,0,5,1,2,1
30,15,18,2,0,0,1,0,1,1,0.0276,0,0,1,0,0,0,0,0,0,0
102,16,54,4,1,1,0,0,1,14,0.1326,6,0,0,0,0,0,1,0,1,1
26,16,6,3,0,0,0,0,1,1,0.0322,0,0,0,0,0,0,0,0,0,0
92,25,45,4,3,0,0,0,0,12,0.1342,4,0,0,0,0,1,3,1,1,1
23,7,0,2,0,0,0,0,0,0,0.0,0,0,1,0,0,0,0,0,0,0
40,16,6,2,0,0,0,0,1,1,0.0353,1,0,1,0,0,0,0,0,0,0
33,22,10,2,0,0,1,0,0,0,0.009,1,0,0,0,0,0,1,0,0,0
39,14,19,1,1,0,0,0,0,0,0.0,0,0,1,0,0,0,0,0,0,0
136,17,29,6,2,0,0,0,0,0,0.0,1,0,1,0,0,0,1,1,2,1
100,39,39,3,1,0,0,1,0,9,0.0854,1,0,0,0,0,0,3,0,1,1
24,18,14,2,0,0,0,0,0,0,0.0089,2,0,1,0,0,0,0,0,0,0
56,29,24,1,2,0,0,0,0,0,0.0,2,1,1,0,0,0,1,0,2,1
21,16,20,3,0,0,0,0,0,1,0.0236,0,0,1,0,0,0,0,0,3,0
19,16,14,1,1,0,0,1,1,1,0.0302,0,0,1,0,0,0,0,0,0,0
20,8,17,2,0,0,0,0,0,0,0.0,0,0,1,0,0,0,0,0,2,0
93,40,47,2,2,0,0,0,2,15,0.1559,1,0,0,0,1,0,0,1,1,1
25,33,21,4,1,0,0,1,0,3,0.1164,0,0,1,0,0,0,2,0,3,1
58,19,23,2,3,0,0,1,2,4,0.0712,0,0,1,0,0,0,2,1,2,1
32,39,60,2,0,0,0,1,1,3,0.0947,2,1,1,0,0,0,0,1,2,1
44,15,18,1,0,0,0,0,1,1,0.0203,0,0,1,0,0,0,0,0,1,0
101,12,49,3,0,0,0,0,3,16,0.1607,0,0,0,0,0,0,3,1,1,1
50,11,14,1,0,0,0,0,0,2,0.0382,1,0,1,0,0,0,0,0,0,0
53,5,43,5,4,0,1,0,2,14,0.2671,1,0,0,0,0,0,1,0,2,1
69,15,16,5,2,0,1,0,3,0,0.0,3,1,0,0,0,0,4,0,1,1
32,9,14,2,2,0,0,0,0,2,0.0536,1,0,1,0,0,0,0,0,1,0
27,11,12,1,0,0,0,1,0,0,0.0044,2,0,1,0,0,0,0,0,1,0
55,17,27,4,0,0,1,2,1,11,0.1927,1,0,0,0,0,0,4,0,2,1
26,18,12,2,0,0,0,0,0,1,0.0252,0,0,1,0,0,0,1,0,1,0
33,19,6,1,0,0,0,0,0,0,0.0,0,0,1,0,0,0,0,0,4,0
32,9,16,2,1,0,0,0,0,0,0.0,1,0,1,0,0,0,0,0,2,0
34,14,26,1,0,0,0,0,0,1,0.0175,0,0,1,0,0,0,0,0,0,0
9,12,14,2,0,0,0,0,1,0,0.0197,0,0,1,0,0,0,0,0,0,0
41,18,9,1,0,0,0,0,0,2,0.0576,1,0,1,0,0,1,0,0,0,0
18,37,43,3,3,0,0,0,1,3,0.1571,0,0,0,0,0,0,4,1,2,1
87,32,40,4,3,0,1,0,1,17,0.1959,1,0,0,0,0,0,0,0,3,1
41,19,38,3,1,0,2,1,1,1,0.021,1,0,0,0,0,0,5,0,1,1
38,22,0,1,1,0,0,0,0,0,0.0,0,0,1,0,0,0,0,0,3,0
100,29,20,4,3,0,0,0,1,16,0.1586,0,0,1,0,0,0,3,1,4,1
102,18,27,1,3,0,0,0,1,0,0.0,2,0,1,0,0,0,4,1,1,1
33,9,12,1,0,0,0,0,0,0,0.0,0,0,1,0,0,0,1,1,1,0
53,23,38,2,2,0,0,0,1,0,0.0,1,1,1,0,0,0,4,0,1,1
31,19,2,2,2,0,0,0,1,0,0.0,0,0,1,0,0,0,0,0,2,0
103,26,29,4,2,0,1,1,0,24,0.2352,1,0,1,0,0,0,0,1,1,1
47,36,27,1,0,0,1,1,1,7,0.1396,0,0,1,1,0,1,5,1,0,1
14,14,0,2,0,0,0,0,0,0,0.0303,0,0,1,0,0,0,1,0,0,0
84,18,11,3,2,0,1,1,2,9,0.1078,2,0,0,0,0,0,5,1,3,1
46,20,56,5,2,0,0,1,1,11,0.2409,2,0,0,0,1,0,0,1,2,1
58,16,29,4,1,0,2,0,0,4,0.0625,0,0,0,0,0,0,2,0,0,1
49,16,13,2,0,0,0,0,0,3,0.0549,0,0,0,0,0,0,0,0,0,0
30,26,49,4,2,0,1,0,1,5,0.1567,0,0,0,1,0,0,1,0,4,1
41,17,1,2,3,0,0,0,2,0,0.0041,0,0,1,0,0,0,0,0,0,0
119,18,32,4,1,0,1,0,2,16,0.1303,2,0,1,0,0,0,0,0,5,1
68,33,39,4,3,0,1,1,0,7,0.0995,2,1,1,0,0,0,0,1,1,1
61,26,2,2,2,0,0,0,2,0,0.0065,0,0,1,0,0,0,0,0,1,0
35,20,12,2,0,0,0,0,1,1,0.0229,0,0,0,0,0,0,1,0,2,0
30,18,0,1,0,0,0,0,2,2,0.0564,0,0,1,0,0,0,0,0,1,0
59,23,35,3,0,0,2,0,2,10,0.1692,0,1,0,0,0,1,0,0,2,1
37,18,14,1,0,0,0,0,0,1,0.0228,0,0,1,0,0,0,0,0,0,0
90,8,28,1,1,1,5,0,2,2,0.0257,1,0,0,0,0,0,2,1,6,1
65,21,12,2,1,0,1,0,1,7,0.1042,4,0,1,0,0,0,1,1,2,1
119,28,49,3,3,0,0,0,0,9,0.0726,0,0,0,0,0,0,1,0,1,1
80,27,30,5,1,0,0,0,1,9,0.1157,4,0,0,0,0,0,3,0,1,1
65,28,64,5,4,0,0,0,1,9,0.1454,2,0,1,0,1,0,2,0,3,1
43,26,18,2,0,0,0,0,0,2,0.0521,0,0,1,0,0,0,0,0,2,0
39,10,14,3,1,0,0,0,0,1,0.0169,1,0,1,0,0,1,0,0,0,0
39,12,19,3,1,0,0,0,0,0,0.0,1,0,1,0,0,0,0,0,2,0
36,11,10,2,2,0,0,1,0,1,0.0227,1,0,1,0,0,0,0,1,1,0
129,26,43,4,4,0,1,1,1,8,0.0636,1,0,0,0,0,1,3,1,1,1
49,28,31,5,1,0,1,0,2,1,0.0159,0,1,0,0,0,0,1,1,2,1
42,17,20,1,1,0,0,0,0,1,0.0317,1,0,0,0,0,0,0,1,0,0
22,14,15,2,0,0,0,0,2,0,0.0173,1,0,1,0,0,0,0,0,0,0
21,22,6,4,0,0,0,0,0,1,0.0594,0,0,1,0,0,0,0,0,2,0
62,17,0,5,2,0,1,0,2,9,0.14,1,0,0,0,0,0,3,1,3,1
3,23,40,3,2,0,2,0,0,0,0.1344,2,0,1,0,0,0,1,0,1,1
39,9,35,6,3,0,0,0,2,5,0.1205,0,0,0,0,1,0,3,0,2,1
20,22,6,1,1,0,0,0,1,0,0.0181,0,0,0,0,0,0,0,0,1,0
58,17,18,5,4,0,0,1,1,14,0.2354,1,1,1,0,0,0,3,0,0,1
104,36,48,5,5,1,0,0,1,10,0.0924,0,0,0,0,0,1,3,1,2,1
61,8,22,1,1,0,0,0,0,6,0.1042,2,1,0,0,0,0,1,1,3,1
10,29,46,5,2,0,1,1,2,2,0.1631,1,0,1,0,1,0,3,0,0,1
75,32,15,5,1,0,2,0,0,0,0.0024,1,0,1,0,0,0,2,1,3,1
76,17,34,4,2,0,1,2,0,4,0.0566,3,0,1,0,0,0,0,1,4,1
30,20,3,1,0,0,0,0,0,2,0.056,0,0,1,0,0,0,0,0,0,0
39,24,18,3,1,0,0,0,0,0,0.0,2,0,1,0,0,0,1,0,0,0
17,17,0,3,0,0,0,0,0,0,0.0259,0,0,0,0,0,0,0,0,3,0
35,18,7,2,0,0,0,0,0,0,0.0,0,0,0,0,0,0,1,1,0,0
86,33,34,2,1,0,0,0,0,4,0.0436,0,0,0,0,0,0,4,1,5,1
49,41,39,5,3,0,2,1,1,1,0.0137,0,0,1,1,0,0,1,0,0,1
96,14,33,2,0,0,1,0,0,8,0.0803,3,0,0,0,0,0,2,1,3,1
48,17,20,1,1,0,0,0,0,1,0.0228,0,0,1,0,0,0,0,0,0,0
34,21,0,2,0,0,1,0,0,1,0.0401,0,0,1,0,0,0,0,0,0,0
59,17,26,2,0,0,1,0,1,10,0.1634,2,1,0,0,0,0,5,1,2,1
73,29,37,3,2,0,0,0,2,3,0.0476,3,0,1,0,0,0,2,0,4,1
12,10,12,2,1,0,0,0,0,0,0.0,1,0,0,0,0,0,0,0,0,0
15,10,24,2,1,0,0,0,0,1,0.038,2,0,1,0,0,0,0,0,0,0
69,0,38,7,2,0,0,1,0,6,0.0867,1,1,1,0,0,0,0,0,5,1
97,17,27,2,1,0,0,1,1,6,0.0598,1,1,0,0,0,0,2,0,0,1
0,26,41,4,2,0,0,1,0,0,0.177,1,0,0,0,1,0,1,0,1,1
50,21,9,2,0,0,1,0,1,2,0.0448,1,0,1,0,0,0,1,0,0,0
36,24,5,2,0,0,0,0,1,1,0.0222,0,0,1,0,0,0,0,0,1,0
93,27,34,4,3,0,1,1,0,13,0.1401,1,0,0,0,0,0,1,1,6,1
135,18,56,6,2,0,2,1,3,15,0.1123,2,1,1,0,0,0,2,0,4,1
35,16,9,3,0,0,0,0,0,2,0.0593,1,0,1,0,0,0,0,0,2,0
40,17,21,2,1,0,0,0,1,0,0.0034,0,0,1,0,0,0,0,0,0,0
109,28,25,3,5,0,0,2,2,17,0.1524,2,0,0,0,1,0,2,1,0,1
20,18,0,1,0,0,0,0,1,0,0.0,0,0,1,0,0,0,0,0,0,0
50,17,18,2,0,0,0,0,0,1,0.0135,0,0,1,0,0,0,0,0,0,0
53,29,39,3,2,0,0,0,1,2,0.0387,1,1,0,0,0,0,1,1,1,1
26,14,0,0,0,0,0,0,0,1,0.0399,0,0,1,0,0,0,0,0,2,0
53,20,6,3,2,0,0,0,0,10,0.1822,1,0,1,0,0,0,1,0,2,1
81,10,16,4,2,0,0,0,1,4,0.0528,2,0,0,0,0,0,2,1,4,1
85,44,35,3,0,0,0,1,1,6,0.0694,1,0,1,0,0,0,0,0,0,1
25,9,9,2,2,0,0,0,1,1,0.0383,1,0,1,0,0,0,0,0,1,0
46,25,0,2,0,0,0,0,1,0,0.0074,1,0,1,0,0,0,0,0,1,0
17,17,24,1,1,0,0,0,1,0,0.0036,1,0,1,0,0,0,0,0,1,0
21,21,0,2,1,0,0,0,0,1,0.0338,2,0,1,0,0,0,0,0,0,0
124,33,17,4,0,0,1,0,1,0,0.0,1,0,0,0,1,0,1,0,3,1
81,26,25,3,1,0,0,3,2,16,0.2006,5,0,1,0,0,0,0,1,0,1
31,13,21,1,0,0,0,0,0,0,0.007,1,0,1,0,0,0,1,0,0,0
27,26,41,2,3,0,0,0,1,7,0.2794,1,1,1,0,1,0,2,1,3,1
49,25,45,4,3,0,0,0,2,8,0.1688,0,0,1,0,1,0,1,0,1,1
83,15,31,4,2,0,1,0,1,16,0.1959,3,0,1,0,1,0,2,1,0,1
23,14,9,3,1,0,0,0,0,0,0.0203,0,0,1,0,0,0,0,0,1,0
24,14,9,1,1,0,0,0,1,0,0.0109,0,0,1,0,0,0,0,0,2,0
69,30,32,5,1,0,1,0,1,4,0.0634,2,0,1,0,1,1,3,1,1,1
119,24,28,5,1,0,0,1,1,8,0.0703,1,0,1,0,0,0,1,1,4,1
92,30,50,5,2,0,0,0,0,12,0.1298,1,1,1,0,0,0,1,1,2,1
30,14,20,2,0,0,0,0,0,0,0.0007,0,0,1,0,0,0,0,0,0,0
14,20,18,2,0,0,0,0,1,0,0.0015,0,0,1,0,0,0,0,1,4,0
14,18,23,2,0,0,1,0,0,1,0.0399,1,0,1,0,0,0,0,0,1,0
90,26,59,3,3,0,2,1,0,27,0.2975,1,0,1,0,0,0,3,1,2,1
86,27,1,3,2,0,0,1,0,12,0.1362,1,0,1,0,0,1,1,1,3,1
24,16,5,2,0,0,0,0,0,1,0.0476,0,0,1,0,0,0,0,0,1,0
60,12,16,2,3,0,1,1,1,10,0.1602,2,0,0,0,0,0,4,0,0,1
82,20,26,4,1,0,0,0,1,10,0.1237,3,0,0,0,0,0,0,1,2,1
31,9,16,1,0,0,0,0,0,0,0.0146,0,0,1,0,0,0,0,0,1,0
44,15,14,3,0,0,0,0,0,0,0.0,0,0,1,0,0,0,0,0,1,0
61,30,31,2,5,1,1,1,0,7,0.1235,0,0,1,0,0,0,3,0,4,1
44,26,6,4,3,0,2,0,1,3,0.0708,0,0,1,0,0,0,1,1,1,1
33,17,3,1,0,0,0,0,0,2,0.0609,0,0,1,0,0,0,0,0,0,0
58,21,19,6,0,0,0,0,1,11,0.1877,0,0,0,0,0,0,3,0,3,1
35,27,60,3,3,0,2,0,1,1,0.0388,0,0,0,0,1,0,1,0,3,1
43,16,0,2,0,0,0,0,0,2,0.0516,0,0,1,0,0,0,0,0,2,0
93,20,21,2,3,0,2,2,0,0,0.0,0,0,1,0,0,0,3,0,5,1
36,18,13,2,1,0,0,0,0,1,0.0315,0,0,1,0,0,0,0,0,1,0
20,16,14,1,0,0,0,0,0,0,0.0149,0,0,1,0,0,0,0,0,2,0
23,13,6,2,0,0,0,0,0,2,0.079,1,0,1,0,0,0,0,0,0,0
77,17,31,1,6,0,0,1,1,19,0.2489,2,0,0,0,0,0,4,1,0,1
88,35,27,4,1,0,1,1,1,11,0.1229,1,0,0,0,0,0,2,1,3,1
63,25,38,3,2,0,2,1,0,7,0.1149,0,0,1,0,1,0,2,1,3,1
35,15,28,0,2,0,0,0,0,2,0.0491,1,0,1,0,0,0,0,0,2,0
86,34,44,4,2,0,1,0,0,8,0.0876,1,0,1,0,0,0,1,0,1,1
45,19,17,2,0,0,1,0,1,0,0.0,1,0,1,0,0,0,0,0,0,0
64,32,42,3,0,0,2,0,1,1,0.0143,2,0,1,0,0,0,4,0,0,1
19,16,8,2,0,0,0,0,0,0,0.006,1,0,1,0,0,0,0,0,1,0
22,11,2,2,0,0,0,0,2,0,0.0,2,0,1,0,0,0,0,0,1,0
99,32,60,3,2,0,0,1,0,22,0.2199,3,0,1,0,0,0,0,0,1,1
32,7,5,1,0,0,0,0,1,0,0.0074,0,0,1,0,0,0,0,0,0,0
24,15,4,1,0,0,0,0,0,0,0.0038,0,0,1,0,0,0,0,0,2,0
20,16,1,1,0,0,0,0,0,1,0.0372,0,0,1,0,0,0,0,0,2,0
42,14,23,1,0,0,0,0,0,1,0.0273,0,0,1,0,0,0,1,1,0,0
94,19,46,2,3,0,0,1,0,7,0.0749,1,0,1,0,1,0,3,1,1,1
43,21,0,3,0,0,1,0,0,0,0.0,0,0,1,0,0,0,0,0,2,0
108,30,41,4,2,0,0,1,1,15,0.1416,2,0,1,1,0,0,1,0,0,1
92,19,74,1,1,0,0,1,1,10,0.1082,2,0,1,0,0,1,1,1,0,1
54,13,46,6,1,0,1,1,1,5,0.0886,1,0,0,0,1,0,2,0,2,1
78,21,7,7,1,0,1,0,0,21,0.2684,3,0,1,0,0,0,2,1,0,1
94,26,8,4,3,0,0,1,0,3,0.0341,1,0,0,0,0,0,1,0,3,1
97,28,67,5,2,0,3,1,0,8,0.0834,0,0,0,0,0,0,2,1,0,1
26,21,20,2,0,0,0,0,0,0,0.0,1,0,1,0,0,0,0,0,3,0
7,17,1,2,1,0,2,0,2,0,0.0586,3,0,0,0,1,1,2,0,3,1
21,16,15,3,0,1,1,0,0,0,0.0106,0,0,1,0,0,0,0,0,0,0
37,12,0,2,0,0,0,0,0,0,0.0,1,0,0,0,0,0,0,0,0,0
76,25,0,4,1,0,0,2,2,10,0.1371,1,1,0,0,1,0,1,1,1,1
28,12,8,2,0,0,0,0,1,0,0.0049,0,0,1,0,0,0,0,1,0,0
102,33,8,0,1,0,0,1,1,9,0.0864,1,0,0,0,0,0,0,0,2,1
29,23,0,2,0,0,0,0,0,0,0.0038,1,0,1,0,0,0,0,0,2,0
61,27,21,3,3,0,1,1,0,8,0.131,2,0,0,0,0,1,2,0,3,1
53,13,11,2,0,0,0,0,1,2,0.0431,1,0,1,0,0,0,0,0,0,0
31,21,7,3,0,0,0,0,0,1,0.0467,0,0,1,0,1,0,0,0,1,0
26,16,13,2,0,0,0,0,0,1,0.0373,0,0,1,0,0,0,0,0,0,0
31,13,8,2,0,0,0,0,1,1,0.0251,0,0,1,0,0,0,0,0,0,0
34,14,10,1,0,0,0,0,0,0,0.0,1,0,1,0,0,0,0,1,0,0
16,17,5,1,2,0,0,0,1,0,0.0,0,0,1,0,0,0,1,0,0,0
93,16,20,6,5,0,0,1,1,15,0.1611,3,0,0,0,0,0,1,0,1,1
89,17,25,6,2,0,0,1,3,14,0.1582,2,0,1,0,0,0,1,1,1,1
36,13,0,1,1,0,0,0,0,1,0.0269,0,0,1,0,0,0,0,0,1,0
38,18,0,2,2,0,0,0,0,1,0.0345,0,0,1,0,0,0,0,0,1,0
93,34,18,3,2,0,2,0,1,20,0.2159,1,0,0,0,0,0,5,1,5,1
17,26,32,3,1,0,0,1,0,3,0.1655,1,0,0,0,0,0,3,1,5,1
37,17,12,3,0,0,0,0,1,1,0.0267,2,0,1,0,0,0,1,0,1,0
35,19,11,2,0,0,0,0,0,0,0.0138,0,0,1,0,0,0,0,0,0,0
94,42,16,1,2,0,0,1,2,22,0.2326,3,0,0,0,0,0,3,0,5,1
71,22,19,6,3,0,0,0,1,4,0.0624,2,0,1,0,0,0,1,0,1,1
82,28,24,4,2,1,0,0,1,0,0.0,2,1,1,0,0,0,2,0,2,1
75,20,27,3,4,0,1,0,0,0,0.005,0,0,0,0,0,1,2,1,2,1
90,12,15,3,2,0,0,3,3,7,0.0795,1,1,1,0,0,0,1,1,2,1
65,23,35,4,2,0,0,0,2,10,0.1477,0,0,1,0,0,0,2,1,3,1
37,24,14,5,1,0,0,1,0,1,0.0188,1,0,0,0,0,0,1,1,2,1
68,26,40,5,3,0,1,0,2,8,0.1143,1,0,0,0,0,0,1,0,5,1
47,33,4,2,2,0,1,0,0,0,0.0,3,0,0,0,0,0,5,0,1,1
67,25,46,3,4,0,0,1,1,11,0.165,1,0,1,0,0,0,1,0,3,1
28,22,10,4,1,1,0,0,1,0,0.0074,1,1,0,0,0,1,1,1,6,1
110,19,37,2,4,0,0,0,1,4,0.0353,0,0,1,0,1,0,1,0,3,1
26,23,13,1,1,0,0,0,0,0,0.0129,0,0,1,0,0,0,0,0,1,0
39,10,7,4,2,0,1,1,0,1,0.0167,1,0,1,0,0,0,0,0,1,1
28,17,16,3,1,0,0,0,2,0,0.0,0,0,1,0,0,0,0,0,1,0
25,10,0,1,1,0,0,0,0,0,0.007,0,0,1,0,0,0,1,0,2,0
0,16,13,2,0,0,1,0,1,0,0.0629,0,0,1,0,0,0,0,0,2,0
94,16,32,2,1,0,0,0,0,15,0.1566,1,0,0,0,0,0,4,0,4,1
49,18,18,1,2,0,0,0,1,0,0.0,1,0,1,0,1,0,0,1,0,0
80,21,38,5,2,1,0,0,1,8,0.0991,2,0,0,0,0,0,3,0,1,1
14,14,11,2,0,0,0,0,0,0,0.0168,0,0,1,0,0,0,0,0,1,0
41,17,0,3,1,0,0,0,0,0,0.0055,1,0,1,0,0,0,0,0,0,0
28,13,9,2,0,0,0,0,0,0,0.0,0,0,1,0,0,0,0,0,1,0
45,20,9,3,3,0,1,0,0,3,0.0753,1,0,0,0,0,0,3,1,2,1
67,22,38,2,2,0,0,0,1,15,0.223,0,0,1,0,0,0,1,0,2,1
46,36,18,5,4,0,0,2,0,5,0.1025,2,0,1,0,0,1,2,0,3,1
46,8,23,2,1,0,1,0,1,1,0.0259,3,0,1,0,0,0,0,0,2,0
10,16,31,2,0,0,0,0,0,0,0.0258,0,0,1,0,0,0,0,0,0,0
62,24,44,4,1,0,1,3,0,9,0.1498,3,0,0,1,0,0,1,0,0,1
86,21,45,5,2,0,0,0,3,9,0.1024,1,1,0,1,0,0,3,0,2,1
30,11,7,1,0,0,0,0,0,0,0.0,0,0,0,0,0,0,0,0,1,0
38,20,4,2,0,0,0,0,0,0,0.0,0,0,1,0,0,0,2,0,3,0
38,19,32,3,3,0,0,1,1,6,0.1488,2,0,0,0,0,0,1,0,3,1
23,20,12,2,0,0,0,0,1,1,0.0641,2,0,1,0,0,0,0,0,0,0
37,16,17,2,1,0,0,0,2,0,0.0,0,0,1,0,0,0,1,0,0,0
21,7,15,1,0,0,0,0,1,1,0.0385,1,0,1,0,0,0,0,0,0,0
50,22,16,4,2,0,0,0,2,5,0.1068,1,0,0,0,0,1,1,0,3,1
84,25,19,7,3,0,2,0,0,6,0.0751,2,0,0,0,0,0,2,1,4,1
98,23,41,4,5,0,0,2,0,11,0.107,3,0,1,0,0,0,1,0,2,1
22,10,5,0,1,0,0,0,0,0,0.0,0,0,1,0,0,0,0,0,0,0
78,30,12,4,2,0,1,2,1,9,0.1091,2,0,1,0,0,0,1,1,0,1
117,26,32,2,0,1,1,0,1,10,0.0861,1,0,1,0,0,0,2,1,2,1
83,26,18,1,1,0,0,1,1,13,0.1539,2,0,0,1,1,0,4,0,1,1
46,16,4,2,0,0,0,0,0,0,0.0021,0,0,1,0,0,0,0,0,0,0
102,25,19,3,4,0,0,0,1,2,0.0187,2,0,1,0,0,0,4,0,3,1
96,17,19,1,2,0,0,0,0,17,0.1729,2,0,1,0,0,0,2,1,0,1
26,23,47,1,2,0,1,0,0,1,0.0485,0,0,1,0,0,0,0,0,1,0
34,18,14,2,0,0,0,0,0,0,0.0,0,0,1,0,0,0,0,0,0,0
3,17,10,2,0,0,1,0,0,0,0.0194,0,0,0,0,0,0,0,0,0,0
88,28,30,4,2,0,0,2,3,7,0.0789,3,0,0,0,0,1,0,0,1,1
24,15,7,1,0,0,0,0,0,1,0.0295,0,0,1,0,0,0,0,0,0,0
53,15,7,1,0,0,0,0,0,1,0.0237,1,0,1,0,1,0,0,0,1,0
78,14,18,6,3,0,0,0,2,16,0.1998,1,0,0,0,0,1,2,0,2,1
60,29,34,4,4,0,0,1,1,11,0.1888,1,0,0,0,1,0,1,0,2,1
63,27,35,2,6,0,0,0,1,7,0.112,1,1,1,0,0,0,0,0,2,1
48,20,4,3,0,0,0,0,2,2,0.0407,1,0,1,0,0,0,1,0,0,0
42,15,11,2,0,0,0,0,0,0,0.0,1,0,1,0,0,0,0,0,1,0
73,12,2,2,1,0,1,0,2,6,0.0851,3,0,0,0,0,0,2,1,1,1
41,18,5,3,0,0,0,0,0,1,0.0351,0,0,1,0,0,0,0,0,1,0
33,10,13,1,3,0,0,0,0,1,0.0281,0,0,1,0,0,0,0,0,1,0
45,18,7,1,0,0,1,0,0,1,0.0287,1,0,1,0,0,0,0,0,1,0
95,30,49,4,4,0,1,0,0,21,0.2176,1,0,1,1,0,0,4,0,2,1
73,20,23,4,2,0,1,0,1,7,0.097,2,0,0,0,0,0,0,0,3,1
68,20,31,3,2,0,0,2,1,8,0.1129,3,1,1,0,0,0,3,0,1,1
76,19,16,2,3,0,1,0,0,13,0.1737,1,0,0,0,0,0,2,0,3,1
77,18,0,4,2,0,0,0,1,10,0.132,2,0,1,0,0,0,1,1,2,1
73,31,27,2,2,0,1,1,0,17,0.2354,2,0,0,0,0,0,2,0,3,1
25,2,1,1,0,0,0,0,0,0,0.0167,0,0,1,0,0,0,0,0,2,0
74,15,8,4,2,0,0,0,0,14,0.187,3,0,0,0,0,0,0,0,1,1
24,16,13,1,1,0,0,0,0,1,0.0268,0,0,1,0,0,0,0,0,0,0
27,12,4,3,1,0,0,0,0,0,0.0024,0,0,1,0,0,0,0,0,0,0
85,32,21,3,3,0,1,1,1,8,0.0986,2,0,1,0,0,0,0,0,3,1
15,16,24,3,0,0,0,0,0,0,0.0,1,0,0,0,0,0,1,0,1,0
32,18,25,2,0,0,0,0,1,1,0.0318,0,0,1,0,0,0,0,0,0,0
58,26,35,2,3,0,1,1,3,6,0.1015,0,1,1,0,0,0,2,0,0,1
87,23,15,3,1,0,0,0,1,15,0.1755,0,0,1,0,0,0,1,1,1,1
45,12,33,2,1,0,0,0,0,1,0.0282,0,0,1,0,0,1,0,0,0,0
30,28,32,2,2,0,0,2,2,3,0.1169,0,0,1,1,0,0,0,1,0,1
49,14,13,1,2,0,0,0,0,3,0.0579,0,0,1,0,0,0,0,0,1,0
55,10,14,2,0,0,0,0,0,0,0.0039,0,0,1,0,0,0,1,0,0,0
68,21,26,4,1,0,0,0,0,8,0.1119,2,1,0,0,0,0,0,1,2,1
48,16,16,0,0,0,0,0,0,1,0.0134,0,0,1,0,0,0,0,0,0,0
77,35,51,2,2,0,1,0,0,12,0.1556,2,0,0,0,0,0,0,0,3,1
87,28,52,7,3,0,0,0,0,13,0.1465,3,0,1,0,0,0,1,0,0,1
42,25,10,2,0,0,0,0,0,1,0.0133,0,0,1,0,0,0,0,0,2,0
45,18,3,4,0,0,0,0,0,0,0.0,0,0,1,0,1,0,0,0,0,0
29,19,27,3,2,0,0,1,0,3,0.0928,2,0,1,0,0,0,1,1,5,1
113,42,29,1,2,1,2,1,1,10,0.0856,0,0,1,0,0,0,0,1,2,1
22,18,12,1,0,0,0,0,0,0,0.0,0,0,1,0,0,0,0,1,1,0
18,9,13,2,1,0,1,0,0,0,0.0,0,0,1,0,0,0,0,0,0,0
32,12,3,2,0,0,1,0,0,2,0.055,1,0,1,0,0,0,0,0,2,0
83,28,25,3,1,0,1,0,1,3,0.0384,2,0,0,0,0,0,2,1,2,1
32,24,24,2,0,0,0,0,3,6,0.1769,1,0,1,0,0,0,1,0,1,1
28,15,8,2,2,0,0,0,0,2,0.0581,0,0,1,0,0,0,0,0,1,0
78,29,29,4,2,0,0,0,0,7,0.0905,1,0,1,0,1,0,1,0,0,1
56,32,30,6,2,0,0,0,0,9,0.1575,1,0,1,0,1,1,4,0,2,1
82,11,40,6,4,0,1,1,0,7,0.0901,3,0,1,0,0,0,1,0,0,1
71,36,10,3,2,0,0,0,2,6,0.0857,2,0,1,0,0,0,3,1,3,1
14,21,35,3,1,0,0,1,2,1,0.0406,2,0,0,0,0,0,2,0,4,1
23,17,2,2,0,0,0,0,2,1,0.0519,0,0,1,0,0,0,0,0,0,0
122,14,65,0,0,0,2,0,0,15,0.1227,1,0,0,0,0,1,3,0,1,1
85,22,35,2,2,0,0,0,0,0,0.0,0,0,0,1,0,0,1,0,1,1
66,15,29,3,0,0,1,0,2,17,0.2548,2,0,1,0,0,0,2,1,4,1
86,24,43,4,1,0,0,0,0,4,0.0497,2,0,0,0,0,0,1,0,2,1
44,17,4,2,0,0,0,0,0,2,0.0359,0,0,1,0,0,0,0,0,1,0
46,21,17,1,0,0,0,0,1,0,0.0,0,0,1,0,0,0,0,0,0,0
95,21,53,3,2,0,0,1,0,17,0.1766,2,0,1,0,0,1,2,1,1,1
51,16,17,7,1,0,0,1,1,6,0.1184,0,0,1,0,0,0,2,0,2,1
77,29,6,3,2,0,1,0,2,14,0.1769,1,0,0,0,1,0,0,0,2,1
17,15,14,3,0,1,0,0,0,1,0.0378,1,0,1,0,0,0,0,0,0,0
28,11,3,2,0,0,0,0,0,1,0.0409,0,0,1,0,0,0,0,0,1,0
72,19,44,3,3,0,2,0,2,2,0.0282,1,0,0,0,0,1,2,0,2,1
49,43,29,3,2,0,0,0,2,4,0.0824,1,1,0,0,0,1,2,1,0,1
66,22,45,0,2,0,1,1,2,10,0.1507,1,0,1,0,0,0,2,0,4,1
62,18,0,2,4,0,1,2,3,6,0.1045,1,0,0,0,0,0,0,1,2,1
93,14,25,3,2,0,0,0,1,25,0.2725,0,1,0,0,0,0,3,1,0,1
83,31,28,1,2,0,0,0,1,19,0.2271,0,0,1,0,0,0,2,0,3,1
24,19,12,2,1,0,0,0,0,0,0.0,1,0,1,0,0,0,0,0,0,0
71,20,38,3,2,0,0,0,1,7,0.0918,1,0,1,0,1,0,2,0,1,1
53,14,2,2,0,0,0,0,0,0,0.0,2,0,1,0,0,0,0,0,0,0
9,12,8,2,1,0,0,0,0,1,0.0677,0,0,1,0,0,0,0,0,2,0
52,18,13,2,1,0,0,0,0,0,0.0,0,0,1,0,0,0,0,0,1,0
41,29,47,2,2,0,0,0,0,2,0.0577,2,0,0,0,0,0,5,0,2,1
113,14,22,3,1,1,2,2,0,5,0.0415,2,0,1,1,0,1,3,1,2,1
24,6,0,1,0,0,0,0,0,1,0.0527,1,0,1,0,0,0,0,0,1,0
26,25,45,3,3,1,0,0,0,4,0.1651,3,0,0,0,0,0,0,0,1,1
93,23,15,2,0,0,1,0,0,7,0.0722,2,0,0,0,0,0,1,1,3,1
90,35,28,2,0,0,1,1,5,10,0.1112,1,0,0,0,0,0,2,0,1,1
40,11,7,2,1,0,0,0,0,3,0.0709,0,0,1,0,0,0,0,0,1,0
30,20,10,2,1,0,0,0,0,0,0.0,3,0,1,0,0,0,0,0,2,0
78,11,26,6,3,0,0,2,2,13,0.1683,2,1,0,0,0,0,1,1,4,1
136,27,21,3,5,1,0,1,1,8,0.0597,0,1,0,0,0,0,4,0,1,1
64,11,44,4,3,0,1,0,1,1,0.0222,3,0,1,0,0,0,1,0,3,1
31,18,16,1,1,0,0,0,0,0,0.0,1,0,1,0,0,1,0,0,2,0
56,22,37,3,0,0,0,0,1,14,0.2469,0,0,1,0,0,0,1,1,1,1
62,29,31,6,2,0,0,0,1,13,0.2049,0,0,0,0,1,0,2,0,1,1
30,11,21,2,0,0,1,0,0,0,0.0039,2,0,1,0,0,0,0,0,0,0
69,30,35,5,1,0,1,1,1,7,0.099,0,0,1,1,0,0,2,1,5,1
66,27,41,6,3,0,1,0,1,12,0.1786,1,1,0,0,0,0,0,0,0,1
101,18,33,3,3,0,1,1,0,5,0.052,2,1,0,1,0,0,2,0,4,1
16,17,1,2,0,0,0,1,1,1,0.0389,0,0,0,0,0,0,0,0,0,0
89,32,49,4,1,0,2,1,1,16,0.1761,0,0,1,0,0,0,0,1,6,1
35,13,17,2,0,0,0,0,0,1,0.0345,0,0,1,0,0,0,1,0,1,0
15,9,23,1,0,0,0,0,1,1,0.0444,0,0,1,0,0,0,1,0,3,0
41,6,14,2,1,0,0,1,0,1,0.0255,0,0,1,0,0,0,1,1,1,0
25,17,5,2,0,0,0,0,1,1,0.0568,0,0,1,0,0,0,0,0,0,0
24,9,0,2,0,0,0,0,1,0,0.0,0,0,1,0,0,0,0,0,0,0
23,19,8,2,0,0,0,0,0,1,0.0579,0,0,1,0,0,0,0,0,0,0
25,5,5,2,1,0,0,0,0,0,0.0,0,0,1,0,0,0,0,0,1,0
42,22,17,5,3,0,0,1,0,3,0.0593,5,1,0,0,0,0,1,0,1,1
17,19,0,2,1,0,0,0,0,1,0.0429,0,0,1,0,0,0,0,0,2,0
71,24,17,4,1,0,1,0,1,2,0.031,1,1,0,0,1,1,4,0,3,1
39,26,0,1,1,0,0,0,1,4,0.1038,5,0,0,1,0,0,0,0,1,1
22,11,10,2,1,0,0,0,1,1,0.0288,0,0,1,0,0,0,0,0,0,0
30,10,9,2,0,0,0,0,0,1,0.0424,0,0,1,0,0,0,0,0,3,0
71,20,41,3,0,0,2,2,0,7,0.101,0,0,1,0,0,0,4,0,1,1
91,21,8,5,1,1,1,0,0,21,0.2261,1,0,1,0,0,0,1,1,4,1
32,18,21,2,0,0,0,0,1,2,0.0739,0,0,1,0,0,0,0,0,0,0
37,11,16,2,3,0,0,0,1,0,0.0,1,0,1,0,0,0,1,0,0,0
62,17,13,2,2,0,3,0,3,8,0.1235,1,0,1,0,1,0,3,0,2,1
82,25,8,3,3,1,0,0,1,3,0.0404,2,0,0,0,0,0,0,0,1,1
25,11,22,1,2,0,0,0,1,1,0.031,0,0,1,0,0,0,0,0,1,0
37,18,16,1,3,0,1,0,2,4,0.1189,1,0,1,0,0,0,0,1,2,1
37,23,26,4,1,0,0,0,0,6,0.1601,0,0,1,0,0,0,4,0,2,1
28,18,9,2,0,0,0,0,0,0,0.0058,0,0,0,0,0,0,0,0,0,0
84,23,21,7,2,0,1,0,0,0,0.0,0,0,0,0,0,1,0,1,0,1
30,15,8,1,1,0,0,0,2,0,0.0,0,0,1,0,0,0,0,0,3,0
36,21,8,1,0,0,0,0,1,0,0.0097,1,0,1,0,0,0,0,0,1,0
47,26,24,1,3,0,0,0,1,1,0.0236,1,0,1,0,0,0,0,0,0,1
103,26,1,2,3,0,1,1,2,8,0.0796,1,0,1,0,0,1,1,0,2,1
13,7,15,1,0,0,0,0,0,0,0.0056,0,0,1,0,0,0,0,0,0,0
30,4,14,2,0,0,0,0,0,1,0.031,0,0,1,0,0,0,0,0,1,0
45,33,59,3,0,0,1,1,1,9,0.2058,1,1,1,0,0,0,3,0,3,1
50,23,39,1,1,0,0,0,0,5,0.0991,0,1,0,0,0,0,3,1,0,1
36,30,41,6,7,0,1,0,1,6,0.1591,1,1,0,0,0,0,1,1,3,1
15,20,10,2,0,0,0,0,0,0,0.0,0,0,1,0,0,0,0,0,1,0
60,31,39,4,0,0,0,0,0,8,0.1345,1,0,1,0,0,0,5,1,6,1
32,4,9,1,0,0,0,0,0,3,0.0799,1,0,1,0,0,0,0,0,2,0
102,10,42,3,4,0,1,0,1,20,0.2008,2,1,0,0,1,0,3,0,2,1
86,38,2,1,2,0,1,0,3,9,0.1013,0,0,0,0,1,0,3,0,1,1
71,28,29,4,4,0,1,1,0,9,0.1201,2,1,0,0,0,0,1,0,2,1
106,11,55,3,3,1,0,1,1,1,0.0079,3,0,1,0,1,0,1,1,1,1
55,25,11,2,1,1,0,0,1,11,0.2026,0,0,0,0,0,0,3,1,4,1
0,35,35,3,1,0,1,0,0,0,0.0,0,1,0,0,1,0,1,0,3,1
42,22,28,4,3,0,0,0,0,2,0.0482,3,1,1,1,0,0,1,0,1,1
56,26,32,1,0,1,0,0,1,10,0.1778,2,0,1,0,0,0,0,0,0,1
107,26,50,1,2,0,1,0,1,29,0.2745,1,1,0,0,0,0,2,0,1,1
32,17,8,3,2,0,0,0,1,0,0.0,1,0,1,0,0,0,0,0,0,0
38,21,6,2,1,0,0,0,0,0,0.01,0,0,1,0,0,0,0,0,1,0
35,26,18,3,1,0,0,0,0,2,0.0505,0,0,1,0,0,0,0,0,0,0
100,15,56,2,1,0,0,1,0,4,0.0377,2,0,1,0,0,0,2,1,2,1
82,14,13,2,2,0,0,1,1,13,0.1531,2,0,0,0,0,0,1,0,1,1
73,26,23,2,4,0,1,0,0,17,0.2337,1,1,1,0,0,1,0,1,2,1
105,18,19,4,3,0,1,1,1,30,0.2864,1,0,0,0,0,0,1,0,1,1
59,23,25,5,3,0,0,1,0,2,0.0266,1,1,1,0,0,1,2,0,2,1
85,38,23,2,2,0,1,0,0,4,0.042,0,0,0,0,0,1,2,0,2,1
48,17,7,2,1,0,0,0,2,3,0.0684,0,0,1,0,0,0,0,0,0,0
29,18,7,2,0,0,0,0,0,1,0.029,0,0,1,0,0,0,0,0,1,0
69,15,51,3,3,0,1,0,1,6,0.0799,3,0,1,0,0,1,1,1,4,1
37,21,13,2,3,0,0,0,0,0,0.0024,1,0,1,0,0,0,0,0,0,0
13,12,5,2,1,0,0,0,0,0,0.0233,0,0,1,0,0,0,0,0,1,0
95,57,11,3,1,0,0,1,0,13,0.1321,0,1,0,0,0,0,3,0,0,1
36,14,20,2,1,0,0,1,1,2,0.0505,0,0,1,0,0,0,0,0,0,0
40,21,11,2,2,0,0,0,1,2,0.0458,2,0,1,0,0,1,0,0,2,0
87,32,16,4,3,0,0,0,0,15,0.1698,1,0,1,0,0,1,0,1,2,1
40,19,17,2,1,0,0,0,0,0,0.0049,0,0,1,0,0,0,0,0,0,0
27,21,8,3,1,0,0,1,0,1,0.0541,0,0,1,0,0,0,0,0,3,0
94,20,23,4,5,0,0,0,0,7,0.0743,3,0,1,1,0,1,1,0,1,1
47,17,6,2,0,0,0,1,0,1,0.0272,0,0,1,0,0,0,1,0,0,0
38,11,1,2,0,0,0,0,0,2,0.042,0,0,1,0,0,0,0,0,1,0
48,3,36,1,0,0,0,0,0,0,0.0,0,0,0,0,0,0,0,0,1,0
75,33,12,2,0,0,0,0,1,9,0.1209,0,1,0,0,0,0,0,0,1,1
30,23,0,1,2,0,0,0,0,0,0.0056,1,0,1,0,0,0,0,0,1,0
129,19,10,6,2,0,2,0,1,0,0.0,1,0,0,1,0,0,4,0,3,1
100,20,8,2,2,0,2,1,0,10,0.0966,0,0,0,0,0,0,1,0,1,1
70,37,31,3,3,0,0,0,0,0,0.0,0,1,1,0,0,0,2,0,2,1
84,16,0,0,2,0,0,0,0,14,0.1668,2,1,0,0,0,1,2,0,2,1
71,22,19,5,1,0,2,1,0,21,0.2891,1,0,1,0,0,0,1,1,2,1
67,0,29,3,4,0,0,0,1,9,0.1345,1,0,0,0,0,0,6,0,1,1
65,34,47,5,2,0,0,0,2,12,0.1844,1,1,0,0,0,0,3,1,2,1
50,19,9,2,0,0,0,0,0,0,0.0,0,0,1,0,0,0,1,0,1,0
50,20,18,3,0,0,0,2,1,0,0.0,2,0,0,0,0,0,1,0,1,1
22,9,9,2,0,0,0,0,1,0,0.0192,1,0,1,0,1,0,0,0,0,0
81,23,29,4,3,0,0,0,1,22,0.2676,2,0,0,0,0,0,3,0,4,1
91,31,11,4,1,1,1,0,1,12,0.1293,0,0,1,0,0,0,1,0,0,1
30,15,20,0,1,0,1,0,1,1,0.0497,0,0,1,0,0,0,0,0,1,0
42,20,40,3,2,1,1,0,1,6,0.1323,1,1,0,0,0,0,1,1,1,1
40,10,12,2,0,0,0,0,1,1,0.0278,0,0,1,0,0,0,0,0,2,0
123,33,12,3,3,0,0,1,1,11,0.0909,1,0,1,0,1,1,3,1,3,1
25,19,21,1,0,0,0,0,1,0,0.0,0,0,1,0,0,0,0,0,2,0
46,20,6,1,0,0,1,0,0,1,0.018,0,0,1,0,0,0,0,0,1,0
40,6,11,3,1,0,2,0,0,1,0.0372,1,0,0,0,0,0,2,1,0,1
33,17,21,0,0,0,0,0,0,1,0.0238,0,0,1,0,0,0,0,0,1,0
94,22,36,4,5,0,0,0,2,8,0.0812,2,0,1,0,0,1,2,1,2,1
81,23,50,3,2,0,2,1,2,11,0.1381,2,1,0,0,0,0,2,1,1,1
55,24,37,2,2,1,0,0,1,14,0.2454,1,0,0,0,0,1,1,0,0,1
48,14,8,2,1,0,0,0,0,2,0.0398,1,0,1,0,0,0,1,0,1,0
56,16,25,5,3,0,0,1,0,0,0.0,1,0,0,0,1,0,3,0,3,1
26,14,0,1,1,0,0,0,0,1,0.02,0,0,1,0,0,0,0,0,2,0
73,22,30,3,1,0,0,1,0,12,0.1586,1,0,0,0,0,1,2,0,3,1
15,22,12,3,1,0,0,0,0,0,0.0,0,0,1,0,0,0,0,0,2,0
11,8,11,1,1,0,0,0,0,0,0.0,0,0,1,0,0,0,1,0,1,0
48,32,27,6,7,0,1,3,4,11,0.2338,0,1,0,0,0,0,1,1,1,1
38,25,5,1,0,0,0,0,0,0,0.0065,0,0,1,0,0,0,0,0,1,0
33,21,0,3,0,0,0,0,0,1,0.0355,0,0,1,0,0,0,1,0,2,0
50,22,22,1,4,0,1,1,1,11,0.2128,6,0,1,0,0,0,3,0,1,1
36,16,13,2,0,0,0,0,2,0,0.0,0,0,1,0,0,0,0,0,0,0
61,18,32,4,0,0,0,0,1,5,0.0836,0,1,1,0,0,0,3,1,4,1
79,15,29,4,2,1,0,1,0,5,0.0635,0,0,1,0,0,0,1,0,4,1
39,6,21,2,0,0,0,0,0,0,0.0,0,0,1,0,0,0,0,0,1,0
66,24,63,3,1,0,1,1,3,19,0.2929,1,0,1,0,0,0,4,1,1,1
31,13,2,3,1,0,0,0,1,1,0.0373,0,0,1,0,0,0,0,0,0,0
114,32,0,0,3,0,0,0,2,3,0.0226,0,0,0,0,1,1,3,1,1,1
73,17,16,3,3,0,1,0,0,11,0.1436,2,0,1,0,0,0,0,1,0,1
29,28,15,4,1,0,1,0,0,2,0.0838,2,0,1,0,1,0,4,0,2,1
44,19,28,4,2,0,0,0,3,8,0.1784,1,1,1,0,0,1,2,1,2,1
19,33,75,2,2,0,0,2,0,0,0.0255,2,0,1,1,0,0,5,0,2,1
24,17,10,2,1,0,1,0,0,2,0.0648,0,0,1,0,0,0,0,0,0,0
64,24,24,5,1,0,0,1,1,1,0.0124,0,0,1,0,0,0,4,1,2,1
46,20,24,1,0,0,0,0,0,0,0.0,0,0,1,0,1,0,0,0,0,0
43,9,9,2,0,0,0,0,0,3,0.0694,2,0,1,0,0,0,0,0,0,0
49,19,7,0,0,0,0,0,1,0,0.006,0,0,1,0,0,0,0,0,0,0
54,34,39,3,2,1,0,1,1,2,0.0298,0,0,1,0,0,0,1,0,2,1
69,30,43,5,1,0,0,0,1,11,0.1627,0,1,1,0,0,1,0,0,5,1
31,13,21,3,0,0,0,0,2,2,0.057,1,0,1,0,0,0,1,0,0,0
76,18,32,3,3,0,0,1,2,5,0.07,3,0,0,0,0,0,2,1,1,1
66,18,33,2,2,0,0,1,1,5,0.0806,3,0,0,0,0,1,2,0,4,1
106,28,0,3,2,0,1,2,1,17,0.1562,2,0,1,0,0,0,2,1,5,1
98,5,17,4,2,0,0,0,2,28,0.2884,3,0,0,0,1,0,2,1,5,1
44,24,43,3,2,0,0,0,0,4,0.0936,0,0,0,0,0,1,2,1,4,1
42,30,0,4,0,0,0,0,0,0,0.0,5,0,0,0,0,0,1,0,0,1
59,21,16,3,2,0,0,0,1,4,0.0633,0,0,1,0,0,0,0,0,2,1
38,19,18,2,0,0,0,0,0,2,0.0456,0,0,1,0,0,0,0,0,1,0
68,4,2,3,0,0,0,0,0,2,0.031,1,0,1,0,0,0,0,0,0,0
1,10,26,2,1,0,0,0,1,0,0.0317,1,0,1,0,0,0,0,0,0,0
107,20,6,1,6,0,0,1,3,30,0.277,3,0,1,0,1,0,0,1,1,1
82,18,3,1,5,1,1,0,0,21,0.2557,2,0,0,0,0,0,4,1,2,1
33,16,10,1,1,0,0,0,0,1,0.0264,0,0,1,0,0,0,0,0,2,0
20,23,22,1,0,0,0,0,0,1,0.0552,0,0,1,0,0,0,0,0,1,0
17,20,13,3,1,0,0,0,1,0,0.0131,1,0,1,0,0,0,0,0,1,0
55,26,32,3,2,0,3,1,0,7,0.1214,2,1,0,0,0,0,1,0,6,1
106,21,34,2,0,0,1,0,2,20,0.1837,0,1,0,0,0,0,1,1,5,1
39,15,8,1,2,0,0,0,0,2,0.0611,0,0,0,0,0,0,0,1,3,0
79,23,26,5,2,0,0,0,0,0,0.0053,2,1,0,0,0,0,1,1,0,1
74,12,17,3,4,0,1,0,0,11,0.1472,1,0,1,0,0,0,4,1,2,1
58,17,23,4,3,0,1,2,0,0,0.0057,1,0,1,0,0,1,2,0,4,1
109,27,51,7,3,0,1,0,0,10,0.092,2,0,0,0,0,0,1,0,3,1
30,18,3,1,1,0,0,0,0,2,0.0599,0,0,1,0,0,0,1,0,0,0
39,17,13,2,0,0,0,0,0,1,0.0139,0,0,1,0,0,1,0,0,2,0
33,11,14,1,1,0,0,0,0,2,0.0523,1,0,1,0,0,0,0,0,0,0
30,22,7,2,0,0,0,0,0,1,0.0206,0,0,1,0,0,0,0,0,1,0
91,24,50,5,3,0,2,0,0,9,0.0937,0,0,0,0,0,1,3,0,3,1
55,16,10,2,1,0,0,0,0,0,0.0,0,0,1,0,0,0,0,0,1,0
55,13,24,2,4,0,0,1,2,10,0.1724,1,0,1,0,0,0,0,0,3,1
13,13,4,2,0,0,0,0,0,0,0.0,0,0,1,0,0,0,0,0,0,0
54,16,17,2,3,0,1,1,2,4,0.0798,3,0,1,0,0,0,2,0,1,1
9,19,4,2,1,0,0,0,0,0,0.0246,0,0,1,0,0,0,0,0,0,0
32,14,5,1,0,0,0,0,0,0,0.0,0,0,1,0,0,0,0,0,3,0
85,19,23,2,1,0,0,1,1,21,0.2477,3,0,0,1,0,1,2,0,4,1
28,11,17,2,1,0,0,0,1,2,0.0882,0,0,1,0,0,1,0,0,0,0
111,17,41,2,5,0,2,1,0,12,0.1043,0,0,1,0,0,0,0,1,0,1
68,25,51,4,2,0,0,0,0,5,0.0757,1,0,0,0,0,0,2,0,1,1
68,24,31,1,1,0,1,1,0,20,0.2956,1,0,1,0,0,0,0,0,3,1
79,30,16,4,0,1,0,0,2,1,0.0184,1,0,1,0,0,0,3,1,1,1
11,14,0,3,1,0,0,0,0,0,0.0193,2,0,1,0,0,0,0,0,2,0
7,6,13,3,0,0,0,0,0,0,0.0051,1,0,1,0,0,0,0,0,0,0
28,19,27,4,3,0,1,0,0,5,0.16,2,0,0,0,0,0,1,0,3,1
56,32,51,6,1,0,1,2,2,10,0.1792,1,1,0,0,0,0,3,0,1,1
60,16,29,4,4,0,1,2,0,13,0.2187,0,0,0,0,0,0,5,0,3,1
25,8,0,2,1,0,0,0,0,0,0.0079,0,0,1,0,0,0,0,0,2,0
93,23,31,2,3,0,0,1,0,4,0.0408,0,0,0,0,0,0,2,1,0,1
49,10,3,2,0,0,0,0,0,3,0.0698,0,0,1,0,0,0,0,0,1,0
66,7,38,2,5,1,2,0,3,12,0.1839,1,0,0,0,0,0,1,1,4,1
129,21,31,3,1,0,1,0,1,0,0.0,4,0,1,0,0,0,1,1,1,1
15,17,11,2,1,0,0,1,0,0,0.0,2,1,1,0,0,0,0,0,0,0
91,41,0,4,2,0,2,0,1,2,0.0253,0,1,0,0,0,0,4,0,0,1
28,26,16,3,0,0,0,0,1,1,0.0489,0,0,1,0,0,0,1,0,0,0
36,12,12,1,0,0,0,0,0,0,0.0,1,0,1,0,0,0,0,0,0,0
101,20,43,3,1,0,0,1,1,17,0.1656,0,0,0,0,1,1,1,1,2,1
109,43,10,5,2,0,2,2,1,30,0.2758,1,1,1,0,0,1,1,1,0,1
96,42,24,3,1,0,0,0,1,15,0.1598,2,0,1,0,0,0,1,0,3,1
45,20,31,7,1,0,0,2,1,0,0.0,1,0,1,0,0,0,3,0,4,1
90,17,29,3,3,1,0,0,2,0,0.0,0,0,0,0,0,0,1,1,3,1
22,20,14,1,1,0,1,0,0,1,0.0526,0,0,1,0,1,0,0,0,0,0
53,14,13,3,1,0,0,2,2,7,0.1238,0,1,0,0,0,0,4,1,3,1
84,35,35,2,1,1,0,1,1,5,0.0649,1,0,1,0,0,0,1,0,2,1
27,13,9,2,0,0,0,0,1,2,0.0581,0,0,1,0,0,0,0,0,3,0
38,21,17,2,0,0,0,0,0,2,0.0529,1,0,0,0,0,0,0,0,1,0
42,20,6,1,1,0,0,0,1,2,0.0392,0,0,0,0,0,0,0,0,1,0
11,13,20,1,1,0,0,0,0,0,0.0098,1,0,1,0,0,0,0,0,1,0
52,18,48,2,0,0,0,0,4,10,0.1855,2,0,0,0,0,0,2,1,2,1
32,16,20,5,0,0,1,0,1,0,0.0,3,0,1,0,0,0,5,0,1,1
63,31,29,6,2,0,0,1,3,8,0.1264,2,1,0,0,0,0,3,0,3,1
42,10,16,2,1,0,0,0,0,0,0.0059,0,0,1,0,0,1,0,0,0,0
9,19,8,2,0,0,0,0,0,0,0.0,0,0,1,0,0,0,1,0,1,0
27,24,13,3,1,0,0,0,0,2,0.0728,1,0,1,0,0,0,0,0,1,0
23,16,8,1,0,0,1,0,0,2,0.0893,1,0,1,0,0,0,0,0,1,0
72,23,10,3,2,0,1,0,1,2,0.0302,0,0,0,0,0,0,3,0,2,1
90,24,45,2,2,0,0,0,2,6,0.0697,2,1,1,0,0,0,0,1,2,1
35,13,0,2,1,0,0,1,0,0,0.0,0,0,1,0,0,0,0,0,0,0
64,21,14,5,3,0,1,1,1,3,0.0507,0,0,0,0,0,0,0,0,3,1
28,11,14,2,0,0,0,0,0,0,0.0,1,0,1,0,0,0,0,0,1,0
89,25,49,0,1,0,0,0,0,16,0.1836,2,0,0,0,0,0,1,0,4,1
13,4,0,2,1,0,0,0,1,0,0.0374,0,0,1,0,0,0,0,0,0,0
82,16,54,2,4,0,0,0,1,5,0.0557,0,0,0,0,0,1,0,1,1,1
36,15,17,2,0,0,0,0,1,2,0.055,1,0,1,0,0,0,0,0,0,0
9,15,19,0,1,0,0,0,1,0,0.0242,1,0,1,0,0,0,0,0,0,0
77,21,72,1,3,1,0,0,3,0,0.0,2,0,0,0,0,0,0,0,1,1
25,8,0,2,0,0,1,0,1,2,0.0647,3,0,1,0,0,0,0,1,0,0
30,26,2,3,2,0,0,0,0,1,0.0298,0,0,1,0,0,0,0,0,1,0
77,18,28,4,0,0,0,1,1,14,0.18,3,0,0,0,0,0,0,0,1,1
24,5,5,1,0,0,1,0,0,0,0.0135,0,0,1,0,0,0,0,0,0,0
38,10,10,2,1,0,0,0,0,1,0.0174,1,0,1,0,0,0,0,0,1,0
85,22,30,3,4,1,0,0,2,19,0.2302,1,0,0,0,0,0,2,0,6,1
61,33,40,3,2,0,0,1,0,0,0.0,1,1,0,0,0,0,4,0,1,1
38,9,11,1,0,0,0,0,0,1,0.0302,0,0,1,0,0,0,0,0,0,0
26,20,10,2,0,0,0,0,0,2,0.0689,1,0,1,0,0,0,0,0,0,0
30,13,11,2,0,0,2,0,0,0,0.0,0,0,1,0,0,0,0,0,1,0
17,16,6,3,0,0,0,0,0,1,0.0528,0,0,1,0,0,0,0,0,1,0
18,8,20,1,0,0,0,0,0,0,0.0,1,0,1,0,0,0,0,0,0,0
62,20,46,0,3,0,2,0,3,15,0.2351,1,0,1,0,0,0,4,0,0,1
31,18,0,2,0,0,0,0,1,0,0.0065,1,0,1,0,0,0,0,0,1,0
14,14,20,2,1,0,1,0,1,0,0.0338,1,0,1,0,0,0,0,0,0,0
99,17,14,2,0,1,0,0,2,0,0.0,3,1,0,0,0,0,2,1,2,1
44,38,41,4,1,0,0,0,0,0,0.0,1,0,0,0,0,1,3,0,3,1
94,29,16,5,2,0,0,2,1,0,0.0,1,0,0,0,0,0,2,0,6,1
35,14,17,2,0,0,0,0,0,1,0.0153,2,0,1,0,0,0,0,0,3,0
73,39,3,3,4,0,0,0,1,8,0.1082,0,0,1,0,0,0,3,1,4,1
65,41,49,1,2,0,1,0,0,11,0.1693,1,0,0,0,0,1,1,0,2,1
66,24,12,3,3,0,0,0,0,10,0.1572,4,0,0,0,1,0,2,1,0,1
30,14,13,2,1,0,0,0,3,0,0.0,1,0,1,0,0,0,0,0,0,0
34,16,19,2,1,0,0,0,0,1,0.0207,1,0,1,0,0,0,1,0,0,0
6,10,37,5,1,0,1,1,2,0,0.0667,3,0,0,0,1,0,2,0,3,1
15,16,9,1,1,0,0,0,1,0,0.0,0,0,1,0,0,0,0,0,0,0
71,23,53,5,0,0,1,0,2,6,0.0836,3,0,1,0,0,0,1,1,3,1
78,23,80,4,5,0,0,0,1,5,0.0652,0,0,1,0,0,0,4,1,3,1
83,23,22,3,2,0,0,0,1,25,0.3017,0,0,0,0,0,1,3,0,8,1
45,11,13,2,0,0,0,0,0,1,0.0237,1,0,1,0,0,0,0,0,1,0
45,15,20,2,0,0,0,0,0,0,0.0,0,0,1,0,0,0,2,0,3,0
134,26,50,4,2,0,0,0,1,12,0.0913,3,0,1,0,0,0,3,0,0,1
32,15,0,2,1,0,0,0,0,1,0.0448,0,0,1,0,0,0,0,0,0,0
60,23,38,4,2,0,1,0,0,2,0.0345,1,1,0,0,0,0,1,1,1,1
62,37,18,1,2,0,0,1,1,3,0.0503,2,0,0,0,0,0,2,1,4,1
64,30,19,5,0,0,0,0,1,11,0.1645,1,0,1,0,0,0,1,1,2,1
53,18,19,1,0,0,0,0,0,0,0.0074,0,0,1,0,0,0,0,0,1,0
88,30,44,3,2,0,1,0,0,10,0.1113,0,0,0,1,1,0,4,0,2,1
16,12,8,2,0,0,0,0,0,0,0.0175,0,0,1,0,0,0,0,0,0,0
54,5,0,1,0,0,0,1,1,0,0.0063,0,0,1,0,0,0,1,0,3,0
87,23,39,3,3,0,2,0,0,8,0.0897,2,0,0,0,0,0,1,1,2,1
43,16,5,1,0,0,0,0,0,2,0.0435,0,0,1,0,0,0,0,0,0,0
23,14,9,3,1,0,0,0,0,0,0.0,0,0,1,0,0,0,0,0,2,0
14,15,26,2,0,0,0,0,0,1,0.0716,0,0,1,0,0,0,1,0,1,0
49,11,17,7,3,0,0,1,0,1,0.02,0,1,0,0,0,0,2,1,0,1
104,15,26,3,3,0,1,0,3,21,0.1996,1,0,0,0,0,0,1,0,2,1
37,21,5,1,0,0,0,0,0,0,0.0082,0,0,1,0,0,0,1,0,1,0
60,28,9,3,2,0,0,0,1,14,0.2321,5,0,1,0,0,0,3,0,1,1
62,25,15,5,2,0,0,2,0,8,0.1248,2,1,1,0,0,0,1,0,5,1
103,31,17,4,3,0,0,1,1,4,0.034,2,0,0,0,0,0,0,0,3,1
24,15,0,3,0,0,0,0,0,0,0.0148,1,0,1,0,0,0,0,0,1,0
34,17,12,1,0,0,0,0,1,1,0.0168,1,0,1,0,0,0,0,0,1,0
38,20,12,2,0,0,0,0,0,2,0.0534,0,0,1,0,0,0,0,0,0,0
15,18,3,1,3,0,0,0,0,0,0.027,0,0,1,0,0,1,1,0,0,0
75,14,56,1,4,0,1,0,1,12,0.1576,2,0,1,0,0,0,2,0,1,1
73,27,29,1,2,0,0,0,1,13,0.1781,4,0,0,0,0,0,2,0,5,1
34,14,5,2,1,0,0,0,0,2,0.048,0,0,1,0,0,0,0,0,1,0
57,35,31,2,1,0,1,0,0,10,0.1721,1,1,1,0,1,1,3,0,1,1
30,13,10,2,1,0,0,0,1,1,0.0445,0,0,1,0,0,0,0,0,2,0
16,20,22,4,3,0,1,1,4,4,0.2507,1,0,0,0,1,0,1,0,1,1
103,26,25,3,0,0,0,0,1,11,0.1109,2,1,1,0,0,0,1,1,4,1
28,14,15,1,0,0,0,0,0,0,0.0,1,0,1,0,0,0,0,0,1,0
87,2,23,2,1,0,0,0,1,2,0.0175,2,0,1,0,0,0,1,0,2,1
28,19,6,2,1,0,0,0,2,0,0.018,0,0,0,0,0,0,0,0,0,0
13,20,6,3,1,0,0,0,1,0,0.0,0,0,1,0,0,0,0,0,0,0
25,20,0,3,0,0,0,1,0,0,0.0173,2,0,1,0,0,0,1,0,0,0
24,17,1,1,1,0,0,0,0,0,0.0048,1,0,1,0,0,0,0,0,2,0
31,14,21,1,0,0,0,0,1,2,0.0517,0,0,1,0,0,0,0,0,2,0
45,22,19,1,1,0,1,0,2,0,0.0054,0,0,1,0,0,0,0,0,2,0
13,15,19,3,4,0,0,0,1,1,0.086,2,1,0,0,0,0,2,1,0,1
59,17,16,3,0,0,1,0,0,0,0.0057,0,0,1,0,0,0,0,0,0,0
61,27,13,4,0,0,1,1,0,6,0.1005,4,0,1,0,0,0,2,0,2,1
24,15,22,2,0,0,0,0,0,0,0.0164,0,0,1,0,0,0,0,0,0,0
76,39,38,0,5,0,0,0,1,16,0.2078,1,0,0,0,0,0,3,1,2,1
59,19,12,4,1,0,1,0,0,13,0.2217,0,0,1,0,0,1,1,0,1,1
84,23,39,2,2,0,0,1,2,3,0.0341,3,0,1,0,0,0,0,0,2,1
32,15,15,2,0,0,0,0,0,1,0.0445,2,0,1,0,0,0,0,0,1,0
33,13,9,1,0,0,0,0,0,1,0.021,1,0,1,0,0,0,0,0,1,0
94,24,36,3,0,0,0,0,0,7,0.0741,0,0,0,0,0,0,0,0,5,1
18,20,19,2,1,0,0,0,0,1,0.0366,0,0,1,0,0,0,0,0,0,0
40,20,34,3,3,0,0,0,3,6,0.14,0,1,1,0,0,0,2,1,2,1
117,25,27,2,2,0,2,0,1,28,0.2374,6,0,0,0,1,0,3,0,0,1
71,36,50,4,1,0,0,0,1,11,0.1528,1,0,1,0,0,0,2,0,0,1
20,21,16,5,2,0,1,2,0,2,0.0736,1,0,1,0,0,0,2,0,1,1
61,28,28,3,3,0,1,0,0,0,0.0,2,0,0,1,0,0,2,1,3,1
38,14,10,2,0,0,0,0,0,3,0.0838,0,0,1,0,0,0,0,0,0,0
57,28,14,5,3,0,0,1,3,5,0.0877,1,1,1,0,1,1,0,1,0,1
46,11,33,2,5,0,0,1,0,1,0.0118,2,0,0,0,1,0,2,0,1,1
54,0,20,3,1,0,0,0,0,0,0.0,2,0,1,0,0,1,0,0,1,0
91,27,44,3,5,0,1,0,1,14,0.1553,3,0,1,0,0,0,5,0,3,1
24,8,8,3,1,0,0,0,2,0,0.0004,0,0,1,0,0,1,0,0,0,0
43,18,16,2,1,0,0,0,0,3,0.0659,2,0,1,0,0,0,0,0,0,0
71,25,22,3,3,0,0,2,0,11,0.1528,0,0,0,0,1,0,2,1,3,1
74,25,41,4,2,0,1,0,1,0,0.0,0,0,1,0,0,0,1,0,1,1
96,21,27,3,5,0,0,0,1,8,0.0837,1,0,1,0,1,0,0,1,0,1
40,11,3,1,0,0,0,0,0,0,0.0,1,0,1,0,0,0,0,0,0,0
49,10,30,3,4,0,1,1,2,5,0.1031,0,0,0,0,0,0,1,0,1,1
36,9,12,3,0,0,0,0,1,2,0.0651,0,0,1,0,0,0,0,0,1,0
73,26,7,5,1,0,0,0,0,0,0.0,2,0,1,0,0,0,1,1,0,1
54,18,27,2,4,0,0,0,2,5,0.0861,1,0,1,0,1,0,1,1,0,1
67,34,28,4,1,0,1,0,0,9,0.1373,3,0,0,0,0,0,2,1,1,1
12,31,29,4,2,1,0,1,2,2,0.1466,2,0,1,1,1,1,0,1,2,1
76,22,0,3,4,1,1,0,1,11,0.1479,1,1,0,0,0,0,2,0,2,1
30,10,0,1,0,0,0,0,0,2,0.0584,0,0,1,0,0,0,0,0,2,0
76,27,39,3,0,0,2,0,0,13,0.168,0,1,0,0,0,1,0,0,0,1
74,9,38,4,0,0,1,1,1,12,0.158,1,1,1,0,0,1,2,0,1,1
32,35,52,3,2,0,0,0,0,9,0.2638,1,0,0,0,0,0,2,0,4,1
25,19,10,3,0,0,0,0,0,0,0.0,0,0,1,0,0,0,1,0,1,0
75,16,38,3,3,0,0,0,1,11,0.1426,5,0,1,0,0,0,2,1,2,1
45,13,21,3,2,0,0,0,2,1,0.0233,0,0,1,0,0,0,1,0,0,0
29,15,23,2,0,0,0,0,0,2,0.0637,1,0,1,0,0,0,0,0,3,0
69,37,14,3,3,1,1,0,0,14,0.2107,0,1,0,0,1,1,1,1,1,1
46,20,22,1,0,0,1,1,0,0,0.0,2,0,0,0,0,1,2,1,2,1
70,28,21,4,1,0,0,1,1,9,0.1361,0,1,0,0,0,0,8,1,1,1
63,7,11,2,0,0,0,0,0,2,0.0295,0,0,0,0,0,0,0,1,1,0
36,21,0,2,0,0,0,0,1,0,0.0121,4,0,1,0,0,0,0,0,1,0
24,27,13,1,0,0,0,0,0,1,0.0407,0,0,1,0,0,0,0,0,0,0
53,19,14,3,0,0,0,0,0,2,0.0414,0,0,1,0,0,0,1,0,0,0
33,18,2,3,0,0,0,0,0,1,0.0193,0,0,1,0,0,0,0,0,2,0
15,13,8,1,0,0,0,0,0,0,0.0133,0,0,1,0,0,0,1,0,0,0
25,22,11,1,1,0,0,0,0,0,0.0031,0,0,1,0,0,0,0,0,1,0
66,25,46,3,3,0,0,1,0,9,0.1294,3,0,0,0,0,0,2,1,2,1
22,10,14,2,0,0,0,0,0,0,0.0037,1,0,1,0,0,0,1,0,1,0
100,25,50,5,2,0,0,0,3,10,0.098,0,1,1,1,0,0,2,0,0,1
32,26,5,1,0,1,0,0,1,1,0.033,1,0,1,0,0,0,0,0,3,0
75,0,13,4,2,0,0,1,2,0,0.0026,1,0,0,1,0,0,2,0,2,1
46,14,18,3,1,0,0,0,0,1,0.025,0,0,0,0,0,0,0,0,0,0
91,17,32,5,0,0,1,2,0,17,0.1846,2,1,0,0,0,1,1,0,3,1
33,3,0,2,1,0,0,0,1,1,0.0196,0,0,1,0,0,0,0,0,0,0
20,25,14,3,0,0,1,0,0,2,0.0743,0,0,1,0,0,1,0,0,1,0
38,16,19,1,2,0,0,0,2,1,0.025,0,0,1,0,0,0,0,0,0,0
44,17,19,2,1,0,0,0,0,2,0.0495,0,0,1,0,0,0,0,0,0,0
20,6,18,3,2,0,0,0,0,1,0.0336,1,0,1,0,0,0,0,0,1,0
44,17,28,0,3,0,2,2,0,7,0.1495,2,1,0,0,1,0,1,0,2,1
27,17,0,1,0,0,0,0,0,2,0.0627,0,0,1,0,0,0,1,0,0,0
29,19,6,2,0,0,1,0,0,0,0.0148,1,0,1,0,0,0,0,0,0,0
51,16,8,3,0,0,0,0,0,2,0.0347,0,0,1,0,0,0,0,0,1,0
47,19,0,2,3,0,0,0,1,2,0.041,2,0,1,0,0,0,1,1,2,1
70,22,9,4,1,0,0,1,0,6,0.0901,0,0,0,1,0,0,1,1,6,1
86,27,23,4,0,0,2,0,0,0,0.0,0,1,1,0,1,0,3,1,5,1
41,15,7,2,1,0,0,0,0,1,0.0178,0,0,1,0,0,0,1,0,0,0
66,27,45,3,3,0,2,0,0,4,0.0625,1,1,0,0,0,1,2,0,1,1
52,12,11,1,0,0,0,0,0,4,0.0812,0,0,1,0,0,0,1,0,0,0
60,40,51,2,2,0,1,0,2,9,0.1499,1,0,1,0,1,1,3,1,3,1
35,33,39,3,2,0,0,2,3,4,0.1134,1,0,1,0,0,0,4,1,4,1
72,27,47,3,0,0,3,0,0,4,0.0595,3,0,0,0,0,1,1,0,1,1
38,24,15,4,1,0,0,0,1,9,0.2401,1,1,1,0,0,1,3,1,5,1
49,17,26,3,1,0,1,1,2,5,0.0991,1,0,1,0,0,0,4,0,6,1
65,25,14,3,1,0,1,0,0,11,0.1648,1,0,1,0,0,0,2,1,2,1
51,11,9,2,0,0,0,0,1,1,0.0182,1,0,1,0,0,0,0,0,0,0
77,8,13,2,2,0,0,1,0,4,0.0547,3,0,0,0,0,0,0,1,2,1
111,31,1,0,4,0,1,0,0,2,0.0184,3,1,0,0,0,0,1,1,2,1
21,10,16,3,0,0,0,0,0,0,0.0201,0,0,1,0,0,0,0,1,1,0
40,16,7,3,0,0,0,0,0,0,0.0,1,0,1,0,0,0,0,1,2,0
78,17,39,3,4,0,1,0,4,13,0.1659,5,0,1,0,0,0,2,1,1,1
45,28,25,3,1,0,3,0,2,9,0.1922,1,0,0,0,0,0,1,0,3,1
26,8,20,1,1,0,0,0,0,0,0.0,0,0,1,0,0,0,1,1,1,0
36,13,1,2,1,0,0,0,1,2,0.0424,0,0,1,0,0,0,0,0,1,0
35,15,13,2,1,0,0,0,0,2,0.0667,1,0,1,0,0,0,0,0,1,0
83,35,24,4,2,0,0,1,0,14,0.1721,3,0,0,0,0,0,1,0,1,1
67,37,33,4,3,0,1,1,1,11,0.1574,2,0,0,0,0,0,1,1,3,1
23,16,14,1,1,0,0,0,0,1,0.0345,1,0,1,0,0,0,0,0,0,0
35,18,22,2,1,0,1,0,0,1,0.0339,1,0,1,1,0,0,0,0,2,0
65,20,24,3,3,0,0,0,1,0,0.0,0,1,1,0,1,0,2,1,0,1
61,26,29,1,5,0,0,0,0,7,0.1174,0,1,0,0,0,0,0,0,0,1
29,7,23,0,3,0,0,0,1,0,0.0,0,0,1,0,0,0,0,0,0,0
80,35,33,4,0,0,0,0,0,6,0.0775,2,0,0,0,0,0,1,0,3,1
44,22,8,2,4,0,0,0,1,2,0.0348,2,0,0,0,0,0,1,0,1,1
41,4,15,2,0,0,0,0,1,1,0.0239,0,0,1,0,0,0,0,0,1,0
35,8,0,3,1,0,0,0,0,1,0.0284,0,0,1,0,1,0,0,0,1,0
24,16,19,2,0,0,0,0,0,0,0.0001,1,0,1,0,0,0,0,0,2,0
31,15,0,3,2,0,0,0,0,2,0.0548,1,0,1,0,0,0,0,0,0,0
36,17,13,2,0,0,0,0,0,1,0.026,0,0,1,0,0,0,0,0,2,0
21,17,4,2,1,0,0,0,0,0,0.0156,1,0,1,0,0,0,0,0,1,0
104,14,53,2,1,0,2,1,1,16,0.1562,1,0,0,0,1,0,3,1,2,1
22,5,26,2,0,0,0,0,0,0,0.0144,0,0,1,0,0,0,0,0,0,0
27,10,10,3,0,0,0,0,0,1,0.0367,0,0,0,0,0,0,1,0,1,0
16,14,0,2,0,0,0,0,0,1,0.0749,1,0,0,0,1,0,0,0,3,0
36,10,44,5,2,0,0,0,2,11,0.3008,1,0,0,0,0,0,0,0,1,1
57,16,9,5,2,1,1,1,1,8,0.135,0,0,1,0,0,0,2,1,0,1
41,13,2,2,0,0,0,0,0,0,0.0,1,0,1,0,0,0,1,0,0,0
43,8,4,2,0,0,0,0,1,2,0.0384,2,0,1,0,0,0,1,0,0,0
40,25,44,1,3,0,0,0,0,2,0.0592,2,0,1,0,0,0,2,0,0,1
39,22,10,3,0,0,0,0,0,1,0.0154,0,0,1,0,0,0,0,0,1,0
6,39,57,4,1,0,2,0,0,1,0.2194,3,0,0,0,0,0,2,0,2,1
39,14,3,2,0,0,0,0,1,1,0.0246,1,0,1,0,0,0,0,0,0,0
33,14,13,2,1,0,0,0,0,2,0.0564,0,0,1,0,0,0,0,0,1,0
6,12,0,1,0,0,0,0,0,0,0.0109,0,0,1,1,0,0,0,0,0,0
39,29,22,2,0,0,0,0,0,0,0.0,2,0,0,0,0,0,1,1,1,0
74,20,28,4,1,0,2,0,1,18,0.2501,1,0,0,1,0,0,1,1,2,1
86,32,4,4,2,0,0,0,1,12,0.1382,0,0,0,0,0,0,1,0,4,1
82,29,42,4,4,0,0,0,1,12,0.1475,1,0,0,0,1,0,3,0,1,1
37,17,0,2,0,0,0,0,1,1,0.0394,0,0,0,0,0,0,0,0,0,0
58,23,20,5,2,0,1,1,2,7,0.1235,1,0,1,0,0,0,1,1,2,1
29,19,0,2,0,0,1,0,0,0,0.0,0,0,1,0,0,0,0,0,2,0
67,36,10,5,1,0,0,0,0,7,0.098,0,0,0,0,0,1,3,1,3,1
25,11,12,2,0,0,0,0,0,1,0.0284,1,0,0,0,0,0,0,0,2,0
42,27,11,4,2,0,0,0,1,5,0.1165,1,0,0,0,0,0,6,1,3,1
37,10,9,1,0,0,0,0,0,2,0.0578,0,0,1,0,0,0,0,0,0,0
78,9,37,3,4,0,0,1,0,9,0.1162,2,1,0,0,0,1,4,1,5,1
42,19,45,3,1,0,1,0,1,2,0.0384,1,0,1,0,0,0,1,1,1,1
37,19,8,2,0,0,0,1,0,1,0.0173,0,0,1,0,0,0,0,0,0,0
52,23,4,4,3,0,0,1,0,6,0.1198,2,1,1,0,0,0,4,1,3,1
75,24,38,4,5,1,0,0,1,21,0.2848,1,1,1,0,0,0,1,1,0,1
34,12,16,1,0,0,0,0,1,1,0.0175,0,0,1,0,0,0,0,0,1,0
28,25,17,1,0,0,0,0,0,2,0.0679,0,0,1,0,0,0,0,0,0,0
17,16,12,3,0,0,0,0,0,1,0.0434,0,0,1,0,0,0,0,0,0,0
62,21,3,2,2,0,0,0,3,3,0.0434,1,0,1,0,1,0,2,1,3,1
25,18,13,2,2,0,0,0,0,1,0.0565,0,0,1,0,0,0,0,0,1,0
68,31,31,5,3,0,1,1,1,15,0.2186,0,0,0,0,0,0,0,1,1,1
35,16,13,2,0,0,1,0,0,1,0.0372,0,0,1,0,0,0,0,0,0,0
43,18,2,0,0,0,0,0,0,0,0.0035,1,0,1,0,0,0,0,0,2,0
62,24,17,2,0,0,0,0,0,1,0.0213,1,0,0,0,0,0,1,1,3,0
55,25,40,0,1,0,0,1,2,9,0.1683,1,0,1,0,0,0,3,0,2,1
31,13,8,2,1,0,0,0,0,1,0.0266,1,0,1,0,0,0,1,0,3,0
80,26,12,1,3,0,2,2,1,5,0.0585,3,0,0,0,0,0,0,1,4,1
55,25,43,2,1,0,0,1,1,3,0.0612,1,0,1,1,0,0,2,1,1,1
24,11,22,3,0,0,0,0,0,1,0.0518,0,0,1,0,0,0,0,0,2,0
28,22,11,1,0,0,0,0,2,0,0.0,0,0,1,0,0,0,0,0,1,0
52,9,5,3,0,0,0,0,0,1,0.0096,1,0,1,0,0,0,0,0,2,0
31,17,10,1,1,0,0,0,0,0,0.0,0,0,1,0,0,0,1,0,1,0
73,19,21,5,4,0,0,0,1,3,0.0434,1,0,1,0,0,0,2,0,2,1
23,19,8,1,1,0,0,0,0,0,0.0154,0,0,1,0,0,0,0,0,0,0
0,14,4,2,0,0,0,0,1,0,0.0224,1,0,1,0,0,0,0,0,1,0
11,15,11,2,1,0,0,0,0,0,0.0,0,0,0,0,0,0,0,0,0,0
92,33,12,2,3,0,0,0,1,21,0.2317,2,0,1,1,0,0,1,1,3,1
49,17,20,5,2,0,1,0,1,8,0.16,0,1,0,0,0,0,0,0,2,1
41,13,23,2,1,0,0,0,0,0,0.001,0,0,1,0,0,0,0,1,1,0
71,13,1,3,4,0,1,0,0,18,0.2539,2,1,1,0,0,0,1,1,2,1
20,17,11,1,0,0,0,0,0,1,0.0492,0,0,1,0,0,0,1,0,1,0
73,29,62,3,3,0,0,0,1,6,0.077,1,0,1,0,0,1,3,0,0,1
37,24,58,4,3,0,0,0,4,1,0.0236,3,0,1,0,0,0,3,0,1,1
52,9,17,0,0,0,0,0,1,1,0.017,0,0,1,0,0,0,0,0,1,0
26,11,9,1,0,0,0,0,0,0,0.0,1,0,1,0,0,0,0,0,1,0
87,28,60,3,5,0,1,0,0,24,0.2731,1,0,1,0,0,0,2,1,1,1
94,34,38,4,1,0,1,0,3,18,0.1943,2,0,1,0,0,0,2,1,3,1
81,26,60,5,3,0,1,1,0,12,0.1476,0,0,0,0,0,0,4,0,4,1
56,33,44,4,2,0,0,0,2,0,0.0,0,0,1,0,0,0,0,0,3,1
104,22,51,3,5,0,1,1,0,21,0.2019,1,0,1,0,0,1,2,0,6,1
48,31,57,4,1,0,1,0,0,2,0.0351,2,1,0,0,0,0,4,0,2,1
41,5,4,0,2,0,0,1,0,2,0.0436,2,1,0,0,0,0,3,1,2,1
73,34,33,3,4,0,0,0,2,9,0.1256,2,0,0,0,0,0,2,0,1,1
114,22,42,2,2,0,1,0,0,16,0.1424,2,0,0,0,1,0,3,1,3,1
9,23,54,2,3,0,0,1,2,1,0.1431,2,0,0,0,0,0,2,1,3,1
29,26,34,3,1,0,0,1,1,2,0.0805,3,0,1,0,1,0,3,0,0,1
33,8,3,2,2,0,0,0,0,1,0.0195,0,0,1,0,0,0,0,0,0,0
78,34,19,2,1,1,1,1,1,15,0.1863,2,0,1,0,0,0,2,0,3,1
21,7,10,2,0,0,0,0,0,2,0.078,0,0,1,0,0,0,0,0,0,0
26,6,2,2,1,0,0,0,0,0,0.0,0,0,1,0,0,0,0,0,0,0
59,19,16,2,0,0,3,0,2,6,0.104,2,0,1,0,1,0,3,1,6,1
38,19,0,2,1,0,0,0,0,2,0.0447,1,0,1,0,0,0,0,0,0,0
31,13,0,1,1,0,0,0,0,0,0.0027,0,0,1,0,0,0,0,0,1,0
60,45,40,3,1,0,2,1,2,0,0.0,1,1,0,0,1,0,3,0,3,1
115,15,32,2,3,0,1,0,0,5,0.0401,0,0,0,0,0,1,1,1,1,1
22,27,43,4,1,0,0,0,1,1,0.0441,0,0,1,0,0,1,1,0,3,1
85,25,11,2,1,0,0,0,1,7,0.0771,3,0,0,0,0,0,2,0,3,1
104,31,34,1,3,0,0,3,0,16,0.1528,3,0,0,0,0,0,1,0,3,1
40,23,10,2,1,0,0,0,1,0,0.0,0,0,1,0,0,0,0,0,1,0
36,16,11,2,0,0,0,0,0,1,0.0243,0,0,1,0,0,0,0,0,1,0
70,16,52,4,4,0,1,2,0,10,0.1411,3,0,0,0,0,0,1,1,4,1
65,33,23,5,5,0,1,0,1,0,0.0064,1,0,1,0,0,0,4,0,0,1
41,8,7,1,1,0,0,0,0,0,0.0,1,0,1,0,0,0,1,0,0,0
52,19,52,4,0,0,1,0,1,1,0.0212,5,0,0,0,0,0,4,0,1,1
68,9,40,0,4,0,0,0,2,6,0.0822,1,0,1,0,1,1,0,1,2,1
43,6,6,2,0,0,0,1,0,3,0.0676,0,0,1,0,0,0,0,0,1,0
15,8,14,2,0,0,0,0,0,0,0.0088,0,0,0,0,0,0,0,0,0,0
29,23,10,2,1,0,0,0,1,0,0.0052,0,0,1,0,0,0,1,0,0,0
37,16,8,1,1,0,0,1,0,0,0.0,1,0,1,0,0,0,0,0,1,0
11,12,5,1,0,0,0,0,0,0,0.038,1,0,1,0,0,0,0,0,0,0
18,16,8,2,1,0,0,0,1,1,0.0359,0,0,1,0,0,0,0,0,2,0
49,9,9,2,2,0,0,0,1,1,0.0266,0,0,1,0,0,0,0,0,1,0
80,26,33,3,3,0,0,0,2,11,0.1328,2,0,1,0,1,0,2,0,3,1
23,8,11,2,0,0,0,0,0,0,0.0148,1,0,1,0,0,1,0,0,1,0
19,16,13,1,0,0,0,0,0,0,0.0096,1,0,1,0,0,0,0,0,1,0
70,24,27,3,4,0,1,0,1,20,0.2878,1,1,1,0,0,0,3,0,1,1
78,24,56,5,3,0,1,1,2,3,0.0378,1,0,0,1,0,0,3,0,2,1
25,11,27,2,0,0,0,0,0,0,0.0008,1,0,1,0,0,0,0,0,1,0
57,14,7,2,1,0,0,0,0,1,0.0233,1,0,1,0,0,0,1,0,1,0
24,19,8,1,0,0,0,1,1,0,0.0036,0,0,1,0,0,0,1,0,1,0
19,20,19,1,1,0,0,0,0,2,0.0888,0,0,1,0,0,0,1,0,0,0
20,10,17,2,0,0,0,0,0,1,0.07,3,0,1,0,0,0,0,0,1,0
108,18,57,3,1,0,1,0,3,17,0.156,2,0,1,0,1,1,6,0,4,1
32,6,0,2,1,0,0,0,1,0,0.0,0,0,1,0,0,0,0,0,1,0
26,8,5,1,1,0,0,0,0,0,0.0,0,0,1,0,0,0,0,0,1,0
57,24,27,5,3,0,0,0,2,4,0.07,1,0,1,0,0,1,1,1,2,1
31,13,7,2,1,0,0,0,2,2,0.0536,1,0,1,0,0,0,0,0,3,0
24,23,3,2,0,0,0,0,0,0,0.0,0,0,1,0,0,0,0,0,0,0
50,22,30,3,4,0,0,0,1,2,0.0398,2,0,0,0,0,0,2,0,2,1
32,7,12,2,1,0,0,0,0,2,0.0667,1,0,1,0,0,0,0,0,1,0
46,18,21,3,1,0,0,1,3,6,0.132,2,0,0,0,0,0,3,1,3,1
22,15,15,2,0,0,1,0,0,0,0.0222,0,0,1,0,0,0,0,0,1,0
68,25,46,2,3,0,2,0,2,9,0.1263,1,0,0,0,0,0,0,1,2,1
97,18,11,2,4,0,1,0,2,18,0.1897,0,0,1,0,0,0,1,0,1,1
48,3,4,2,2,0,0,1,0,3,0.0722,2,0,1,0,0,0,0,0,1,1
32,14,3,0,0,0,0,0,0,0,0.0122,2,0,1,0,0,0,0,0,0,0
41,15,16,3,1,0,0,0,1,0,0.0,0,0,1,0,0,0,0,0,1,0
27,14,6,2,0,0,1,0,0,1,0.0365,0,0,1,0,0,0,0,0,0,0
32,18,17,1,0,0,0,0,0,3,0.0829,0,0,0,0,0,0,2,0,2,0
26,16,6,2,0,0,0,0,1,0,0.0,1,0,1,0,0,0,0,0,0,0
55,17,45,6,1,0,0,1,0,6,0.1143,2,0,1,0,0,0,0,0,2,1
36,10,12,3,0,0,0,0,0,0,0.0099,0,0,1,0,0,0,0,0,1,0
43,27,37,4,3,0,1,0,0,5,0.1087,2,0,1,0,0,0,0,1,2,1
80,28,51,2,0,0,0,0,4,12,0.1515,1,1,1,0,0,1,3,1,4,1
38,6,3,2,0,0,0,0,0,1,0.0269,0,0,1,0,0,0,0,0,0,0
66,30,24,1,2,0,1,0,0,4,0.0651,1,0,1,0,0,0,4,1,3,1
36,18,13,2,0,0,0,0,0,1,0.0184,0,0,1,0,0,0,0,0,1,0
32,22,31,2,4,1,0,1,1,2,0.0732,0,0,0,0,0,0,2,0,0,1
53,25,13,4,1,0,2,0,0,2,0.037,3,0,1,0,0,0,2,1,6,1
19,17,2,2,0,0,0,0,0,1,0.0336,0,0,1,0,0,0,0,0,0,0
34,12,12,2,0,0,0,0,1,1,0.0298,3,0,1,0,0,0,0,0,1,0
15,20,2,2,0,0,0,0,0,0,0.0,0,0,0,0,0,0,1,0,2,0
43,6,7,1,0,0,1,0,0,1,0.0168,2,0,1,0,0,0,0,0,0,0
69,25,38,5,2,0,1,0,1,14,0.2051,0,0,1,0,0,0,2,1,2,1
88,14,7,3,3,0,1,1,0,5,0.0586,1,0,1,0,0,0,0,0,1,1
16,23,0,2,1,0,1,0,0,0,0.017,0,0,1,0,0,0,0,0,0,0
42,16,44,2,1,0,1,1,1,4,0.0937,1,0,1,0,1,0,3,0,2,1
94,8,22,4,2,0,1,0,0,26,0.2748,1,0,1,0,0,0,0,0,3,1
26,22,19,3,5,0,0,1,0,12,0.447,1,0,1,0,0,0,1,0,0,1
42,14,20,1,1,0,0,0,0,4,0.0898,1,0,1,0,0,1,0,0,4,0
93,33,48,4,1,0,0,1,1,6,0.0639,1,0,1,0,0,0,0,0,1,1
101,33,41,3,1,0,0,0,1,6,0.0559,1,0,0,0,0,1,1,0,2,1
79,32,41,5,4,0,2,0,2,5,0.0585,4,0,1,0,0,0,3,1,1,1
42,18,13,1,1,0,0,0,1,1,0.0147,0,0,1,0,0,0,1,0,2,0
72,36,14,2,3,0,1,0,2,10,0.1446,0,0,1,0,0,0,3,0,1,1
90,22,39,5,4,0,0,0,0,9,0.1055,6,1,0,0,0,0,2,0,4,1
38,9,14,2,2,0,0,0,0,2,0.0506,1,0,1,0,0,0,1,0,1,0
26,10,16,2,0,0,0,0,0,1,0.0471,0,0,1,0,0,0,0,0,1,0
79,37,15,1,4,0,0,0,1,0,0.0,4,0,1,0,0,1,4,1,2,1
98,10,36,1,2,0,3,0,0,16,0.1583,2,0,0,0,0,0,2,0,3,1
54,25,21,6,3,0,0,0,0,1,0.0267,4,0,0,0,0,0,2,1,2,1
102,29,8,2,3,0,0,0,1,18,0.1808,2,1,0,0,0,0,2,0,0,1
1,10,2,1,2,0,1,0,0,0,0.0,0,0,1,0,0,0,0,0,0,0
28,20,0,2,0,0,0,0,0,0,0.0,2,0,1,0,0,0,0,0,2,0
28,20,0,1,0,0,1,0,0,0,0.0029,1,0,0,0,0,0,0,0,0,0
44,14,16,1,0,0,0,0,0,1,0.0151,0,0,1,0,0,0,1,0,1,0
68,22,32,0,2,0,1,0,1,9,0.1377,0,0,1,0,0,0,2,1,5,1
19,17,6,1,2,0,0,0,0,1,0.0314,0,0,1,0,0,0,1,0,0,0
35,23,36,3,2,0,1,0,0,6,0.1592,4,0,0,0,0,0,2,0,3,1
82,28,28,5,2,0,0,0,1,10,0.1218,1,0,1,0,0,0,5,0,2,1
1,13,12,2,0,0,0,0,0,0,0.0258,0,0,1,0,0,0,0,0,2,0
52,24,23,1,1,0,0,1,2,8,0.1482,2,0,0,0,0,0,3,0,4,1
31,16,9,0,1,0,0,0,0,1,0.0201,1,0,1,0,0,0,0,0,0,0
109,16,43,3,1,0,2,1,0,4,0.0325,1,0,0,0,0,0,2,0,1,1
86,35,51,2,2,0,1,0,2,9,0.1026,0,0,0,0,0,0,0,1,0,1
13,10,11,1,1,0,0,0,0,0,0.0,0,0,1,0,0,0,0,0,1,0
25,15,18,2,0,0,0,0,1,0,0.0,0,0,1,0,0,0,0,0,1,0
22,11,11,2,0,0,0,0,0,1,0.0295,1,0,1,0,0,0,0,0,2,0
86,34,53,3,1,0,2,0,0,5,0.0636,0,1,1,0,1,0,1,0,0,1
30,13,14,1,0,0,0,0,0,0,0.0051,1,0,1,0,0,0,0,0,1,0
74,29,45,4,2,0,2,0,1,0,0.0,0,0,1,0,1,0,2,0,2,1
82,26,42,5,3,0,1,1,2,7,0.0877,1,0,1,0,0,0,1,1,4,1
58,13,20,4,4,0,0,0,1,10,0.1782,2,0,1,0,0,0,1,0,2,1
105,11,43,0,6,0,0,0,0,14,0.1353,0,0,0,0,0,1,2,1,2,1
24,10,13,2,0,0,0,0,1,1,0.0285,0,0,0,0,1,0,0,0,0,0
33,21,5,2,0,0,0,0,0,0,0.0,0,0,1,0,0,0,1,0,1,0
59,20,32,5,3,0,0,1,1,7,0.1164,2,0,1,0,0,1,1,0,3,1
116,17,31,1,2,1,1,2,1,10,0.085,1,0,1,0,0,0,1,0,3,1
48,17,0,1,0,0,0,0,1,1,0.0124,0,0,1,0,0,0,0,0,1,0
35,8,22,1,1,0,0,0,2,2,0.0576,1,0,1,0,1,0,0,0,1,0
56,35,30,3,1,0,1,2,4,1,0.026,1,0,1,0,0,0,3,0,3,1
105,32,16,4,0,0,0,2,2,4,0.0405,4,1,0,0,0,0,1,0,1,1
108,26,36,1,2,0,1,1,0,12,0.1085,3,0,1,0,0,0,0,1,0,1
15,27,15,4,3,0,0,0,1,0,0.0,2,0,1,0,0,0,1,0,0,1
74,21,12,6,6,0,2,0,1,10,0.1356,1,0,1,0,0,0,1,1,2,1
53,18,35,3,5,0,0,1,1,10,0.1965,0,0,1,0,0,0,4,0,1,1
101,6,37,3,2,0,1,1,1,25,0.2469,1,0,0,0,0,0,2,0,8,1
33,13,4,2,0,0,0,0,0,0,0.0129,1,0,1,0,0,0,0,0,1,0
17,15,13,1,1,0,0,0,0,1,0.0634,0,0,1,0,0,0,0,0,1,0
65,22,33,1,0,0,1,0,2,8,0.1174,3,0,0,0,0,0,2,1,2,1
36,16,3,1,0,0,0,0,0,0,0.0,1,0,1,0,0,0,0,0,1,0
94,38,35,3,4,0,0,0,1,8,0.0862,2,0,1,0,0,0,1,0,0,1
33,15,0,2,0,0,1,0,0,0,0.0,0,0,1,0,0,0,0,0,1,0
65,32,39,3,2,0,1,1,2,6,0.092,1,0,0,0,0,1,2,1,1,1
41,6,22,4,0,0,1,0,2,7,0.1779,3,0,1,0,0,1,3,0,4,1
47,12,6,3,1,0,0,0,1,3,0.0614,0,0,1,0,0,0,1,0,2,0
63,21,18,4,3,0,0,0,0,15,0.2339,5,0,1,0,1,0,1,0,0,1
32,14,6,2,0,0,0,0,0,0,0.0,0,0,1,0,0,0,0,0,0,0
74,16,19,4,3,0,0,0,0,17,0.2319,2,0,1,0,0,1,3,1,4,1
55,19,6,2,3,0,2,0,3,3,0.0519,1,0,0,0,0,0,1,1,1,1
15,12,9,2,1,0,0,1,0,1,0.0633,0,0,1,0,0,0,0,0,0,0
46,30,4,2,4,0,1,0,0,11,0.2313,2,0,0,0,0,0,2,0,3,1
38,13,7,2,0,0,0,0,1,0,0.0,0,0,1,0,1,0,1,0,0,0
79,18,38,0,0,0,2,0,2,10,0.1297,1,0,0,0,0,0,2,1,3,1
70,31,16,6,3,0,0,1,1,9,0.1272,5,1,0,0,1,0,3,0,2,1
17,18,11,2,1,0,0,0,0,0,0.0,0,0,1,0,0,0,1,0,1,0
55,26,28,3,2,0,3,0,2,8,0.1455,3,0,0,1,0,1,2,0,0,1
78,19,23,7,2,0,0,0,1,8,0.1069,1,0,0,0,1,0,1,0,5,1
89,14,20,4,5,0,2,1,0,22,0.2485,2,0,0,0,0,0,1,0,3,1
39,23,33,2,0,0,1,2,1,6,0.1476,1,1,0,0,0,0,1,0,3,1
32,15,6,1,1,0,0,0,1,0,0.0,0,0,1,0,0,0,0,0,1,0
42,13,8,1,0,0,0,0,3,0,0.0027,0,0,1,0,0,0,0,0,1,0
27,10,18,3,1,0,0,0,0,0,0.0,1,0,1,0,0,0,0,0,0,0
16,15,11,1,2,0,0,0,0,0,0.0,0,0,1,0,0,0,0,0,0,0
62,12,6,5,3,0,0,0,1,14,0.2249,0,0,0,0,0,0,3,0,2,1
17,19,20,2,1,0,0,0,3,1,0.0544,0,0,1,0,0,0,0,0,0,0
33,14,19,3,3,0,0,0,1,0,0.0,0,0,1,0,0,0,0,1,1,0
38,26,1,2,0,0,0,0,0,2,0.043,1,0,1,0,0,0,0,0,1,0
40,16,0,1,0,0,0,0,0,0,0.0119,0,0,0,0,0,0,0,0,0,0
52,10,7,2,0,0,0,0,0,0,0.0002,0,0,1,0,0,0,1,0,1,0
23,10,20,1,3,0,0,0,0,0,0.0155,2,0,1,0,0,0,0,0,2,0
45,20,3,3,0,0,0,0,0,2,0.0466,1,0,1,0,0,0,0,0,2,0
38,12,28,2,3,0,0,0,2,0,0.0059,0,0,1,0,0,0,0,0,1,0
23,14,23,3,0,0,0,0,0,0,0.0,0,0,1,0,0,0,2,0,0,0
70,23,57,6,2,0,1,0,0,0,0.0,0,0,0,0,0,0,0,0,3,1
26,9,9,2,0,0,0,0,0,1,0.0375,0,0,1,0,0,0,3,0,1,0
68,24,26,3,3,0,1,1,1,10,0.1521,4,0,0,1,0,1,3,0,3,1
72,29,0,4,2,0,2,0,0,7,0.0918,1,0,1,0,0,0,4,0,3,1
31,11,0,2,0,0,0,0,0,0,0.0,1,0,1,0,0,0,0,0,1,0
48,17,18,2,0,0,0,0,0,0,0.0,0,0,1,0,0,0,0,0,1,0
40,13,8,2,0,0,0,0,0,4,0.0941,1,0,1,0,0,0,0,1,0,0
104,20,34,2,0,0,1,0,1,12,0.1166,0,0,0,0,0,1,2,0,1,1
43,29,39,2,3,0,0,0,0,8,0.1792,0,1,0,0,0,1,0,1,2,1
74,20,43,4,2,0,1,1,1,10,0.1399,1,0,0,0,0,0,0,0,3,1
21,11,19,1,1,0,0,0,0,0,0.0111,0,0,1,0,0,0,1,0,3,0
44,32,41,3,3,0,0,1,1,11,0.2578,1,0,0,0,0,0,2,1,1,1
86,19,45,1,4,0,1,1,0,7,0.0865,0,0,0,0,0,1,2,0,0,1
23,16,9,2,0,0,0,0,1,0,0.0031,0,0,1,0,0,0,0,0,1,0
34,10,19,1,0,0,0,0,0,0,0.0,0,0,1,0,0,0,1,0,0,0
97,13,32,2,2,0,1,0,0,27,0.282,2,0,1,0,0,0,2,0,4,1
46,14,33,4,5,0,4,0,1,5,0.1111,1,0,0,0,0,0,2,0,0,1
53,18,7,3,2,0,0,0,0,3,0.0599,2,0,0,0,0,0,0,0,0,0
31,23,52,3,1,0,1,2,3,2,0.0666,5,0,0,0,0,0,1,1,4,1
103,29,45,4,3,0,0,1,3,23,0.224,1,0,0,1,1,0,1,0,1,1
82,24,10,1,5,0,2,2,2,23,0.2852,0,0,1,0,0,0,3,1,3,1
22,27,26,3,0,0,2,0,3,5,0.2456,5,1,1,0,1,0,5,1,5,1
71,26,11,5,4,1,2,1,0,9,0.1323,1,0,1,0,0,1,3,0,2,1
53,28,33,2,3,0,0,1,2,9,0.1639,2,0,1,0,0,0,2,1,1,1
92,21,29,3,5,0,0,0,0,21,0.2285,1,1,1,0,0,0,1,0,2,1
37,19,15,2,1,0,0,0,0,0,0.0112,1,0,1,0,0,0,0,0,2,0
41,8,16,2,0,0,0,0,0,3,0.0657,0,0,1,0,1,0,0,0,0,0
24,23,13,2,0,0,0,0,0,1,0.0487,0,0,1,0,0,0,0,0,0,0
35,7,16,2,1,0,0,0,0,1,0.0411,1,0,1,0,0,0,0,0,0,0
56,21,15,4,0,0,0,0,0,4,0.0659,0,0,1,0,0,0,0,0,1,0
21,11,12,1,0,0,0,0,0,0,0.0011,0,0,1,0,0,0,0,0,0,0
38,13,39,1,0,0,0,0,0,2,0.0468,0,0,1,0,0,0,0,0,0,0
27,12,7,3,0,0,0,0,0,0,0.0031,0,0,1,0,0,0,0,0,0,0
66,20,23,4,4,1,1,0,0,10,0.1574,1,0,1,0,1,0,2,1,1,1
21,9,3,3,4,0,0,0,0,1,0.0408,0,0,1,0,0,0,0,0,0,0
81,34,25,2,1,0,0,0,0,16,0.2027,0,1,0,0,1,0,0,1,2,1
43,10,15,3,0,0,0,0,0,3,0.0702,0,0,1,0,0,0,0,0,0,0
35,13,13,2,0,0,0,0,0,0,0.0,0,0,1,0,0,0,0,0,0,0
49,14,21,5,1,0,0,0,0,3,0.0563,1,0,0,0,1,0,2,1,1,1
57,29,14,4,1,0,0,0,0,5,0.0862,1,0,0,1,0,0,2,0,2,1
73,12,15,2,4,0,1,1,0,10,0.1324,0,0,0,0,0,0,3,1,1,1
91,21,45,2,3,0,0,0,0,13,0.1433,1,0,1,0,0,0,1,1,2,1
102,20,45,4,4,0,0,1,2,0,0.0,0,1,1,0,0,0,3,0,1,1
23,4,14,1,1,0,0,0,0,0,0.0,0,0,1,0,0,0,0,0,1,0
71,25,31,1,0,0,0,1,1,8,0.1063,2,0,0,0,0,0,2,1,1,1
84,19,21,3,4,0,0,1,2,19,0.2325,1,0,1,0,0,0,0,0,0,1
29,8,10,1,0,0,0,0,0,0,0.0,0,0,1,0,0,0,0,0,1,0
58,34,3,3,3,0,1,0,2,4,0.0703,2,0,1,1,0,0,0,0,0,1
78,26,23,3,0,0,1,0,1,5,0.0693,3,1,1,0,0,1,4,1,2,1
37,24,56,2,2,0,0,1,1,3,0.0804,1,0,1,0,0,0,2,0,2,1
136,24,54,2,0,0,0,0,1,26,0.19,2,0,1,0,1,0,3,1,5,1
64,38,13,1,4,0,1,0,1,3,0.0497,1,0,0,0,0,0,2,0,0,1
57,17,49,1,4,0,0,0,2,6,0.1025,0,0,0,0,0,0,3,0,3,1
37,19,18,1,1,0,1,0,0,1,0.0219,0,0,0,0,0,0,0,0,0,0
20,15,18,2,0,0,0,1,0,1,0.0343,0,0,1,0,0,0,0,0,1,0
34,22,16,2,0,0,0,0,0,1,0.0172,0,0,0,0,0,0,0,0,2,0
21,13,5,2,1,0,0,0,0,0,0.0,0,0,1,0,0,0,0,1,1,0
26,15,12,2,0,0,0,1,1,1,0.0463,0,0,1,0,0,0,0,0,0,0
73,19,34,5,4,0,1,1,0,12,0.168,1,1,0,0,0,1,2,0,2,1
52,17,9,2,0,0,0,0,0,4,0.0697,0,0,1,0,0,0,1,0,0,0
93,34,16,2,0,0,0,1,4,15,0.161,2,0,1,0,0,0,3,0,1,1
52,13,5,2,0,0,0,0,0,0,0.0,0,0,1,0,0,0,0,0,1,0
43,27,47,1,2,0,1,1,0,3,0.0695,0,0,1,0,1,1,2,1,0,1
56,39,49,3,3,0,1,0,0,12,0.2109,1,0,1,0,0,0,3,0,0,1
53,22,7,3,1,0,0,0,1,0,0.0024,2,0,0,0,0,0,3,0,2,1
68,28,19,4,6,0,1,1,1,5,0.0675,1,1,1,0,0,1,1,1,5,1
45,21,69,2,1,0,2,0,2,4,0.0787,1,0,0,0,0,1,0,1,3,1
108,30,16,0,4,0,2,2,0,6,0.0544,2,0,0,0,0,0,2,0,1,1
38,8,5,1,0,0,0,0,1,0,0.0,1,0,1,0,0,0,0,0,1,0
80,17,37,5,2,0,1,1,2,6,0.076,4,0,1,0,0,0,1,1,2,1
53,28,22,3,2,0,0,0,0,1,0.0179,1,0,1,0,1,0,1,1,4,1
68,14,26,3,4,0,0,1,1,4,0.0655,0,0,0,0,0,0,3,1,3,1
0,15,7,1,0,0,0,0,0,0,0.0404,0,0,1,0,0,0,1,0,1,0
73,23,39,2,3,0,1,0,0,16,0.2241,2,0,1,0,0,0,2,1,2,1
31,16,10,0,1,0,0,0,0,1,0.0184,2,0,1,0,0,0,0,0,2,0
85,2,10,2,0,0,0,1,0,14,0.1636,4,0,1,1,0,0,2,1,1,1
52,17,12,2,1,0,0,0,0,0,0.0053,1,0,1,0,0,0,1,0,2,0
34,25,19,3,0,0,0,0,0,2,0.0648,0,0,1,0,0,0,0,0,0,0
39,21,13,3,0,0,0,0,1,3,0.0666,0,0,1,0,0,1,1,0,2,0
70,18,20,6,1,0,0,1,2,11,0.1558,0,0,1,0,0,0,0,0,1,1
23,19,6,2,0,0,0,0,0,2,0.0769,1,0,1,0,0,0,0,0,1,0
34,25,19,1,0,0,0,0,0,0,0.0067,0,0,0,0,0,0,0,0,2,0
28,15,6,2,1,0,2,0,0,0,0.0,0,0,1,0,0,0,0,0,1,0
18,11,22,2,1,1,0,0,1,0,0.0209,0,0,1,0,0,0,0,0,2,0
32,12,4,2,0,0,0,0,1,2,0.0726,0,0,1,0,0,0,0,0,1,0
31,14,13,3,1,0,0,0,1,0,0.0,0,0,1,0,0,0,0,0,3,0
40,24,47,5,0,1,1,0,0,5,0.1178,2,1,0,0,1,0,0,1,2,1
43,15,6,2,1,0,1,0,0,0,0.0,0,0,1,0,0,0,0,0,2,0
46,23,35,5,3,0,1,0,0,7,0.1476,2,1,1,0,0,0,0,0,2,1
35,11,33,2,0,0,0,0,0,0,0.0,0,0,1,0,0,0,0,0,1,0
67,25,48,3,4,0,1,0,0,7,0.1037,2,0,0,0,0,1,0,1,3,1
26,9,3,2,1,0,0,0,0,1,0.0518,0,0,1,0,0,0,0,0,1,0
75,23,30,4,5,0,2,3,2,7,0.0969,0,0,1,0,0,0,3,0,4,1
94,16,24,3,6,0,1,0,1,2,0.0185,2,0,0,0,0,0,2,0,0,1
48,27,31,5,2,0,1,0,0,0,0.0,2,0,1,0,0,0,1,1,1,1
75,20,42,3,5,0,1,0,1,12,0.1625,0,0,1,0,0,1,2,0,3,1
36,22,8,2,0,0,0,0,1,0,0.0,1,0,1,0,0,0,0,0,1,0
103,15,50,2,1,0,0,1,1,9,0.0841,5,0,1,0,0,0,5,0,0,1
45,27,41,4,5,0,0,0,1,6,0.1275,2,0,0,0,0,0,1,0,2,1
64,17,18,4,2,0,1,0,1,7,0.1121,2,1,0,0,0,0,2,0,1,1
66,16,12,2,0,0,0,0,0,0,0.0,0,0,1,0,0,1,0,0,1,0
64,31,22,7,2,0,0,3,0,17,0.2678,3,0,0,0,0,0,0,0,4,1
108,13,10,3,4,0,0,0,2,23,0.2182,0,0,1,0,0,1,6,0,5,1
28,11,8,0,0,0,0,0,0,1,0.0382,0,0,1,0,0,0,0,0,2,0
60,34,22,4,2,1,0,2,1,6,0.0922,4,1,1,0,0,0,3,1,3,1
47,18,13,2,0,0,0,0,0,1,0.0253,2,0,1,0,0,0,1,0,1,0
56,32,34,1,1,0,0,0,1,10,0.1722,1,0,1,0,1,0,2,1,1,1
49,24,0,1,1,0,0,0,0,0,0.0086,0,0,1,0,0,0,0,0,0,0
73,14,36,2,3,0,2,1,0,15,0.2079,0,0,0,0,0,1,0,0,4,1
17,11,15,1,2,0,0,0,0,0,0.0,0,0,1,0,0,0,0,1,0,0
29,30,25,5,1,0,3,1,1,3,0.092,0,0,0,0,1,0,1,1,0,1
59,20,23,2,2,0,0,0,0,4,0.0736,2,0,0,0,0,0,1,0,6,1
49,22,1,2,0,0,0,0,1,0,0.0,1,0,1,0,0,0,0,0,0,0
42,22,71,2,1,0,4,0,0,7,0.1736,3,1,0,0,1,0,1,1,2,1
42,11,18,3,2,0,0,0,0,8,0.1921,0,0,1,0,1,1,0,0,2,1
75,12,36,4,1,0,0,0,1,9,0.1248,3,0,1,0,1,0,0,1,1,1
40,11,1,1,2,0,0,1,1,0,0.0115,1,0,1,0,0,0,0,0,1,0
20,19,0,2,0,0,0,0,0,0,0.0,0,0,1,0,0,0,1,0,2,0
35,23,4,0,1,0,0,0,0,0,0.0,2,0,1,0,0,0,0,0,2,0
64,29,19,1,0,1,0,0,1,18,0.2872,5,0,0,0,1,0,1,0,0,1
54,19,46,5,1,0,1,0,3,10,0.1807,1,0,1,0,0,0,1,1,2,1
16,15,13,2,1,0,0,0,0,0,0.0,0,0,1,0,0,0,0,0,2,0
36,9,18,2,2,0,0,0,0,2,0.0509,0,0,1,0,0,0,0,0,1,0
49,25,39,3,2,0,2,1,0,11,0.2315,2,1,1,0,0,0,2,0,2,1
67,18,6,4,1,0,0,2,0,9,0.1309,0,0,0,0,0,0,2,0,4,1
13,12,9,2,1,0,0,0,0,0,0.0174,0,0,1,0,0,0,0,0,0,0
67,21,45,2,4,1,2,0,2,7,0.1108,3,0,0,0,0,0,0,0,3,1
79,19,53,2,3,0,1,0,1,4,0.0545,2,0,0,0,0,0,2,1,2,1
47,25,5,3,0,0,0,0,0,2,0.0431,1,0,1,0,1,0,0,0,0,0
45,14,22,2,0,0,1,0,0,0,0.0,0,0,1,0,0,0,0,0,0,0
23,14,21,2,1,0,0,0,0,0,0.0,0,0,1,0,0,0,0,0,1,0
36,29,25,1,2,0,0,1,1,2,0.055,1,0,1,0,0,0,0,1,2,1
29,12,0,3,1,0,0,0,0,0,0.0,1,0,1,0,0,0,0,1,0,0
84,20,19,5,1,0,1,1,0,13,0.1512,3,1,0,0,0,0,2,0,1,1
62,20,0,4,2,0,0,0,0,4,0.0671,2,1,1,0,0,0,1,0,1,1
105,19,10,2,2,0,1,0,0,7,0.0668,1,0,0,0,0,0,2,1,1,1
98,15,11,2,1,0,1,2,1,23,0.2313,2,1,0,0,0,0,2,0,2,1
82,22,37,4,2,0,1,2,1,12,0.1509,1,1,1,1,0,0,3,1,2,1
49,20,0,1,0,0,0,0,1,2,0.0372,0,0,1,0,0,0,0,1,1,0
24,6,15,1,1,0,0,0,0,1,0.0285,0,0,1,0,0,0,0,0,1,0
36,20,16,2,0,0,0,0,1,3,0.0784,0,0,1,0,0,0,0,0,1,0
78,20,30,3,1,0,2,2,3,2,0.0255,1,0,0,0,0,0,2,0,1,1
69,24,28,1,0,1,1,0,2,14,0.2049,4,0,1,1,0,0,2,0,3,1
19,19,12,1,2,0,0,0,1,0,0.0012,1,0,1,0,0,0,0,0,1,0
81,21,56,3,1,0,3,0,0,2,0.0302,0,0,0,0,0,0,2,1,1,1
50,13,10,2,0,0,0,0,0,1,0.0176,1,0,1,0,0,0,0,0,1,0
69,24,9,2,1,0,0,1,1,14,0.1954,2,0,1,0,0,1,4,0,3,1
35,16,16,3,0,0,0,0,0,0,0.0042,0,0,1,0,0,0,0,0,0,0
28,14,43,6,2,0,0,1,1,2,0.0871,1,0,0,0,0,0,3,0,4,1
80,18,19,3,3,1,0,2,0,9,0.1141,3,0,0,0,0,0,1,0,1,1
52,18,9,1,0,0,0,1,0,0,0.0,0,0,1,0,0,0,0,0,0,0
29,12,0,2,0,0,0,0,0,2,0.0667,0,0,1,0,0,0,0,0,0,0
27,20,16,2,1,0,0,0,0,1,0.0415,2,0,1,0,0,0,1,0,1,0
78,16,22,5,0,0,1,1,1,22,0.2838,0,1,1,0,0,1,2,1,2,1
37,20,6,2,0,0,0,0,0,1,0.034,0,0,1,0,0,0,0,0,0,0
97,30,49,4,0,0,0,0,0,24,0.2498,0,0,1,0,0,0,1,0,0,1
37,12,0,2,0,0,0,0,0,1,0.0263,0,0,1,0,0,0,0,0,0,0
35,12,0,2,1,0,0,0,0,0,0.0099,0,0,1,0,0,0,0,0,0,0
39,20,5,2,1,0,0,0,0,1,0.037,0,0,1,0,0,0,0,0,0,0
69,29,42,3,4,0,2,0,0,18,0.2592,1,0,0,0,0,1,0,0,2,1
45,23,12,1,1,0,0,0,1,1,0.0219,0,0,1,0,0,0,0,0,0,0
23,17,7,2,0,0,0,0,0,1,0.0265,1,0,0,0,0,0,0,0,1,0
46,22,32,5,2,0,1,2,1,5,0.1055,1,0,1,0,0,1,4,0,1,1
36,11,12,1,1,0,0,0,0,0,0.013,1,0,1,0,0,0,0,0,0,0
28,16,14,2,0,0,0,0,0,0,0.0034,0,0,1,0,0,0,0,0,0,0
70,28,1,2,6,0,0,1,1,11,0.1632,2,0,1,0,0,0,2,1,4,1
40,20,21,4,3,0,1,1,0,3,0.0849,1,0,0,0,1,0,3,1,5,1
40,17,0,2,0,0,0,0,0,0,0.0041,1,0,1,0,0,0,1,1,1,0
45,18,22,1,0,0,0,0,2,0,0.0,0,0,1,0,0,0,0,0,0,0
29,12,20,1,0,0,0,0,0,1,0.0213,0,0,0,0,0,0,1,0,2,0
73,6,12,2,3,1,0,0,0,26,0.3606,2,0,1,0,0,0,1,1,1,1
30,12,6,1,0,0,0,0,1,1,0.0169,0,0,1,0,0,0,0,0,0,0
42,16,10,2,0,0,0,0,0,2,0.0564,0,0,1,0,0,0,0,0,0,0
64,13,0,3,1,0,0,0,0,3,0.0539,0,0,1,0,0,0,1,0,0,0
25,8,5,2,0,0,0,0,1,0,0.0,1,0,1,0,0,0,1,0,0,0
81,19,44,4,4,0,1,0,1,21,0.2576,0,1,0,0,1,1,2,0,2,1
23,14,6,2,0,0,1,0,1,1,0.0254,0,0,1,0,0,0,0,0,3,0
13,5,19,1,0,0,0,0,0,0,0.0362,1,0,1,0,0,0,1,0,1,0
35,17,10,3,1,0,0,1,0,0,0.0031,0,0,1,0,0,0,0,0,1,0
34,11,18,2,0,0,0,0,1,0,0.0125,0,0,1,0,0,0,0,0,1,0
102,35,35,4,3,0,0,1,1,13,0.1245,3,0,0,0,0,0,2,1,2,1
108,23,43,2,3,1,0,0,1,19,0.1761,3,1,0,0,0,0,5,0,1,1
53,13,8,2,3,0,0,0,2,13,0.2406,0,0,1,0,0,0,1,0,1,1
37,15,5,1,0,0,0,0,0,0,0.0,0,0,1,0,0,0,0,0,0,0
29,14,18,2,2,0,1,0,1,0,0.0097,0,0,0,0,0,0,1,0,1,0
49,11,0,2,0,0,0,0,0,2,0.0503,0,0,1,0,0,0,0,0,0,0
40,12,3,0,0,0,1,0,0,3,0.0752,0,0,1,0,0,1,0,0,0,0
90,11,8,2,3,0,0,0,2,10,0.1148,1,0,1,0,0,0,2,0,1,1
66,15,0,1,2,0,0,2,1,4,0.0546,2,0,0,0,0,0,3,0,1,1
13,21,15,3,0,0,0,0,0,1,0.0426,1,0,1,0,0,0,0,0,0,0
66,7,37,4,3,0,4,0,1,15,0.2291,2,0,0,0,0,1,3,0,3,1
29,8,18,3,3,0,0,0,0,2,0.0782,1,0,0,0,0,0,2,1,2,1
60,19,35,1,2,0,0,0,0,11,0.1795,1,0,1,0,0,0,3,1,1,1
40,8,10,2,0,0,0,0,0,1,0.0163,0,0,1,0,0,0,0,0,2,0
101,21,46,1,1,0,0,0,0,11,0.1099,1,0,0,0,0,0,0,0,3,1
49,13,54,4,1,0,1,0,1,6,0.1216,1,0,1,0,0,0,1,0,0,1
73,37,0,4,2,0,1,1,2,19,0.256,0,0,0,0,1,0,0,0,1,1
30,22,63,2,1,0,1,0,0,2,0.0686,0,1,0,0,0,0,4,1,3,1
79,23,0,3,4,0,0,0,2,8,0.0963,0,0,0,0,0,0,3,1,3,1
21,10,14,2,0,0,0,0,0,1,0.0312,1,0,1,0,0,0,0,0,0,0
45,19,8,2,0,0,0,0,1,1,0.028,0,0,1,0,0,0,0,0,1,0
35,10,11,0,0,0,0,0,0,1,0.0257,0,0,1,0,0,0,0,0,0,0
47,19,0,1,0,0,1,0,0,1,0.0125,0,0,1,0,0,1,0,1,3,0
27,8,1,3,0,0,1,0,0,2,0.0674,1,0,1,0,0,0,0,0,2,0
81,27,18,1,0,0,1,0,1,14,0.1675,0,0,1,0,0,0,4,0,4,1
71,15,37,1,1,0,1,0,4,8,0.1188,0,0,0,0,0,1,0,0,0,1
78,19,26,3,2,0,1,1,0,21,0.2636,3,0,0,0,0,0,2,0,0,1
54,16,8,3,1,0,0,0,0,0,0.0071,0,0,1,0,0,0,0,0,1,0
30,16,20,1,0,0,0,0,0,1,0.0317,0,0,1,0,0,0,0,0,0,0
33,9,1,3,2,0,0,0,1,1,0.036,0,0,0,0,0,0,0,0,1,0
100,20,31,2,2,0,0,1,3,16,0.1633,1,0,0,0,0,0,0,0,2,1
25,17,13,0,0,0,0,0,0,1,0.0325,0,0,1,0,0,0,0,0,0,0
52,16,0,2,0,0,0,0,2,2,0.0357,0,0,1,0,0,0,0,0,0,0
18,11,6,2,1,0,0,0,1,0,0.0,0,0,1,0,0,0,0,0,0,0
23,19,4,1,0,0,0,0,0,0,0.0215,0,0,1,0,0,0,0,0,1,0
36,16,20,2,1,0,0,0,0,1,0.0279,0,0,1,0,0,0,0,0,1,0
25,15,10,3,0,0,2,0,0,0,0.0175,0,0,1,0,0,0,0,0,0,0
34,38,44,4,6,1,0,0,3,8,0.2396,2,0,0,0,0,0,0,1,3,1
63,27,33,2,0,0,0,0,2,1,0.0115,2,0,1,0,0,1,2,0,1,1
55,20,9,4,3,0,1,0,2,7,0.1325,1,0,0,0,0,0,3,1,6,1
60,29,33,2,2,0,0,0,1,2,0.0264,0,0,1,0,0,1,2,0,1,1
67,17,20,6,3,0,1,0,0,10,0.1492,1,0,0,0,0,0,1,1,1,1
22,14,6,1,0,0,1,0,1,1,0.0235,1,0,1,0,0,0,1,0,0,0
31,6,13,2,2,0,0,0,0,3,0.1058,1,0,1,0,0,0,0,0,1,0
40,17,17,1,0,0,1,0,0,3,0.0705,1,0,0,0,0,0,0,0,0,0
8,7,25,1,1,0,1,0,0,0,0.0122,1,0,1,0,0,0,0,0,2,0
42,14,11,2,1,0,0,0,1,0,0.0055,1,0,1,0,0,0,0,0,1,0
23,29,10,2,0,0,0,0,0,1,0.0519,1,0,1,0,0,0,0,0,3,0
70,33,17,2,3,0,1,0,3,7,0.1011,2,1,1,0,0,0,2,0,1,1
9,12,18,2,0,0,0,0,0,0,0.0,0,0,1,0,0,0,2,0,2,0
101,33,18,2,1,0,1,0,1,13,0.1339,0,1,1,0,0,0,1,1,2,1
50,20,39,3,4,0,1,0,1,9,0.1801,4,1,1,0,0,1,2,0,1,1
42,2,19,2,1,0,0,0,0,0,0.0,0,0,1,0,0,0,0,0,3,0
105,31,15,2,1,0,0,1,0,16,0.1557,2,1,0,0,0,0,0,0,1,1
45,13,4,2,0,0,0,0,0,1,0.0167,0,0,1,0,0,0,0,1,0,0
16,25,21,3,1,0,0,0,0,1,0.0847,0,0,1,0,0,0,0,0,2,0
64,22,13,2,0,0,1,0,0,1,0.0104,1,1,0,0,0,0,3,0,2,1
36,20,16,1,0,0,0,0,0,2,0.0432,2,0,1,0,0,0,0,1,0,0
22,18,35,3,1,0,0,2,1,2,0.088,1,0,1,0,0,0,1,0,2,1
82,18,31,3,2,0,2,1,1,2,0.0228,0,0,1,0,0,0,3,0,4,1
30,11,9,4,1,0,0,0,0,2,0.0498,1,0,1,0,0,0,0,0,1,0
139,26,40,4,2,0,1,1,0,0,0.0,3,0,0,0,0,0,6,1,3,1
33,10,26,2,0,0,0,0,0,0,0.0,0,0,0,0,0,0,1,0,0,0
106,26,37,3,4,0,0,0,1,20,0.1893,0,0,0,0,0,1,1,1,1,1
42,21,1,2,0,0,0,0,0,2,0.0525,1,0,1,0,0,0,0,0,1,0
28,25,12,2,0,0,0,0,1,0,0.0098,2,0,0,0,0,0,0,0,0,0
82,27,33,2,3,0,1,1,1,16,0.1909,2,0,1,0,0,0,0,0,3,1
6,16,23,1,0,0,0,0,1,0,0.0,1,0,1,0,1,0,0,0,0,0
94,21,8,6,3,0,1,0,0,20,0.2101,1,0,1,0,0,0,1,1,1,1
22,10,11,3,0,0,0,0,0,0,0.0,0,0,1,0,0,0,0,0,1,0
51,14,15,2,0,0,0,0,3,2,0.0444,0,0,1,0,0,0,0,0,1,0
33,13,22,2,0,0,0,0,0,2,0.0543,0,0,1,0,0,0,0,0,1,0
41,15,7,1,0,0,0,0,0,0,0.0088,1,0,1,0,0,0,0,0,1,0
63,20,25,2,4,0,0,1,0,6,0.0991,0,0,1,0,1,0,2,1,1,1
67,33,3,4,2,0,2,0,1,8,0.1249,3,1,1,0,0,0,1,1,1,1
37,19,16,1,0,0,1,0,0,1,0.0329,0,0,1,0,0,0,0,0,0,0
31,8,29,2,0,0,0,0,2,1,0.0452,0,0,1,0,0,0,0,0,2,0
49,17,0,3,1,0,0,0,0,2,0.0319,0,0,1,0,0,0,0,0,2,0
10,16,14,3,0,0,0,0,1,0,0.032,1,0,1,0,0,0,0,0,0,0
32,2,4,2,0,0,0,0,1,0,0.0,0,0,1,0,0,0,1,0,0,0
26,16,2,4,0,0,0,0,0,0,0.0,0,0,1,0,0,0,0,0,0,0
31,11,0,3,0,0,0,0,0,1,0.0297,0,0,1,0,0,0,0,0,2,0
24,17,19,1,0,0,0,0,0,2,0.0651,1,0,1,0,0,0,1,0,0,0
20,14,21,2,0,0,1,0,0,0,0.0241,0,0,1,0,0,0,0,1,0,0
102,39,0,3,4,0,2,0,1,2,0.018,2,1,1,0,0,1,1,0,1,1
70,19,16,3,2,1,0,0,2,9,0.126,1,0,0,1,0,0,0,0,3,1
41,20,38,3,0,0,1,1,0,4,0.0901,1,0,0,0,0,0,1,0,2,1
37,21,7,1,0,0,0,0,0,0,0.0,0,0,1,0,0,0,0,0,0,0
32,11,0,3,1,0,0,0,0,1,0.0344,0,0,1,0,0,0,0,0,0,0
29,9,10,1,0,0,0,0,0,2,0.0645,0,0,1,0,0,0,0,0,0,0
23,15,0,1,0,0,0,0,0,1,0.0543,1,0,1,0,0,0,0,0,2,0
59,35,18,4,4,0,0,0,0,6,0.104,2,1,1,0,0,1,2,1,2,1
75,16,17,3,0,0,1,1,0,13,0.1676,1,0,1,0,0,0,1,1,1,1
118,11,27,3,1,0,0,1,1,7,0.0621,4,1,0,0,0,0,0,0,5,1
49,22,22,3,2,0,0,0,1,5,0.1016,0,0,1,0,0,1,4,0,2,1
5,21,0,2,0,0,0,0,0,0,0.0,0,0,1,0,0,0,0,0,0,0
124,16,10,6,4,0,0,0,3,32,0.2536,0,0,1,1,1,0,4,0,4,1
27,15,17,2,1,0,0,0,0,1,0.0203,0,0,1,0,0,0,0,1,0,0
41,15,15,2,0,0,1,0,1,1,0.0254,0,0,1,0,0,0,0,0,1,0
55,12,1,2,0,0,0,0,0,4,0.0811,0,0,1,0,0,0,0,0,1,0
40,18,12,3,1,0,0,0,0,0,0.0,2,0,1,0,0,0,0,0,1,0
89,14,26,7,1,0,0,0,0,19,0.2139,2,0,1,1,0,1,0,0,1,1
46,23,27,2,0,0,0,0,0,1,0.0219,0,0,1,0,0,0,0,0,0,0
45,28,48,2,3,0,2,1,1,5,0.1013,1,0,0,0,0,1,3,0,4,1
30,8,10,2,0,0,0,0,0,2,0.0544,1,0,1,0,0,0,0,0,1,0
43,12,20,1,0,0,0,0,0,1,0.031,0,0,1,0,0,0,0,0,1,0
11,18,10,2,0,0,0,0,0,0,0.0434,0,0,1,0,0,0,0,0,0,0
69,20,29,1,1,0,0,2,0,7,0.1027,1,0,0,0,0,1,3,0,2,1
12,10,14,2,0,0,0,0,1,0,0.0,1,0,1,0,0,0,0,0,1,0
14,13,16,1,0,0,2,0,0,0,0.0,1,0,1,0,0,0,0,0,1,0
57,9,21,1,0,0,0,0,1,2,0.0265,0,0,1,0,0,0,0,0,1,0
34,12,11,2,2,0,0,1,1,1,0.0426,0,0,1,0,0,0,1,0,0,0
72,39,22,4,1,0,1,1,1,12,0.1713,2,0,0,0,0,0,2,0,1,1
40,16,0,1,0,0,0,0,0,0,0.0,0,0,1,0,0,0,0,0,1,0
66,29,13,5,5,0,2,1,0,11,0.1692,0,0,0,0,0,1,0,0,5,1
27,20,7,2,0,0,0,0,0,0,0.016,1,0,0,0,0,0,1,0,4,0
56,16,1,3,2,0,0,0,2,7,0.1251,2,0,1,0,0,1,0,1,1,1
87,12,21,1,4,0,1,4,2,7,0.077,3,0,1,0,0,0,4,0,1,1
33,16,11,3,0,0,0,0,0,1,0.0332,0,0,1,0,0,0,0,0,0,0
67,28,0,3,4,0,1,0,2,6,0.0895,3,0,1,0,1,0,0,0,1,1
44,21,12,3,0,0,0,0,0,0,0.009,0,0,1,0,0,0,1,0,0,0
21,14,19,1,0,0,0,0,0,0,0.0,1,0,1,0,0,0,1,0,1,0
41,14,20,1,1,0,0,0,0,1,0.0247,0,0,1,0,0,0,0,0,1,0
35,7,10,1,0,0,0,0,1,0,0.0,0,0,1,0,0,0,0,0,0,0
62,25,39,3,3,0,0,0,0,11,0.1829,2,0,1,1,1,1,2,1,3,1
87,26,15,4,4,0,1,0,0,14,0.1593,2,0,1,0,0,0,3,0,1,1
50,21,2,1,1,0,0,0,1,0,0.0,0,0,1,0,0,0,0,0,0,0
24,22,21,2,0,0,0,0,1,1,0.0411,0,0,1,0,0,0,0,0,0,0
119,16,50,1,4,0,0,0,1,0,0.0,0,0,1,0,0,0,0,0,2,1
61,34,32,3,1,0,0,0,2,0,0.0,0,0,1,0,0,0,1,0,3,1
38,18,18,2,1,0,0,0,0,2,0.0455,0,0,1,0,0,0,0,0,1,0
33,14,17,2,0,0,0,0,0,3,0.0971,0,0,1,0,0,0,0,0,0,0
41,14,20,1,0,0,0,0,0,0,0.0,0,0,1,0,0,0,1,0,1,0
83,17,4,3,1,0,1,0,1,5,0.0636,1,0,0,0,0,0,0,1,1,1
123,14,12,6,0,0,1,1,0,22,0.1822,0,0,0,0,0,0,1,0,2,1
60,43,19,4,2,1,0,1,1,6,0.1003,0,0,1,0,0,0,3,0,2,1
32,23,21,1,0,0,2,0,1,0,0.0,0,0,1,0,0,0,0,0,0,0
91,24,12,1,2,0,1,0,2,15,0.1656,0,0,0,0,1,0,0,0,1,1
45,20,15,1,1,0,0,0,0,1,0.0277,1,0,0,0,0,0,1,0,0,0
42,16,18,2,0,0,0,0,1,1,0.028,0,0,1,0,1,0,0,0,1,0
52,24,34,2,4,1,0,0,2,3,0.0546,1,0,0,0,0,0,2,0,1,1
22,11,21,3,0,0,0,0,0,1,0.0444,0,0,1,0,0,0,0,0,1,0
80,23,33,2,3,0,1,0,1,19,0.2307,3,0,1,0,1,0,3,0,1,1
84,27,42,5,2,0,0,2,3,8,0.0931,1,1,0,0,0,0,1,1,4,1
52,20,23,1,1,0,0,0,0,16,0.3052,2,1,0,0,0,0,2,1,2,1
28,11,9,3,0,0,0,0,1,0,0.0,1,0,1,0,0,0,0,0,1,0
51,12,5,1,1,0,0,0,0,1,0.0291,0,0,1,0,0,0,0,0,0,0
30,9,21,2,1,0,1,0,0,1,0.0207,0,0,1,0,0,0,0,0,0,0
32,13,21,1,2,0,0,0,0,0,0.0,0,0,1,0,0,0,0,0,1,0
33,19,3,2,1,0,0,0,0,0,0.0,2,0,1,0,0,0,1,0,1,0
38,14,2,2,0,0,0,0,0,1,0.0351,0,0,0,0,0,0,1,0,0,0
40,30,39,4,0,0,2,1,1,8,0.209,1,0,0,0,0,0,0,0,6,1
20,17,11,2,0,0,0,0,1,0,0.0079,0,0,1,0,0,1,0,0,2,0
26,11,4,1,1,0,1,0,0,1,0.022,0,0,1,0,0,0,1,0,0,0
86,23,19,2,3,0,0,2,1,11,0.1307,2,0,1,0,0,0,3,0,5,1
36,3,0,2,0,0,0,0,1,0,0.0052,1,0,1,0,0,0,1,0,1,0
76,30,14,6,1,0,0,0,2,16,0.215,0,0,0,0,0,0,1,0,4,1
55,29,43,3,0,0,0,0,2,3,0.0583,2,0,0,0,0,0,2,1,0,1
43,19,12,2,1,0,0,0,0,1,0.0266,0,0,1,0,0,0,0,0,2,0
60,14,59,5,4,0,2,0,2,10,0.168,1,0,0,0,0,0,2,1,2,1
69,30,47,5,2,0,0,1,1,11,0.1644,2,0,1,0,0,0,1,0,0,1
43,11,19,3,0,0,0,0,1,0,0.0,0,0,1,0,0,0,0,0,2,0
30,15,8,2,0,0,0,0,0,0,0.0,1,0,1,0,0,0,0,0,0,0
75,11,38,3,6,0,0,0,2,7,0.0904,2,0,1,0,1,0,1,0,2,1
42,21,23,2,0,0,0,0,0,1,0.0351,0,0,1,0,0,1,0,0,1,0
19,15,2,2,0,0,0,0,0,0,0.0,0,0,1,0,0,0,0,0,0,0
101,21,64,5,1,0,0,0,2,13,0.1338,3,0,0,0,0,1,1,0,2,1
92,29,43,2,1,0,1,1,0,15,0.1657,1,0,1,0,0,0,2,1,3,1
22,15,23,3,0,0,1,0,1,1,0.0366,0,0,1,0,0,0,0,0,1,0
55,28,15,1,1,0,1,0,1,8,0.1488,0,1,1,0,1,0,0,1,0,1
33,9,18,1,1,0,0,0,0,0,0.0,0,0,1,0,0,0,0,0,1,0
35,23,9,0,0,0,0,0,1,0,0.0088,0,0,1,0,0,0,0,0,0,0
81,28,32,3,1,0,1,0,2,14,0.1774,3,0,0,0,0,0,3,0,0,1
56,21,24,3,3,0,0,0,1,4,0.0656,1,0,1,0,0,0,0,0,2,1
31,21,7,1,0,0,0,0,0,0,0.0,0,0,1,0,0,0,0,0,0,0
28,11,0,2,0,0,0,0,0,0,0.0,0,0,1,0,0,0,0,0,0,0
49,19,32,3,1,0,0,0,1,7,0.1459,3,1,0,0,0,0,0,1,0,1
33,25,6,3,0,0,1,0,0,0,0.0,0,0,1,0,0,0,0,0,1,0
52,28,2,5,2,0,1,1,1,1,0.0102,0,0,0,0,0,0,6,1,1,1
47,18,0,2,1,0,0,0,1,2,0.051,0,0,1,0,0,0,0,1,0,0
33,21,0,1,0,0,0,1,0,0,0.0,0,0,1,0,0,0,0,0,0,0
42,14,0,4,3,0,0,0,1,1,0.0233,3,0,1,0,1,0,2,1,3,1
89,28,35,4,4,0,0,0,1,5,0.0611,4,0,1,0,0,0,4,0,1,1
42,21,14,3,0,0,0,0,1,0,0.0041,1,0,1,0,0,0,0,1,2,0
25,28,42,3,0,1,0,0,0,4,0.1533,0,0,0,0,0,0,4,0,2,1
60,30,44,3,4,0,0,0,0,12,0.1999,1,0,1,0,1,1,3,0,2,1
26,14,16,1,0,0,0,1,0,0,0.0046,1,0,1,0,0,0,0,0,0,0
63,37,24,1,2,0,0,0,1,8,0.1197,1,0,0,0,0,0,2,0,4,1
55,32,45,1,2,0,0,0,1,1,0.0152,5,0,0,0,0,0,1,0,1,1
83,22,18,2,1,0,0,0,2,12,0.1494,0,0,1,0,0,1,4,0,2,1
24,18,15,2,1,0,0,0,0,1,0.0279,0,0,1,0,0,0,1,0,1,0
86,19,40,0,3,0,1,1,0,11,0.1295,1,0,0,0,0,1,4,0,6,1
48,26,0,1,0,0,0,0,1,0,0.0,0,0,1,0,0,0,0,0,0,0
65,30,14,2,0,0,1,0,2,5,0.0726,2,1,0,1,0,1,1,1,2,1
32,13,8,2,0,0,0,0,0,0,0.0019,0,0,0,0,0,0,0,1,0,0
34,12,20,2,1,0,0,0,0,1,0.016,0,0,1,0,0,0,0,1,0,0
33,25,43,4,3,0,0,3,1,7,0.2055,2,0,1,0,1,0,2,0,0,1
35,12,11,2,0,0,0,0,0,0,0.0,1,0,1,0,0,0,0,0,1,0
77,34,19,3,2,0,0,0,1,8,0.1014,0,0,0,0,0,0,1,0,0,1
27,22,1,1,2,0,0,0,0,2,0.0608,0,0,1,0,0,0,0,0,0,0
45,24,62,5,1,0,0,0,3,7,0.1468,1,0,0,0,0,1,0,0,1,1
50,13,2,2,0,0,0,0,1,2,0.0344,0,0,1,0,0,0,0,0,1,0
70,1,27,2,8,0,0,0,1,13,0.1871,2,0,0,0,0,0,3,1,1,1
100,22,8,1,1,0,0,0,0,23,0.2322,0,1,0,1,0,0,0,0,1,1
55,14,15,1,0,0,0,0,0,2,0.0432,0,0,1,0,0,0,0,0,1,0
80,39,51,4,2,1,2,0,1,8,0.1013,0,0,0,0,0,0,2,1,1,1
85,35,1,3,0,0,2,0,0,14,0.1611,3,1,0,0,1,0,1,0,1,1
92,19,13,2,3,0,2,0,1,18,0.1971,1,1,0,0,0,0,3,0,4,1
19,12,0,4,0,0,0,0,0,1,0.0588,0,0,1,0,0,0,1,0,1,0
44,11,2,2,0,0,1,0,1,3,0.0785,1,0,1,0,0,0,0,1,1,0
15,15,0,1,0,0,1,1,1,0,0.0205,1,0,1,0,0,0,0,0,0,0
26,9,0,1,0,0,0,0,0,1,0.0353,1,0,1,0,0,0,1,0,1,0
75,23,20,3,3,0,0,1,2,16,0.2115,2,0,0,0,0,0,2,1,3,1
121,15,43,2,5,0,0,0,0,15,0.1249,2,0,0,0,1,0,3,1,4,1
45,14,15,2,0,0,0,0,0,1,0.0186,0,0,1,0,0,0,0,0,0,0
27,15,5,2,2,0,0,0,0,1,0.0291,0,0,1,0,0,0,0,0,0,0
50,32,20,8,0,0,0,0,2,1,0.0163,1,0,0,0,1,0,5,0,4,1
48,16,9,2,2,0,0,0,1,1,0.0213,1,0,1,0,0,0,0,0,2,0
40,28,12,2,5,0,0,1,2,4,0.1008,0,0,0,0,0,0,1,1,3,1
24,22,0,2,1,0,0,0,1,0,0.0165,0,0,1,0,0,0,0,0,0,0
92,15,14,3,1,0,0,1,1,27,0.2924,0,1,0,0,1,0,2,1,3,1
85,21,16,4,0,0,1,1,1,10,0.1151,1,0,0,0,0,1,3,1,3,1
13,21,7,3,0,0,0,0,0,1,0.0651,1,0,1,0,0,0,0,0,1,0
44,16,27,3,0,0,0,0,0,3,0.061,0,0,1,0,0,0,0,1,0,0
30,7,16,1,0,0,0,0,0,1,0.0317,0,0,0,0,0,0,0,0,1,0
24,11,5,2,0,0,0,0,0,0,0.0064,1,0,1,0,0,0,0,0,1,0
18,11,3,1,0,0,1,0,0,0,0.0,1,0,1,0,0,0,0,0,0,0
94,26,36,2,1,0,0,0,0,3,0.032,2,1,0,0,0,0,1,0,5,1
12,16,17,3,0,0,0,0,0,0,0.0153,0,0,1,0,0,0,0,0,0,0
52,20,10,3,1,0,0,0,0,0,0.0063,0,0,1,0,1,0,0,0,1,0
18,14,8,2,1,0,0,0,0,0,0.0081,0,0,1,0,0,0,0,0,3,0
50,21,5,2,2,0,0,0,0,0,0.0,1,0,1,0,0,0,1,0,1,0
36,14,1,1,1,0,0,0,0,0,0.0,0,0,1,0,0,0,0,0,2,0
28,15,5,2,0,0,0,0,0,0,0.0,0,0,1,0,0,0,0,0,0,0
35,21,9,2,0,0,0,0,0,0,0.0033,1,0,1,0,0,0,0,0,2,0
15,35,18,2,2,0,1,0,1,2,0.1446,2,0,0,0,1,0,1,0,1,1
81,8,0,4,2,0,1,0,2,11,0.1307,2,0,0,0,0,0,3,0,5,1
52,32,22,6,3,0,0,0,0,7,0.1413,2,1,0,0,0,0,0,0,1,1
76,25,31,4,0,1,0,2,1,1,0.0142,2,0,1,0,0,0,1,0,3,1
56,15,20,3,0,0,0,0,1,3,0.0564,0,0,1,0,1,0,0,0,1,0
29,22,11,1,1,0,0,0,0,0,0.0,0,0,1,0,0,0,0,0,0,0
15,21,0,2,0,0,0,0,0,1,0.0394,0,0,1,0,0,0,1,0,0,0
96,19,17,3,3,0,1,2,1,12,0.1262,0,0,1,0,1,0,0,1,3,1
21,24,8,2,0,0,0,0,0,0,0.0082,0,0,1,0,0,0,0,1,1,0
32,8,14,2,0,0,0,0,0,1,0.0318,1,0,1,0,0,0,0,0,2,0
29,20,12,2,0,0,0,0,0,0,0.0035,1,0,1,0,0,0,0,0,1,0
7,24,18,2,0,0,0,0,0,0,0.0249,0,0,1,0,1,0,0,0,0,0
2,7,9,2,0,0,0,0,0,0,0.0118,1,0,1,0,0,0,0,0,0,0
53,17,4,3,1,1,1,1,1,0,0.0091,2,1,0,0,0,0,1,0,4,1
61,39,27,4,3,0,0,0,1,7,0.1158,0,0,0,0,0,0,2,1,1,1
68,16,36,6,2,1,1,0,2,8,0.1228,1,1,1,0,0,0,1,0,3,1
78,16,18,2,1,1,0,1,1,11,0.1452,1,0,0,1,0,0,3,0,4,1
84,34,52,1,2,0,0,0,1,11,0.1279,2,0,1,0,0,0,3,1,1,1
21,20,18,2,0,0,0,0,1,1,0.0254,0,0,1,0,0,0,0,0,0,0
25,18,11,3,0,0,0,0,0,0,0.0,0,0,1,0,0,0,0,0,1,0
87,25,19,4,0,0,1,0,0,13,0.1451,2,0,0,0,0,0,1,1,1,1
41,19,3,2,0,0,0,0,0,1,0.0219,1,0,1,0,0,0,0,0,0,0
28,11,0,3,0,0,0,0,0,0,0.0147,0,0,1,0,0,0,0,0,0,0
70,22,11,4,3,0,0,0,1,4,0.0556,0,0,0,0,0,0,3,1,1,1
34,21,33,3,1,0,0,0,3,4,0.1142,4,1,0,0,0,0,1,1,3,1
36,18,5,1,0,0,0,0,0,0,0.0,1,0,1,0,0,0,0,0,2,0
53,13,14,2,0,0,0,0,0,3,0.0624,1,0,1,0,0,0,0,0,0,0
40,16,22,2,0,0,0,0,1,1,0.03,0,0,1,0,0,0,0,0,0,0
80,20,31,6,1,0,0,0,1,15,0.1905,1,1,1,0,0,0,1,0,1,1
21,9,24,0,0,0,0,0,0,1,0.054,1,0,1,0,1,0,0,0,1,0
111,23,24,3,1,0,1,0,2,19,0.1736,0,0,1,0,0,0,3,0,4,1
89,26,21,5,2,1,1,0,2,19,0.2132,1,1,0,0,0,0,0,1,3,1
45,8,15,1,1,0,0,0,1,1,0.0193,0,0,1,0,0,0,0,1,1,0
27,12,22,1,0,0,0,0,0,0,0.0,0,0,1,0,0,0,0,0,1,0
93,33,14,2,3,0,2,2,1,21,0.231,0,0,0,0,0,0,1,1,3,1
10,13,11,2,0,0,0,0,1,0,0.0,0,0,1,0,0,0,0,1,0,0
49,15,10,2,0,0,0,0,0,0,0.0059,2,0,0,0,0,0,0,0,1,0
89,15,52,5,2,0,0,0,0,8,0.0917,1,0,0,0,0,1,2,1,1,1
73,41,7,3,2,0,0,0,2,7,0.1005,2,0,1,0,0,0,4,0,1,1
110,24,43,2,2,0,1,0,2,21,0.1946,1,1,1,0,0,0,3,1,2,1
25,28,49,1,3,0,2,0,1,4,0.1635,1,0,1,0,0,0,2,0,3,1
72,23,45,4,5,0,0,0,1,4,0.0545,2,0,0,0,0,0,4,0,2,1
74,23,20,3,1,0,0,0,1,19,0.2645,2,1,0,0,0,1,0,1,0,1
34,10,10,2,0,0,0,0,1,1,0.0278,0,0,1,0,0,0,0,0,1,0
28,16,17,1,0,0,0,0,1,2,0.0581,0,0,1,0,0,0,0,0,1,0
70,28,13,4,0,0,1,0,0,7,0.0989,0,0,0,1,0,0,1,0,4,1
3,26,21,2,0,0,0,0,0,0,0.0473,0,0,1,0,0,0,1,0,0,0
35,17,0,3,2,0,1,0,1,2,0.0586,0,0,1,0,0,0,0,0,0,0
50,16,46,3,0,0,1,0,1,0,0.0,0,1,1,0,0,0,4,0,2,1
33,10,13,1,0,0,0,0,0,1,0.0276,0,0,1,0,0,0,0,0,1,0
45,22,10,2,0,0,0,0,0,3,0.0628,1,0,1,0,0,0,0,0,1,0
28,25,51,2,1,0,1,1,1,0,0.0,4,0,0,0,0,0,1,0,5,1
82,22,6,5,4,0,0,0,0,0,0.0,3,0,1,0,1,0,3,1,3,1
95,26,26,6,4,0,0,0,2,2,0.0234,1,0,1,0,1,0,4,0,1,1
33,19,10,3,2,0,0,0,0,1,0.0422,1,0,1,0,0,0,0,0,0,0
100,32,36,2,1,0,1,0,1,3,0.0299,0,0,1,0,0,0,2,1,0,1
45,26,4,0,0,0,0,0,0,1,0.0292,0,0,1,0,0,0,0,0,0,0
82,22,38,3,2,0,1,0,2,14,0.1728,1,0,1,0,0,0,0,1,4,1
67,41,47,3,2,0,1,1,1,10,0.1481,1,0,0,0,0,0,3,1,7,1
38,19,13,2,1,0,0,0,0,0,0.0007,0,0,1,0,0,0,0,0,0,0
63,16,13,3,5,0,0,1,1,11,0.1681,2,1,1,0,0,1,5,1,1,1
74,21,38,6,3,0,1,2,3,8,0.1093,4,0,1,1,0,0,2,1,6,1
17,16,0,2,1,0,0,0,0,1,0.0861,0,0,1,0,0,0,0,0,1,0
70,21,19,1,0,0,0,0,0,7,0.095,1,0,1,0,1,0,2,0,3,1
28,30,0,5,1,0,0,0,1,5,0.1773,0,0,0,0,0,0,2,1,1,1
53,28,10,2,1,0,0,0,0,1,0.0106,1,0,1,0,1,0,0,0,1,0
44,17,0,2,0,0,0,0,1,0,0.0053,2,0,1,0,0,0,0,0,0,0
24,9,24,1,0,0,0,0,3,0,0.0,1,0,1,0,1,0,0,0,2,0
24,10,16,1,1,0,0,0,0,1,0.0221,1,0,1,0,0,0,0,0,0,0
34,21,44,3,1,0,1,0,1,3,0.0844,0,0,1,0,0,0,1,1,1,1
17,10,22,2,0,0,0,0,1,0,0.0028,0,0,1,0,0,0,0,0,5,0
34,27,22,7,4,0,1,0,1,3,0.0806,3,0,0,0,0,0,1,1,1,1
20,21,7,6,1,0,0,1,5,4,0.2109,1,1,0,0,1,0,3,0,0,1
51,21,12,2,0,0,0,0,1,3,0.058,0,0,1,0,0,0,0,0,0,0
27,40,16,5,2,0,0,0,2,2,0.0871,1,0,0,0,0,0,3,0,3,1
39,35,23,2,2,0,0,0,1,5,0.1172,1,0,0,0,0,0,1,0,1,1
20,15,15,3,0,0,0,0,0,0,0.0,1,0,0,0,0,0,0,0,1,0
29,2,21,1,0,0,1,1,1,0,0.0,1,0,1,0,0,0,0,0,1,0
41,14,16,1,1,0,0,0,0,1,0.03,0,0,1,0,0,0,1,0,2,0
41,19,19,2,3,0,0,1,1,6,0.1514,1,0,1,0,1,0,6,0,2,1
14,13,13,1,0,0,0,0,1,1,0.0375,0,0,1,0,0,0,0,0,1,0
108,9,35,5,2,0,2,0,3,0,0.0,1,0,1,0,0,0,2,1,0,1
30,13,32,2,1,0,0,0,1,2,0.0529,1,0,1,0,0,0,0,1,0,0
27,12,2,2,0,0,0,0,2,1,0.0276,0,0,1,0,0,0,0,0,0,0
27,19,18,4,2,0,1,0,1,0,0.0,2,0,0,0,0,0,2,0,1,1
51,15,22,1,0,0,1,0,1,2,0.0398,0,0,1,0,0,0,0,0,1,0
28,14,10,2,0,0,0,1,1,0,0.0,0,0,1,0,0,0,0,0,0,0
35,31,18,5,1,0,2,1,5,6,0.1766,0,0,1,0,0,0,1,0,4,1
24,12,8,1,0,0,0,0,0,0,0.0,0,0,0,0,0,0,0,0,0,0
27,10,30,2,0,0,0,0,0,2,0.0568,1,0,1,0,0,0,0,0,1,0
16,12,27,4,1,1,1,1,1,0,0.0177,1,1,0,0,0,0,0,0,0,1
39,16,13,2,0,0,0,0,0,1,0.0317,1,0,1,0,0,1,0,0,3,0
68,23,28,5,1,0,0,1,0,2,0.0282,0,1,1,0,0,1,1,0,0,1
39,16,12,2,0,0,0,0,0,0,0.0,0,0,1,0,0,0,0,1,0,0
69,30,11,5,3,0,0,0,0,1,0.0112,0,0,0,0,0,0,2,1,1,1
49,17,5,1,0,0,0,0,0,2,0.0479,0,0,1,0,0,0,0,0,1,0
112,27,19,3,2,0,1,0,0,4,0.0341,1,0,1,0,0,0,5,0,4,1
67,16,25,1,2,0,2,1,1,4,0.0664,1,0,0,0,0,0,4,0,1,1
54,18,31,5,2,0,0,4,0,9,0.1645,0,1,1,0,0,0,2,0,3,1
92,20,16,4,3,0,1,1,1,5,0.0574,0,0,1,0,0,0,2,0,1,1
26,14,10,3,2,0,0,0,1,0,0.0,2,0,1,0,0,0,0,0,3,0
43,25,17,3,0,0,0,0,0,2,0.0422,1,0,1,0,1,0,0,0,1,0
83,32,19,4,1,0,1,2,3,11,0.1301,1,0,0,0,0,0,3,0,0,1
83,20,17,5,3,0,0,0,0,12,0.1447,2,0,0,0,0,1,2,1,3,1
59,25,55,2,1,0,2,0,1,8,0.1286,1,1,1,1,0,0,5,0,0,1
25,18,24,3,0,0,0,0,0,1,0.0349,1,0,1,0,0,0,0,0,2,0
81,18,7,5,3,0,0,0,4,13,0.1628,0,1,1,0,0,0,0,0,2,1
89,21,49,3,3,0,0,1,1,2,0.0256,0,0,1,0,0,0,2,0,2,1
49,14,20,1,0,0,1,0,0,3,0.0542,0,0,1,1,0,0,0,0,1,0
45,11,2,1,0,0,0,0,0,2,0.041,0,0,1,0,0,0,0,0,1,0
86,18,10,2,3,0,1,1,0,5,0.0562,1,1,1,0,0,0,1,0,2,1
44,28,38,3,1,0,0,0,2,5,0.12,3,0,1,0,1,1,1,0,1,1
65,13,12,3,1,0,1,1,0,4,0.0599,2,1,0,1,0,0,0,0,0,1
93,17,47,1,1,1,1,0,2,22,0.2387,0,1,0,0,0,0,3,1,3,1
40,10,3,1,1,0,0,0,0,1,0.0337,1,0,1,0,0,0,0,0,0,0
63,25,9,6,2,0,1,0,1,16,0.2571,0,1,0,0,0,1,1,0,0,1
74,35,56,3,0,1,0,0,2,7,0.089,1,0,0,0,0,0,0,1,4,1
50,18,15,2,0,0,1,2,0,3,0.058,1,0,1,0,0,0,0,0,1,0
32,16,17,2,0,0,0,0,0,1,0.038,0,0,1,0,0,0,0,0,1,0
34,9,0,2,0,0,0,0,0,0,0.0072,0,0,1,0,0,0,0,0,1,0
75,17,27,4,0,0,1,0,0,12,0.1553,1,0,0,0,0,0,1,1,0,1
43,12,10,1,3,0,0,0,0,1,0.0315,0,0,1,0,0,0,0,0,0,0
53,19,7,0,0,0,0,0,0,3,0.0546,0,0,0,0,0,0,0,0,2,0
54,25,18,1,0,0,0,0,1,1,0.0215,0,0,1,0,0,0,0,0,2,0
77,29,58,2,7,0,0,2,5,11,0.1422,0,0,1,0,0,0,3,0,4,1
96,19,20,5,4,0,0,0,0,1,0.0113,1,1,0,0,0,1,1,0,3,1
38,22,5,2,1,0,0,0,1,0,0.0,0,0,1,0,0,0,0,0,2,0
37,12,10,2,0,1,0,0,1,0,0.0,0,0,1,0,0,0,0,0,0,0
26,15,4,1,0,0,0,0,0,1,0.0332,0,0,1,0,0,0,0,0,0,0
32,7,7,3,1,0,0,0,0,2,0.064,1,0,1,0,0,0,0,0,1,0
29,34,70,2,1,1,0,1,1,1,0.0339,0,1,0,0,0,0,2,1,1,1
32,17,7,2,0,0,0,0,0,0,0.0,1,0,1,0,0,0,0,0,1,0
36,28,44,4,3,0,1,0,0,1,0.0353,0,0,0,0,0,0,2,1,2,1
31,19,12,2,0,0,0,0,0,1,0.0367,1,1,1,0,0,0,0,0,1,0
50,7,19,1,0,0,0,0,0,0,0.006,0,0,1,0,0,0,1,0,2,0
54,16,8,2,0,0,0,0,0,0,0.0,1,0,1,0,0,0,0,0,2,0
46,21,41,1,2,0,1,0,1,5,0.1009,0,0,0,0,0,0,0,0,2,1
91,28,10,5,1,0,1,0,1,0,0.0,1,0,0,0,0,0,2,0,3,1
44,18,9,2,0,0,0,0,0,0,0.0,1,0,1,0,0,0,1,0,3,0
96,17,30,2,1,0,1,0,3,10,0.1038,2,1,1,0,1,0,2,1,2,1
52,12,52,4,0,0,0,1,1,9,0.1667,6,0,0,0,0,0,1,0,2,1
65,15,8,1,0,0,2,1,1,12,0.184,0,0,0,0,0,0,1,0,1,1
28,23,14,1,1,0,0,0,0,2,0.0737,1,0,1,0,0,0,0,0,2,0
41,14,28,3,3,0,0,0,0,0,0.0,1,0,1,0,0,0,1,0,1,0
35,8,18,2,0,0,0,0,0,1,0.028,1,0,1,0,0,0,0,0,1,0
24,20,13,2,0,0,0,0,0,0,0.0,0,0,1,0,0,0,0,0,0,0
66,17,30,2,6,0,1,2,1,8,0.1273,4,0,1,0,0,0,2,1,1,1
86,27,28,5,2,1,0,1,1,11,0.1258,3,0,0,0,0,0,0,1,3,1
42,24,31,6,3,0,0,0,2,5,0.1219,1,0,1,0,0,0,0,1,3,1
71,18,34,3,2,1,0,1,0,0,0.0017,0,1,0,0,0,0,2,0,3,1
84,22,49,4,2,1,1,0,1,18,0.2105,2,0,0,0,0,0,3,1,5,1
22,4,12,2,1,0,0,0,1,1,0.0291,0,0,1,0,1,0,1,0,1,0
51,13,4,2,2,0,0,0,0,3,0.0592,0,0,1,0,0,0,0,0,0,0
46,13,1,0,0,0,0,0,0,0,0.0059,0,0,1,0,0,0,0,0,3,0
55,22,30,2,3,0,1,2,0,6,0.1092,3,0,0,0,0,0,6,1,3,1
26,19,22,0,0,0,0,0,0,1,0.0462,0,0,1,0,0,0,0,0,0,0
41,21,12,1,0,0,0,0,0,0,0.0,0,0,1,0,0,0,0,0,1,0
65,29,5,2,2,0,0,0,0,6,0.0915,0,0,1,0,0,0,0,0,3,1
33,18,2,0,1,0,0,0,0,1,0.0242,0,0,1,0,0,0,0,0,1,0
36,20,20,1,0,0,0,0,1,1,0.036,0,0,1,0,0,0,0,0,1,0
69,27,18,3,1,0,2,1,1,8,0.1095,3,0,1,0,0,0,2,0,3,1
27,10,13,3,0,0,0,0,0,0,0.0029,1,0,1,0,0,0,0,0,0,0
45,32,12,2,0,0,0,0,0,2,0.0517,0,0,1,0,0,0,0,0,1,0
46,26,31,3,3,0,1,1,3,10,0.2234,1,0,1,0,0,0,1,1,1,1
44,14,19,1,0,0,0,0,0,2,0.037,0,0,1,0,0,0,0,0,4,0
113,17,26,1,3,0,1,0,1,16,0.1434,3,0,0,0,0,0,4,1,3,1
38,17,20,4,1,0,1,0,1,1,0.0307,0,0,0,0,0,1,5,0,1,1
20,19,14,2,1,0,0,0,1,0,0.0213,1,0,1,0,0,0,0,0,2,0
35,25,7,2,0,0,0,0,0,0,0.0,0,0,1,0,0,0,0,0,0,0
31,9,0,2,0,0,0,0,1,1,0.0465,1,0,1,0,0,0,0,0,1,0
10,13,11,3,0,0,0,0,0,0,0.0,0,0,1,0,0,0,0,0,1,0
37,13,1,2,1,0,0,0,0,1,0.0197,1,0,1,0,0,0,0,0,1,0
29,9,13,1,0,0,0,0,2,0,0.0,1,0,1,0,0,0,0,0,0,0
82,28,25,5,0,0,2,0,2,14,0.1667,0,0,1,0,0,0,5,1,1,1
50,19,49,4,1,0,0,0,0,2,0.0324,3,0,0,0,0,1,3,0,2,1
70,26,59,4,2,0,0,0,0,8,0.1158,1,0,0,0,0,0,0,0,0,1
11,22,13,3,1,0,0,0,1,0,0.0175,0,0,1,0,0,0,0,0,0,0
39,22,40,5,2,0,0,1,0,6,0.1542,1,0,1,0,0,0,0,1,2,1
62,25,37,4,2,0,1,1,2,9,0.1391,3,0,1,0,0,0,0,0,0,1
107,11,0,1,0,0,0,2,1,25,0.2383,0,0,0,0,1,0,1,0,1,1
61,28,5,3,3,0,0,0,0,3,0.0455,0,0,1,0,0,0,0,0,0,0
48,33,36,2,1,0,0,0,2,5,0.112,0,0,1,0,0,0,3,1,1,1
41,18,39,2,4,0,0,1,2,8,0.2035,1,0,0,1,0,0,3,1,3,1
37,45,36,4,1,0,0,0,0,4,0.1128,1,0,1,0,0,0,1,1,2,1
46,15,17,1,1,0,0,0,0,1,0.0138,1,0,1,0,0,0,0,1,3,0
29,34,21,5,2,1,0,1,4,5,0.1664,1,0,1,0,0,1,2,1,3,1
57,14,12,2,1,0,0,0,2,0,0.0,1,0,1,0,0,0,0,0,0,0
27,11,13,1,0,0,0,0,0,1,0.0226,1,0,1,0,0,0,0,0,2,0
94,22,25,3,0,0,0,1,1,11,0.1166,1,1,0,0,0,0,0,0,5,1
30,16,10,2,0,0,0,0,0,2,0.0706,1,0,1,0,0,0,1,0,1,0
67,24,50,4,1,0,2,0,0,0,0.0019,1,0,0,0,0,0,3,0,3,1
73,35,31,5,2,0,0,0,2,3,0.0383,1,0,0,0,0,0,1,1,2,1
27,14,8,2,0,0,0,0,0,1,0.0448,1,0,1,1,0,0,0,1,2,0
34,13,9,1,0,0,0,0,0,2,0.0611,0,0,1,0,0,0,0,0,0,0
97,31,14,4,2,0,2,0,1,21,0.213,2,0,1,0,0,0,0,0,2,1
28,21,8,1,4,0,1,0,0,1,0.023,1,0,0,0,0,0,1,0,2,1
51,31,55,4,2,0,0,1,5,12,0.241,2,0,0,0,0,1,0,0,4,1
30,19,1,1,0,0,0,0,0,0,0.0113,0,0,1,0,0,0,1,0,0,0
38,22,31,0,1,0,1,1,1,0,0.0,2,0,0,0,0,0,3,0,2,1
17,21,9,2,0,0,0,0,0,0,0.0024,0,0,1,0,0,0,1,0,1,0
35,10,3,3,3,0,0,0,0,0,0.0,0,1,1,0,0,0,2,0,0,1
77,16,35,2,2,0,0,0,0,21,0.2739,1,0,0,0,0,0,2,1,3,1
106,30,47,2,1,0,0,0,1,1,0.0139,2,1,0,0,0,1,5,0,2,1
32,16,29,1,0,0,0,0,0,1,0.0265,1,0,1,0,0,0,0,0,0,0
53,33,47,4,2,0,1,0,0,0,0.0,0,0,1,0,0,0,2,1,2,1
80,31,26,7,3,1,0,0,0,8,0.0944,3,0,0,0,0,1,1,1,1,1
101,25,17,4,0,0,1,1,1,10,0.1005,2,0,0,0,0,1,2,0,1,1
66,23,37,3,3,0,1,0,3,7,0.108,2,1,1,0,1,0,2,1,1,1
31,10,0,1,1,0,0,0,1,1,0.0411,1,0,1,0,0,0,0,0,0,0
32,26,8,2,0,0,0,0,0,2,0.055,2,0,1,0,0,0,0,0,1,0
28,13,15,2,0,0,0,0,0,0,0.0007,0,0,1,0,0,0,0,0,1,0
31,14,16,2,1,0,0,0,0,2,0.0491,1,0,1,0,0,0,0,0,2,0
31,15,25,2,1,0,0,0,1,1,0.0182,0,0,1,0,0,0,0,0,2,0
34,10,9,2,0,0,0,0,1,0,0.0142,0,0,1,0,0,0,0,0,2,0
46,10,14,1,1,0,0,0,0,1,0.0178,0,0,1,0,0,0,0,0,0,0
46,17,16,1,0,0,0,0,0,1,0.0202,0,0,0,0,0,1,0,0,1,0
49,11,17,2,0,0,0,0,1,0,0.0,1,0,1,0,0,0,1,0,3,0
37,16,20,5,0,0,0,2,1,5,0.1393,3,0,0,0,1,0,2,1,0,1
38,21,0,5,1,0,0,0,0,7,0.1863,0,0,0,0,0,0,4,1,1,1
16,5,23,2,0,0,0,0,1,1,0.0698,1,0,1,0,0,0,0,0,0,0
32,20,34,1,2,0,0,0,0,3,0.1032,3,0,0,0,0,1,3,0,2,1
80,16,1,2,1,0,0,1,1,4,0.0544,3,0,1,0,0,0,3,1,2,1
28,18,2,4,1,0,0,0,0,0,0.0141,0,0,1,0,0,0,0,0,1,0
75,27,41,2,1,0,0,1,0,21,0.2852,1,0,1,0,0,0,4,0,5,1
103,23,53,3,1,0,4,0,2,2,0.0209,2,0,1,0,0,0,3,0,1,1
22,14,19,0,0,0,0,0,0,1,0.0536,0,0,1,0,0,0,0,0,1,0
30,16,18,3,0,0,0,0,0,1,0.0385,0,0,1,0,0,0,0,0,0,0
6,14,4,2,0,0,0,0,0,0,0.0318,0,0,1,0,0,0,1,0,0,0
71,21,28,6,2,0,0,0,1,13,0.1843,1,0,0,0,0,0,5,0,4,1
84,22,43,5,1,0,0,1,1,11,0.1303,1,0,1,0,0,0,0,1,3,1
31,9,14,2,1,0,0,0,1,0,0.008,1,0,1,0,0,0,0,0,1,0
81,28,24,3,0,0,1,1,1,15,0.1834,1,0,0,0,0,0,1,0,3,1
12,16,22,1,1,0,0,0,0,0,0.0053,2,0,1,0,0,0,0,1,1,0
54,23,12,2,1,0,1,1,0,6,0.1094,0,1,0,0,0,0,0,0,5,1
34,18,17,2,0,0,0,0,0,0,0.0079,0,0,1,0,0,0,0,0,1,0
32,16,5,2,0,0,0,0,1,1,0.0216,1,0,1,0,0,0,1,0,1,0
29,3,14,1,0,0,0,0,0,1,0.0457,0,0,1,0,0,0,0,0,1,0
132,18,23,2,4,0,1,0,1,4,0.0319,2,1,0,0,1,0,1,0,1,1
113,18,37,4,3,0,1,0,1,21,0.1828,2,0,0,1,1,0,2,1,4,1
95,35,16,3,1,0,1,0,1,11,0.1143,1,0,0,0,0,0,2,0,3,1
29,14,2,1,1,0,0,0,0,0,0.0,0,0,1,0,1,0,0,0,1,0
88,25,48,5,3,0,0,0,0,10,0.1199,1,1,0,0,1,0,1,0,0,1
77,18,26,3,1,0,2,1,1,13,0.1734,2,1,1,0,0,0,2,0,3,1
41,14,54,3,5,0,1,0,0,9,0.2128,0,0,0,0,0,0,0,0,2,1
22,18,5,2,1,0,0,0,1,0,0.0,0,0,1,0,0,0,0,0,1,0
128,21,39,2,5,0,0,1,0,8,0.0593,2,0,1,0,0,0,2,0,2,1
26,15,9,2,0,0,0,0,0,1,0.0326,0,0,1,0,0,0,0,0,0,0
83,28,27,4,1,0,2,0,1,17,0.2078,1,0,1,0,0,1,4,0,0,1
12,4,9,1,1,0,0,0,1,1,0.0417,0,0,1,0,0,0,0,0,2,0
79,18,42,2,1,1,2,0,0,8,0.0966,0,0,1,0,0,0,2,0,1,1
50,14,19,1,1,0,0,0,0,2,0.0443,1,0,1,0,0,0,0,0,1,0
51,22,19,2,2,0,0,0,0,2,0.0407,2,0,1,0,0,0,0,0,2,0
67,19,68,2,1,0,1,0,0,8,0.1252,2,0,1,0,0,0,2,0,2,1
111,19,17,4,2,0,0,0,3,18,0.1622,1,0,0,0,0,0,0,0,3,1
61,1,50,1,4,0,0,0,3,20,0.3223,2,0,0,0,0,1,0,0,1,1
74,31,38,3,2,0,0,0,1,9,0.1152,1,1,1,0,0,0,1,0,4,1
38,28,6,1,0,0,1,0,0,0,0.0,0,0,1,0,0,0,0,0,1,0
11,11,17,0,0,0,0,0,0,0,0.0317,0,0,1,0,0,1,0,0,0,0
61,21,23,3,1,0,0,1,2,8,0.1247,2,0,0,0,1,0,2,0,2,1
30,5,10,1,1,0,0,0,0,1,0.026,0,0,1,0,0,0,0,0,0,0
17,23,20,3,1,0,0,0,0,0,0.0,1,0,1,0,0,0,0,0,0,0
94,28,22,4,2,0,0,0,0,24,0.2587,2,0,1,0,0,1,0,0,2,1
2,8,2,3,0,0,0,0,0,0,0.046,1,0,1,0,0,0,0,0,1,0
59,34,29,1,2,0,1,0,1,3,0.0514,1,1,0,0,0,0,2,0,1,1
68,26,36,5,1,1,1,0,3,15,0.2263,2,0,0,0,0,0,3,1,1,1
32,14,5,2,1,0,0,0,0,1,0.0268,0,0,1,0,0,0,0,0,0,0
39,10,11,1,0,0,0,0,0,0,0.0,0,0,1,0,0,0,1,0,0,0
26,10,14,2,0,0,0,0,0,1,0.0221,0,0,1,0,0,0,0,0,1,0
34,16,12,1,1,0,1,0,0,1,0.0365,0,0,1,0,0,0,0,0,2,0
94,21,32,4,1,0,1,0,0,14,0.1448,1,1,0,0,0,1,1,0,0,1
26,10,11,2,1,0,0,0,0,0,0.0065,1,0,1,0,0,0,0,0,0,0
99,22,34,2,0,0,1,1,1,5,0.0501,3,0,1,0,0,0,1,0,1,1
25,23,15,2,1,0,0,0,1,2,0.0696,0,0,1,0,0,0,0,0,1,0
16,12,21,2,1,0,0,0,0,1,0.0497,0,0,1,0,0,0,0,0,0,0
28,11,34,6,4,0,0,0,1,4,0.1502,2,0,1,0,0,0,3,0,4,1
112,30,51,3,0,0,1,0,0,22,0.1966,0,0,0,0,0,0,1,0,2,1
30,15,9,3,1,0,0,0,0,0,0.0005,1,0,1,0,0,0,0,0,0,0
44,21,54,3,3,0,0,0,1,7,0.1527,1,0,0,0,0,0,1,1,2,1
57,24,34,4,0,1,1,0,0,0,0.0,2,0,1,0,0,0,2,0,1,1
108,17,30,7,1,0,2,1,1,10,0.0956,1,1,1,0,1,1,0,0,2,1
27,19,12,3,0,0,0,0,0,2,0.0629,0,0,1,0,0,0,0,0,1,0
101,36,37,4,2,0,0,0,2,9,0.0905,1,0,1,0,0,0,3,0,5,1
46,17,1,3,0,0,0,0,1,1,0.0185,1,0,1,0,0,0,0,0,1,0
15,14,17,2,0,0,0,0,2,1,0.0564,1,0,1,0,0,0,0,1,1,0
113,23,44,4,5,0,1,0,2,0,0.0,1,1,0,1,0,1,0,0,1,1
64,16,25,4,2,0,0,3,0,15,0.2389,3,0,1,0,0,0,0,1,2,1
102,36,0,3,2,0,0,1,1,14,0.1409,1,0,1,0,0,0,3,0,2,1
101,26,48,3,1,0,2,1,0,3,0.0311,3,0,0,0,0,0,1,0,3,1
39,17,4,2,0,0,0,0,0,1,0.0195,0,0,1,0,0,1,1,0,1,0
32,18,7,2,0,0,0,0,0,0,0.0,0,0,1,0,0,0,0,0,1,0
87,25,30,2,2,0,0,1,2,10,0.1157,1,1,1,0,0,0,1,1,3,1
21,18,11,2,2,0,0,0,0,0,0.0,1,0,1,0,0,0,0,0,0,0
43,17,38,5,3,0,0,1,0,2,0.0411,1,0,0,0,0,0,0,0,1,1
42,16,12,1,0,0,0,1,0,1,0.028,0,0,1,0,0,0,0,0,2,0
12,27,20,6,3,0,1,1,1,2,0.1393,2,0,0,0,0,1,2,1,1,1
33,15,11,2,0,0,0,0,1,0,0.0121,1,0,1,0,0,0,0,0,0,0
57,20,30,0,5,0,0,0,1,9,0.1592,2,1,1,0,0,0,1,1,4,1
48,19,33,5,1,0,0,1,2,8,0.1761,4,0,1,0,1,0,1,0,4,1
106,20,23,4,3,0,0,0,2,8,0.0752,0,0,1,0,0,1,1,0,4,1
53,19,50,4,0,0,2,1,1,4,0.0812,0,1,1,0,0,0,2,1,3,1
78,2,17,3,1,0,0,0,0,0,0.0016,0,0,0,0,0,1,4,0,0,1
17,9,11,3,1,0,0,0,0,1,0.0624,0,0,0,0,0,0,1,0,0,0
36,25,28,1,0,0,0,0,0,0,0.0082,0,0,1,0,0,0,0,0,2,0
40,9,7,2,0,0,1,0,1,3,0.0644,0,0,1,0,0,0,1,0,1,0
59,28,35,5,3,1,0,0,0,3,0.0461,0,0,0,0,0,0,2,1,3,1
12,16,5,1,1,0,0,0,0,1,0.0466,0,0,1,0,0,0,0,0,2,0
34,7,12,1,0,0,0,0,0,2,0.0705,0,0,1,0,0,0,0,0,1,0
2,16,17,2,1,0,0,0,0,0,0.0423,2,0,1,0,0,0,0,0,0,0
48,21,19,2,1,0,0,1,0,3,0.0523,0,0,1,0,0,1,0,1,0,0
25,19,10,1,0,0,0,0,0,0,0.0197,0,0,1,0,0,0,0,0,0,0
18,13,4,2,1,0,1,0,0,0,0.0019,0,0,1,0,0,0,0,0,1,0
87,19,13,4,3,0,0,0,1,13,0.152,2,1,0,0,0,0,3,1,1,1
19,15,0,1,0,0,0,0,0,0,0.0152,1,0,1,0,0,0,0,0,2,0
81,14,16,1,3,0,0,1,0,11,0.1386,2,0,1,0,0,0,1,1,3,1
90,30,37,2,2,0,1,0,3,0,0.0,1,1,0,0,1,0,4,0,1,1
29,19,27,4,0,0,0,1,0,6,0.2041,0,0,1,0,0,0,4,0,1,1
8,14,0,1,0,0,0,0,1,0,0.0,0,0,1,0,0,0,0,0,0,0
14,11,6,2,0,0,0,0,0,1,0.0747,1,0,1,0,0,0,0,0,1,0
72,30,53,4,4,0,1,0,1,6,0.085,1,0,1,1,0,0,2,1,0,1
85,35,48,7,1,0,0,1,2,11,0.1293,1,0,1,0,1,0,1,0,1,1
27,6,1,1,1,0,0,0,1,2,0.066,1,0,1,0,0,0,0,0,3,0
71,19,40,4,3,0,1,1,0,14,0.1958,4,0,0,0,0,0,3,0,2,1
11,5,0,2,1,0,0,0,0,0,0.0,2,0,1,0,0,0,0,0,0,0
87,32,7,2,0,0,1,0,3,9,0.1054,1,0,0,0,0,0,2,1,4,1
48,22,35,4,2,0,1,0,0,5,0.1045,1,0,1,0,0,0,2,1,1,1
27,33,1,3,3,1,0,1,2,7,0.2569,1,0,0,0,0,0,1,0,1,1
43,18,6,2,1,0,0,0,0,1,0.0295,0,0,1,1,0,0,0,0,0,0
62,12,54,3,0,0,0,0,0,11,0.174,3,0,1,0,0,0,2,0,0,1
76,19,14,3,2,0,1,0,3,15,0.1926,1,0,0,0,0,0,1,1,2,1
56,16,49,1,4,0,0,0,1,13,0.2359,2,0,0,0,0,0,0,0,2,1
125,31,0,2,3,0,0,0,1,17,0.1342,1,0,0,0,0,0,0,0,1,1
36,20,13,1,0,0,0,0,1,2,0.0486,1,0,1,0,0,0,0,0,0,0
27,8,19,1,0,0,0,0,0,1,0.0394,0,0,1,0,0,0,0,0,2,0
39,9,6,1,0,0,0,0,0,0,0.0,2,0,1,0,0,0,0,0,0,0
42,11,11,2,0,0,0,0,1,0,0.0,0,0,1,0,0,0,0,0,3,0
41,15,0,2,3,0,0,0,1,0,0.0,0,0,1,0,0,0,0,0,0,0
42,25,44,1,1,0,1,0,3,0,0.003,2,0,1,0,0,0,2,1,1,1
30,19,0,2,0,0,0,0,0,1,0.0269,0,0,1,0,0,0,0,1,1,0
26,22,8,2,0,0,0,0,0,1,0.0206,1,0,1,0,0,0,0,0,0,0
63,22,26,5,2,0,0,0,2,4,0.059,1,1,1,0,0,0,3,1,1,1
38,19,25,3,1,0,0,0,0,4,0.0985,0,0,1,0,0,0,1,0,0,0
59,12,38,3,1,0,1,1,0,3,0.0496,3,0,1,0,0,0,3,0,1,1
48,12,33,3,1,0,1,0,0,11,0.2246,1,0,1,0,0,0,3,0,2,1
25,13,14,2,0,0,0,0,0,0,0.0114,0,0,0,0,0,0,0,0,2,0
92,34,25,3,0,0,1,1,1,7,0.0705,1,0,1,1,0,1,2,1,3,1
42,14,17,2,0,0,0,0,0,0,0.0021,0,0,1,0,0,0,0,1,2,0
80,23,41,2,6,0,0,0,0,8,0.1045,0,1,0,0,0,0,1,0,4,1
12,17,9,1,0,0,0,0,0,0,0.0,2,0,0,0,0,0,0,0,1,0
88,32,27,3,4,0,4,0,2,4,0.0432,1,0,0,0,0,1,1,0,3,1
78,27,19,6,4,0,0,2,1,12,0.1595,2,1,0,0,1,0,1,0,2,1
39,15,1,2,0,0,0,0,0,1,0.0292,0,0,1,0,0,0,0,0,2,0
37,18,5,2,3,0,0,0,0,2,0.0647,0,0,1,0,0,0,0,0,1,0
59,23,4,1,0,0,0,1,0,0,0.0,0,0,1,0,0,0,0,0,3,0
56,23,34,2,0,0,0,0,2,9,0.1632,0,0,1,0,0,0,1,0,0,1
28,16,16,2,0,0,0,0,0,0,0.0121,1,0,1,0,0,0,0,0,0,0
29,13,24,2,0,0,0,0,0,2,0.0527,1,0,1,0,0,0,0,0,1,0
32,8,18,2,0,0,0,0,0,0,0.0091,0,0,1,0,0,0,0,0,2,0
45,17,10,2,1,0,0,0,1,0,0.0014,0,0,1,0,1,0,0,0,1,0
91,15,44,3,3,0,0,0,1,17,0.1866,1,0,0,0,0,1,3,1,4,1
77,38,32,2,5,0,0,0,0,19,0.2415,0,0,0,0,0,0,3,1,0,1
13,14,11,2,0,0,0,1,0,0,0.0,1,0,1,0,0,0,0,0,0,0
36,43,36,2,5,0,1,0,3,2,0.0629,2,1,0,0,0,0,5,0,2,1
45,11,5,2,2,0,0,0,2,2,0.0439,0,0,1,0,0,0,1,0,0,0
18,16,2,2,0,0,0,0,1,0,0.0175,1,0,1,0,0,0,0,0,1,0
48,5,1,1,0,0,0,0,0,0,0.0,1,0,1,0,0,0,0,0,1,0
23,19,10,1,0,0,0,0,1,0,0.0,0,0,1,0,0,0,0,0,1,0
149,25,31,1,4,0,1,0,0,26,0.1729,2,0,0,0,0,0,2,0,1,1
90,1,37,1,1,0,2,2,1,10,0.1071,0,0,1,0,0,0,2,0,3,1
10,17,10,3,0,0,0,0,0,0,0.0216,1,0,1,0,0,0,1,0,0,0
30,22,3,1,0,0,0,0,0,0,0.0062,0,0,1,0,0,0,0,0,0,0
102,26,7,7,0,0,0,0,1,23,0.2232,2,0,0,0,0,0,3,1,1,1
22,14,10,2,0,0,0,0,0,0,0.0,0,0,1,0,0,0,1,0,0,0
93,32,32,5,7,0,1,2,0,10,0.1058,1,0,1,0,0,0,1,0,2,1
56,25,55,5,2,0,1,0,0,4,0.0665,0,0,0,0,0,1,1,0,2,1
44,18,6,3,0,0,0,0,0,1,0.0151,1,0,1,0,0,0,0,0,0,0
29,15,7,2,0,0,0,0,0,1,0.0348,0,0,1,0,0,0,0,0,0,0
36,6,8,2,0,0,0,0,0,0,0.0133,1,0,1,0,1,0,0,0,0,0
65,37,9,1,3,0,1,3,1,7,0.1041,0,0,0,0,0,0,2,0,5,1
67,20,63,1,5,0,0,0,1,14,0.2063,2,1,1,0,0,0,1,0,0,1
22,23,0,3,0,0,1,0,0,0,0.0156,0,0,1,0,0,0,0,0,2,0
110,30,39,3,3,0,1,1,0,17,0.1566,0,1,0,0,0,0,1,0,2,1
33,21,2,2,1,0,0,0,0,0,0.0,1,0,1,0,0,0,0,1,1,0
34,28,9,2,0,0,0,0,0,1,0.0425,1,0,1,0,0,0,0,0,1,0
53,28,28,0,1,0,3,0,2,14,0.2596,1,0,1,0,0,0,2,0,0,1
31,25,0,1,0,0,0,1,0,0,0.0,0,0,1,0,0,0,0,0,1,0
81,29,65,1,4,0,0,4,2,12,0.1493,5,1,0,0,0,0,1,0,0,1
39,11,21,0,0,0,0,1,0,2,0.045,0,0,1,0,0,0,0,0,2,0
60,23,30,7,2,0,1,0,0,3,0.056,1,1,1,0,1,0,1,1,4,1
28,27,0,1,1,0,0,0,0,1,0.0312,0,0,1,0,0,0,0,0,1,0
32,15,17,2,0,0,0,0,0,0,0.0032,1,0,0,0,0,1,0,0,0,0
30,6,9,2,0,0,1,0,0,1,0.0235,0,0,1,0,0,0,0,0,1,0
94,23,39,3,1,0,2,0,1,6,0.0671,1,1,0,0,0,0,2,1,0,1
73,24,54,4,1,0,0,0,0,9,0.13,4,0,0,0,0,1,1,1,1,1
24,17,15,2,1,0,0,0,1,1,0.0352,0,0,1,0,0,0,0,0,1,0
59,23,0,3,4,0,1,0,0,9,0.1499,0,0,1,0,0,0,1,0,2,1
54,14,0,2,0,0,1,0,0,3,0.0513,1,0,1,0,0,0,1,0,2,0
62,23,20,3,3,0,0,1,3,9,0.1419,1,0,1,1,0,0,2,0,2,1
126,26,47,2,2,0,0,0,0,7,0.0546,2,0,1,0,0,0,3,0,0,1
39,13,0,1,0,0,0,0,0,2,0.0548,1,0,1,0,0,0,0,0,2,0
27,15,0,1,0,0,0,0,0,0,0.0134,0,0,1,0,0,0,0,0,0,0
28,24,1,2,0,0,0,0,0,0,0.0,0,0,1,0,0,0,0,0,2,0
5,10,5,3,0,0,0,0,0,0,0.0555,0,0,1,0,0,0,0,0,0,0
26,8,13,1,0,0,0,0,0,0,0.0153,0,0,1,0,0,0,0,0,1,0
31,2,28,3,1,0,0,0,0,1,0.0225,2,0,1,0,0,0,0,0,2,0
15,9,21,1,0,0,0,0,0,0,0.0,1,0,0,0,0,0,1,0,1,0
103,25,8,3,1,0,0,0,0,17,0.167,3,0,0,0,0,0,3,0,5,1
27,15,21,2,0,0,0,0,0,0,0.0113,0,0,1,0,0,0,0,0,1,0
48,9,11,2,1,0,0,0,0,0,0.0045,0,0,1,0,0,0,0,0,1,0
20,16,2,2,1,0,0,0,1,1,0.0335,1,0,1,0,0,1,0,0,0,0
51,8,9,2,3,0,0,0,0,0,0.0,1,0,1,0,0,0,0,0,1,0
30,17,2,2,0,0,1,0,0,0,0.0101,1,0,1,0,0,0,0,0,1,0
24,14,21,2,0,0,0,1,0,0,0.0181,0,0,1,0,0,0,0,0,1,0
68,22,33,0,5,0,0,0,2,13,0.1916,1,0,1,0,0,1,1,1,3,1
25,18,24,3,0,0,0,0,1,0,0.0,1,0,1,0,0,0,1,0,1,0
80,16,0,3,0,0,0,0,2,3,0.0429,2,1,0,0,0,0,5,1,2,1
74,41,12,5,3,0,3,0,1,7,0.0919,0,0,0,0,0,0,3,0,3,1
46,27,7,2,5,0,2,1,0,5,0.099,0,0,0,0,0,1,2,1,2,1
22,12,27,2,0,0,0,0,0,0,0.019,0,0,1,0,0,0,0,0,0,0
31,7,21,2,0,0,0,0,0,1,0.0176,0,0,1,0,0,0,0,0,2,0
33,12,12,2,0,0,0,0,0,1,0.0349,1,0,1,0,0,0,0,0,0,0
117,39,27,3,2,0,0,0,1,5,0.0418,1,1,1,0,0,0,2,1,0,1
115,21,27,3,2,1,4,1,0,25,0.2209,0,0,0,0,0,0,4,0,2,1
44,24,16,2,1,0,1,0,1,5,0.1214,2,1,0,0,0,1,0,0,0,1
28,25,14,3,2,0,0,0,0,1,0.0213,0,0,1,0,0,0,0,0,0,0
65,22,53,3,1,0,0,0,0,9,0.1433,4,1,1,0,1,0,3,0,4,1
65,24,32,3,1,0,0,0,1,9,0.1344,2,1,1,0,0,1,1,1,2,1
24,21,7,1,1,0,0,1,1,4,0.1761,1,0,0,0,0,0,4,0,1,1
36,8,36,1,0,0,0,0,1,1,0.0172,0,0,1,0,0,0,0,0,0,0
67,23,36,4,1,0,0,1,0,11,0.1694,1,0,0,0,0,0,3,1,1,1
49,17,5,2,0,0,0,0,1,0,0.0,0,0,1,0,0,0,0,0,1,0
36,17,1,2,0,0,0,0,0,0,0.0,2,0,1,0,0,0,0,0,1,0
29,11,0,2,1,0,0,0,0,0,0.0,0,0,1,0,0,0,1,0,1,0
29,17,11,1,0,0,0,0,1,1,0.041,1,0,1,0,0,0,0,0,1,0
81,11,4,2,1,0,1,0,1,11,0.1347,1,0,1,0,0,0,1,0,2,1
12,16,9,1,0,0,0,0,0,1,0.0737,1,0,1,0,0,0,0,0,0,0
22,17,15,1,1,0,0,0,1,0,0.0,2,0,1,0,0,0,0,0,0,0
42,19,16,2,2,0,0,0,0,1,0.0323,2,0,1,0,0,0,0,0,3,0
29,15,4,3,0,0,0,0,1,0,0.0,0,0,0,0,0,0,0,0,1,0
59,19,13,1,0,0,1,0,2,2,0.0326,0,0,1,0,0,0,0,0,1,0
97,26,0,5,1,0,0,0,0,35,0.3608,1,0,1,0,0,0,1,0,3,1
134,43,51,2,3,0,0,1,2,7,0.051,2,0,0,0,0,0,2,1,1,1
95,17,30,5,2,0,0,0,2,13,0.1405,0,0,0,0,0,0,0,0,1,1
73,12,38,5,1,0,0,1,0,17,0.2343,0,0,0,0,1,0,0,1,1,1
29,18,0,1,0,0,0,0,0,1,0.0371,1,0,1,0,0,0,1,0,2,0
113,34,26,5,2,1,1,0,2,2,0.018,2,0,0,0,0,0,0,1,2,1
34,8,15,3,0,0,0,0,1,2,0.0558,0,0,1,0,0,0,0,1,0,0
66,11,36,5,3,0,0,0,3,7,0.1014,1,0,1,0,1,0,5,0,3,1
96,34,27,3,4,0,0,0,1,18,0.1908,0,1,1,0,0,0,0,0,2,1
93,28,36,2,3,0,0,0,1,6,0.0671,0,0,0,0,0,0,0,0,3,1
30,24,16,1,0,0,2,0,1,2,0.0627,0,0,1,0,0,0,1,0,1,1
74,27,26,3,1,0,0,0,0,13,0.1742,0,0,0,0,0,1,0,1,5,1
21,17,11,3,0,0,0,1,1,0,0.0203,0,0,1,0,1,0,1,0,2,0
89,20,10,3,4,0,1,1,0,5,0.0578,1,0,1,0,0,0,2,0,1,1
42,14,4,1,3,0,0,0,0,5,0.116,1,0,1,0,0,0,0,0,1,0
37,10,13,3,0,0,0,0,0,0,0.0,1,0,0,0,0,1,0,0,1,0
75,12,34,4,4,0,1,2,1,19,0.2525,0,0,0,0,0,1,2,1,2,1
35,12,0,3,1,0,0,0,1,1,0.0286,1,0,1,0,0,0,0,0,1,0
93,10,18,3,2,0,0,1,1,21,0.2242,2,0,1,0,0,0,0,1,6,1
44,13,29,2,0,0,0,0,1,2,0.0471,0,0,1,0,0,0,0,0,0,0
26,16,12,2,0,0,1,0,0,1,0.0421,0,0,1,0,0,0,0,0,2,0
24,20,11,3,0,0,0,0,0,0,0.0007,1,0,1,0,0,0,0,0,2,0
89,21,42,2,2,0,0,0,1,10,0.107,0,0,0,0,0,0,0,1,2,1
19,22,15,2,1,0,0,0,0,0,0.0,0,0,1,0,0,0,0,1,2,0
92,23,53,5,4,0,0,1,0,11,0.1194,3,0,0,0,0,1,3,0,1,1
104,11,22,2,4,1,2,1,1,33,0.3224,5,0,1,0,0,0,3,0,1,1
36,12,17,1,1,0,0,0,0,0,0.0,0,0,0,0,0,0,0,0,0,0
45,15,6,1,1,0,0,0,0,3,0.0636,1,0,1,0,0,0,0,0,0,0
50,12,29,4,2,0,0,0,1,6,0.1224,1,0,0,0,0,0,0,1,0,1
60,18,36,2,1,0,1,0,1,0,0.0,1,0,1,0,1,0,2,1,4,1
30,17,0,2,0,0,0,1,2,1,0.0333,0,0,1,0,0,0,1,0,0,0
50,22,8,2,0,0,0,0,0,2,0.0315,1,0,1,0,0,0,0,0,0,0
15,21,10,2,1,0,0,0,0,1,0.0465,0,0,1,0,0,0,0,0,1,0
29,15,4,2,0,0,1,0,1,0,0.0057,0,0,1,0,0,0,0,0,1,0
102,21,35,0,1,0,1,1,2,21,0.2097,1,0,0,0,0,0,2,0,2,1
23,13,2,2,0,0,0,0,1,0,0.0103,1,0,1,0,0,0,0,1,2,0
